image_id,base_id,template_id,form_factor,dpr,theme,variant,format,quality,downscale,width,height,bytes,bpp,source,engine_id,status,bow_f1,detection,n_pred_kept,dropped_empty,dropped_ignore,total_s,input_file_sha256_ok,input_pixel_sha256_ok
d01-dashboard_dpr1_dark_V00,d01-dashboard_dpr1_dark,d01-dashboard,desktop,1,dark,V00,png,,1.0,1280,800,73416,0.573562,chromium,doctr,ok,0.9137931034482759,"{""0.3"": {""matched"": 45, ""n_gt"": 63, ""n_pred"": 50}, ""0.5"": {""matched"": 31, ""n_gt"": 63, ""n_pred"": 50}, ""0.7"": {""matched"": 9, ""n_gt"": 63, ""n_pred"": 50}}",50,0,0,12.384272753999994,True,True
d01-dashboard_dpr1_dark_V02,d01-dashboard_dpr1_dark,d01-dashboard,desktop,1,dark,V02,jpeg,95,1.0,1280,800,120706,0.943016,chromium,doctr,ok,0.9224137931034483,"{""0.3"": {""matched"": 45, ""n_gt"": 63, ""n_pred"": 50}, ""0.5"": {""matched"": 31, ""n_gt"": 63, ""n_pred"": 50}, ""0.7"": {""matched"": 9, ""n_gt"": 63, ""n_pred"": 50}}",50,0,0,14.11225068900012,True,True
d01-dashboard_dpr1_dark_V03,d01-dashboard_dpr1_dark,d01-dashboard,desktop,1,dark,V03,jpeg,85,1.0,1280,800,79053,0.617602,chromium,doctr,ok,0.9217391304347826,"{""0.3"": {""matched"": 45, ""n_gt"": 63, ""n_pred"": 50}, ""0.5"": {""matched"": 31, ""n_gt"": 63, ""n_pred"": 50}, ""0.7"": {""matched"": 11, ""n_gt"": 63, ""n_pred"": 50}}",50,0,0,17.14110896000011,True,True
d01-dashboard_dpr1_dark_V04,d01-dashboard_dpr1_dark,d01-dashboard,desktop,1,dark,V04,jpeg,75,1.0,1280,800,64255,0.501992,chromium,doctr,ok,0.8782608695652175,"{""0.3"": {""matched"": 45, ""n_gt"": 63, ""n_pred"": 50}, ""0.5"": {""matched"": 32, ""n_gt"": 63, ""n_pred"": 50}, ""0.7"": {""matched"": 8, ""n_gt"": 63, ""n_pred"": 50}}",50,0,0,17.963173204999748,True,True
d01-dashboard_dpr1_dark_V05,d01-dashboard_dpr1_dark,d01-dashboard,desktop,1,dark,V05,jpeg,60,1.0,1280,800,53000,0.414062,chromium,doctr,ok,0.8434782608695653,"{""0.3"": {""matched"": 45, ""n_gt"": 63, ""n_pred"": 51}, ""0.5"": {""matched"": 32, ""n_gt"": 63, ""n_pred"": 51}, ""0.7"": {""matched"": 10, ""n_gt"": 63, ""n_pred"": 51}}",51,0,0,18.756472347,True,True
d01-dashboard_dpr1_dark_V06,d01-dashboard_dpr1_dark,d01-dashboard,desktop,1,dark,V06,jpeg,85,1.0,1280,800,111149,0.868352,chromium,doctr,ok,0.8956521739130435,"{""0.3"": {""matched"": 45, ""n_gt"": 63, ""n_pred"": 50}, ""0.5"": {""matched"": 31, ""n_gt"": 63, ""n_pred"": 50}, ""0.7"": {""matched"": 9, ""n_gt"": 63, ""n_pred"": 50}}",50,0,0,15.82140854399995,True,True
d01-dashboard_dpr1_dark_V07,d01-dashboard_dpr1_dark,d01-dashboard,desktop,1,dark,V07,webp,90,1.0,1280,800,46776,0.365438,chromium,doctr,ok,0.9004329004329004,"{""0.3"": {""matched"": 45, ""n_gt"": 63, ""n_pred"": 50}, ""0.5"": {""matched"": 31, ""n_gt"": 63, ""n_pred"": 50}, ""0.7"": {""matched"": 9, ""n_gt"": 63, ""n_pred"": 50}}",50,0,0,14.054617244000383,True,True
d01-dashboard_dpr1_dark_V08,d01-dashboard_dpr1_dark,d01-dashboard,desktop,1,dark,V08,webp,75,1.0,1280,800,30498,0.238266,chromium,doctr,ok,0.939655172413793,"{""0.3"": {""matched"": 45, ""n_gt"": 63, ""n_pred"": 50}, ""0.5"": {""matched"": 30, ""n_gt"": 63, ""n_pred"": 50}, ""0.7"": {""matched"": 9, ""n_gt"": 63, ""n_pred"": 50}}",50,0,0,14.006660525999905,True,True
d01-dashboard_dpr1_dark_V09,d01-dashboard_dpr1_dark,d01-dashboard,desktop,1,dark,V09,webp,50,1.0,1280,800,25222,0.197047,chromium,doctr,ok,0.9130434782608695,"{""0.3"": {""matched"": 45, ""n_gt"": 63, ""n_pred"": 49}, ""0.5"": {""matched"": 30, ""n_gt"": 63, ""n_pred"": 49}, ""0.7"": {""matched"": 8, ""n_gt"": 63, ""n_pred"": 49}}",49,0,0,16.89175246800005,True,True
d01-dashboard_dpr1_dark_V10,d01-dashboard_dpr1_dark,d01-dashboard,desktop,1,dark,V10,avif,80,1.0,1280,800,31095,0.24293,chromium,doctr,ok,0.9310344827586208,"{""0.3"": {""matched"": 45, ""n_gt"": 63, ""n_pred"": 50}, ""0.5"": {""matched"": 31, ""n_gt"": 63, ""n_pred"": 50}, ""0.7"": {""matched"": 10, ""n_gt"": 63, ""n_pred"": 50}}",50,0,0,16.6816108349999,True,True
d01-dashboard_dpr1_dark_V11,d01-dashboard_dpr1_dark,d01-dashboard,desktop,1,dark,V11,avif,60,1.0,1280,800,22099,0.172648,chromium,doctr,ok,0.9090909090909092,"{""0.3"": {""matched"": 45, ""n_gt"": 63, ""n_pred"": 50}, ""0.5"": {""matched"": 31, ""n_gt"": 63, ""n_pred"": 50}, ""0.7"": {""matched"": 10, ""n_gt"": 63, ""n_pred"": 50}}",50,0,0,14.727246823999849,True,True
d01-dashboard_dpr1_dark_V12,d01-dashboard_dpr1_dark,d01-dashboard,desktop,1,dark,V12,png,,0.5,640,400,66396,2.074875,chromium,doctr,ok,0.5938864628820961,"{""0.3"": {""matched"": 45, ""n_gt"": 63, ""n_pred"": 49}, ""0.5"": {""matched"": 35, ""n_gt"": 63, ""n_pred"": 49}, ""0.7"": {""matched"": 20, ""n_gt"": 63, ""n_pred"": 49}}",49,0,0,16.524263621000046,True,True
d01-dashboard_dpr1_dark_V13,d01-dashboard_dpr1_dark,d01-dashboard,desktop,1,dark,V13,jpeg,75,0.5,640,400,21378,0.668063,chromium,doctr,ok,0.3891402714932127,"{""0.3"": {""matched"": 45, ""n_gt"": 63, ""n_pred"": 48}, ""0.5"": {""matched"": 35, ""n_gt"": 63, ""n_pred"": 48}, ""0.7"": {""matched"": 23, ""n_gt"": 63, ""n_pred"": 48}}",48,0,0,20.15839742199978,True,True
d01-dashboard_dpr1_light_V00,d01-dashboard_dpr1_light,d01-dashboard,desktop,1,light,V00,png,,1.0,1280,800,72672,0.56775,chromium,doctr,ok,0.9527896995708155,"{""0.3"": {""matched"": 45, ""n_gt"": 63, ""n_pred"": 49}, ""0.5"": {""matched"": 31, ""n_gt"": 63, ""n_pred"": 49}, ""0.7"": {""matched"": 12, ""n_gt"": 63, ""n_pred"": 49}}",49,0,0,27.104875254000035,True,True
d01-dashboard_dpr1_light_V02,d01-dashboard_dpr1_light,d01-dashboard,desktop,1,light,V02,jpeg,95,1.0,1280,800,124624,0.973625,chromium,doctr,ok,0.9527896995708155,"{""0.3"": {""matched"": 45, ""n_gt"": 63, ""n_pred"": 49}, ""0.5"": {""matched"": 31, ""n_gt"": 63, ""n_pred"": 49}, ""0.7"": {""matched"": 10, ""n_gt"": 63, ""n_pred"": 49}}",49,0,0,16.835857551000117,True,True
d01-dashboard_dpr1_light_V03,d01-dashboard_dpr1_light,d01-dashboard,desktop,1,light,V03,jpeg,85,1.0,1280,800,81700,0.638281,chromium,doctr,ok,0.9527896995708155,"{""0.3"": {""matched"": 45, ""n_gt"": 63, ""n_pred"": 49}, ""0.5"": {""matched"": 31, ""n_gt"": 63, ""n_pred"": 49}, ""0.7"": {""matched"": 9, ""n_gt"": 63, ""n_pred"": 49}}",49,0,0,16.990611223999622,True,True
d01-dashboard_dpr1_light_V04,d01-dashboard_dpr1_light,d01-dashboard,desktop,1,light,V04,jpeg,75,1.0,1280,800,66482,0.519391,chromium,doctr,ok,0.9527896995708155,"{""0.3"": {""matched"": 45, ""n_gt"": 63, ""n_pred"": 49}, ""0.5"": {""matched"": 31, ""n_gt"": 63, ""n_pred"": 49}, ""0.7"": {""matched"": 11, ""n_gt"": 63, ""n_pred"": 49}}",49,0,0,19.699742629999946,True,True
d01-dashboard_dpr1_light_V05,d01-dashboard_dpr1_light,d01-dashboard,desktop,1,light,V05,jpeg,60,1.0,1280,800,55460,0.433281,chromium,doctr,ok,0.9310344827586208,"{""0.3"": {""matched"": 45, ""n_gt"": 63, ""n_pred"": 48}, ""0.5"": {""matched"": 31, ""n_gt"": 63, ""n_pred"": 48}, ""0.7"": {""matched"": 10, ""n_gt"": 63, ""n_pred"": 48}}",48,0,0,16.412407287000406,True,True
d01-dashboard_dpr1_light_V06,d01-dashboard_dpr1_light,d01-dashboard,desktop,1,light,V06,jpeg,85,1.0,1280,800,116916,0.913406,chromium,doctr,ok,0.9527896995708155,"{""0.3"": {""matched"": 45, ""n_gt"": 63, ""n_pred"": 49}, ""0.5"": {""matched"": 30, ""n_gt"": 63, ""n_pred"": 49}, ""0.7"": {""matched"": 9, ""n_gt"": 63, ""n_pred"": 49}}",49,0,0,20.102972855999724,True,True
d01-dashboard_dpr1_light_V07,d01-dashboard_dpr1_light,d01-dashboard,desktop,1,light,V07,webp,90,1.0,1280,800,48016,0.375125,chromium,doctr,ok,0.9527896995708155,"{""0.3"": {""matched"": 45, ""n_gt"": 63, ""n_pred"": 49}, ""0.5"": {""matched"": 31, ""n_gt"": 63, ""n_pred"": 49}, ""0.7"": {""matched"": 10, ""n_gt"": 63, ""n_pred"": 49}}",49,0,0,17.256042480999895,True,True
d01-dashboard_dpr1_light_V08,d01-dashboard_dpr1_light,d01-dashboard,desktop,1,light,V08,webp,75,1.0,1280,800,31934,0.249484,chromium,doctr,ok,0.9527896995708155,"{""0.3"": {""matched"": 45, ""n_gt"": 63, ""n_pred"": 49}, ""0.5"": {""matched"": 31, ""n_gt"": 63, ""n_pred"": 49}, ""0.7"": {""matched"": 10, ""n_gt"": 63, ""n_pred"": 49}}",49,0,0,20.475836616999914,True,True
d01-dashboard_dpr1_light_V09,d01-dashboard_dpr1_light,d01-dashboard,desktop,1,light,V09,webp,50,1.0,1280,800,26486,0.206922,chromium,doctr,ok,0.9527896995708155,"{""0.3"": {""matched"": 45, ""n_gt"": 63, ""n_pred"": 49}, ""0.5"": {""matched"": 31, ""n_gt"": 63, ""n_pred"": 49}, ""0.7"": {""matched"": 10, ""n_gt"": 63, ""n_pred"": 49}}",49,0,0,16.085372214000017,True,True
d01-dashboard_dpr1_light_V10,d01-dashboard_dpr1_light,d01-dashboard,desktop,1,light,V10,avif,80,1.0,1280,800,32413,0.253227,chromium,doctr,ok,0.9527896995708155,"{""0.3"": {""matched"": 45, ""n_gt"": 63, ""n_pred"": 49}, ""0.5"": {""matched"": 31, ""n_gt"": 63, ""n_pred"": 49}, ""0.7"": {""matched"": 10, ""n_gt"": 63, ""n_pred"": 49}}",49,0,0,15.523454921999928,True,True
d01-dashboard_dpr1_light_V11,d01-dashboard_dpr1_light,d01-dashboard,desktop,1,light,V11,avif,60,1.0,1280,800,22808,0.178187,chromium,doctr,ok,0.9527896995708155,"{""0.3"": {""matched"": 45, ""n_gt"": 63, ""n_pred"": 49}, ""0.5"": {""matched"": 31, ""n_gt"": 63, ""n_pred"": 49}, ""0.7"": {""matched"": 10, ""n_gt"": 63, ""n_pred"": 49}}",49,0,0,2.278168709000056,True,True
d01-dashboard_dpr1_light_V12,d01-dashboard_dpr1_light,d01-dashboard,desktop,1,light,V12,png,,0.5,640,400,59482,1.858812,chromium,doctr,ok,0.7074235807860262,"{""0.3"": {""matched"": 47, ""n_gt"": 63, ""n_pred"": 49}, ""0.5"": {""matched"": 35, ""n_gt"": 63, ""n_pred"": 49}, ""0.7"": {""matched"": 17, ""n_gt"": 63, ""n_pred"": 49}}",49,0,0,2.146780040000067,True,True
d01-dashboard_dpr1_light_V13,d01-dashboard_dpr1_light,d01-dashboard,desktop,1,light,V13,jpeg,75,0.5,640,400,21672,0.67725,chromium,doctr,ok,0.5982142857142857,"{""0.3"": {""matched"": 46, ""n_gt"": 63, ""n_pred"": 48}, ""0.5"": {""matched"": 34, ""n_gt"": 63, ""n_pred"": 48}, ""0.7"": {""matched"": 15, ""n_gt"": 63, ""n_pred"": 48}}",48,0,0,2.0952363879996483,True,True
d01-dashboard_dpr1p5_dark_V00,d01-dashboard_dpr1p5_dark,d01-dashboard,desktop,1.5,dark,V00,png,,1.0,1920,1200,124895,0.433663,chromium,doctr,ok,0.9012875536480687,"{""0.3"": {""matched"": 45, ""n_gt"": 63, ""n_pred"": 50}, ""0.5"": {""matched"": 30, ""n_gt"": 63, ""n_pred"": 50}, ""0.7"": {""matched"": 8, ""n_gt"": 63, ""n_pred"": 50}}",50,0,0,2.233040528999936,True,True
d01-dashboard_dpr1p5_dark_V02,d01-dashboard_dpr1p5_dark,d01-dashboard,desktop,1.5,dark,V02,jpeg,95,1.0,1920,1200,217858,0.756451,chromium,doctr,ok,0.9012875536480687,"{""0.3"": {""matched"": 45, ""n_gt"": 63, ""n_pred"": 50}, ""0.5"": {""matched"": 30, ""n_gt"": 63, ""n_pred"": 50}, ""0.7"": {""matched"": 7, ""n_gt"": 63, ""n_pred"": 50}}",50,0,0,2.1833847900002183,True,True
d01-dashboard_dpr1p5_dark_V03,d01-dashboard_dpr1p5_dark,d01-dashboard,desktop,1.5,dark,V03,jpeg,85,1.0,1920,1200,143655,0.498802,chromium,doctr,ok,0.9012875536480687,"{""0.3"": {""matched"": 45, ""n_gt"": 63, ""n_pred"": 50}, ""0.5"": {""matched"": 30, ""n_gt"": 63, ""n_pred"": 50}, ""0.7"": {""matched"": 8, ""n_gt"": 63, ""n_pred"": 50}}",50,0,0,2.222215516000233,True,True
d01-dashboard_dpr1p5_dark_V04,d01-dashboard_dpr1p5_dark,d01-dashboard,desktop,1.5,dark,V04,jpeg,75,1.0,1920,1200,116697,0.405198,chromium,doctr,ok,0.8927038626609441,"{""0.3"": {""matched"": 45, ""n_gt"": 63, ""n_pred"": 50}, ""0.5"": {""matched"": 30, ""n_gt"": 63, ""n_pred"": 50}, ""0.7"": {""matched"": 7, ""n_gt"": 63, ""n_pred"": 50}}",50,0,0,2.2607569980000335,True,True
d01-dashboard_dpr1p5_dark_V05,d01-dashboard_dpr1p5_dark,d01-dashboard,desktop,1.5,dark,V05,jpeg,60,1.0,1920,1200,97432,0.338306,chromium,doctr,ok,0.9012875536480687,"{""0.3"": {""matched"": 45, ""n_gt"": 63, ""n_pred"": 50}, ""0.5"": {""matched"": 30, ""n_gt"": 63, ""n_pred"": 50}, ""0.7"": {""matched"": 7, ""n_gt"": 63, ""n_pred"": 50}}",50,0,0,2.1294743400003426,True,True
d01-dashboard_dpr1p5_dark_V06,d01-dashboard_dpr1p5_dark,d01-dashboard,desktop,1.5,dark,V06,jpeg,85,1.0,1920,1200,202450,0.702951,chromium,doctr,ok,0.8927038626609441,"{""0.3"": {""matched"": 45, ""n_gt"": 63, ""n_pred"": 50}, ""0.5"": {""matched"": 30, ""n_gt"": 63, ""n_pred"": 50}, ""0.7"": {""matched"": 8, ""n_gt"": 63, ""n_pred"": 50}}",50,0,0,2.244044237000253,True,True
d01-dashboard_dpr1p5_dark_V07,d01-dashboard_dpr1p5_dark,d01-dashboard,desktop,1.5,dark,V07,webp,90,1.0,1920,1200,81192,0.281917,chromium,doctr,ok,0.9012875536480687,"{""0.3"": {""matched"": 45, ""n_gt"": 63, ""n_pred"": 50}, ""0.5"": {""matched"": 30, ""n_gt"": 63, ""n_pred"": 50}, ""0.7"": {""matched"": 7, ""n_gt"": 63, ""n_pred"": 50}}",50,0,0,2.214193950000208,True,True
d01-dashboard_dpr1p5_dark_V08,d01-dashboard_dpr1p5_dark,d01-dashboard,desktop,1.5,dark,V08,webp,75,1.0,1920,1200,51534,0.178937,chromium,doctr,ok,0.9191489361702128,"{""0.3"": {""matched"": 45, ""n_gt"": 63, ""n_pred"": 50}, ""0.5"": {""matched"": 30, ""n_gt"": 63, ""n_pred"": 50}, ""0.7"": {""matched"": 7, ""n_gt"": 63, ""n_pred"": 50}}",50,0,0,2.3180027430003065,True,True
d01-dashboard_dpr1p5_dark_V09,d01-dashboard_dpr1p5_dark,d01-dashboard,desktop,1.5,dark,V09,webp,50,1.0,1920,1200,42338,0.147007,chromium,doctr,ok,0.9230769230769231,"{""0.3"": {""matched"": 45, ""n_gt"": 63, ""n_pred"": 50}, ""0.5"": {""matched"": 30, ""n_gt"": 63, ""n_pred"": 50}, ""0.7"": {""matched"": 8, ""n_gt"": 63, ""n_pred"": 50}}",50,0,0,2.0636483969997244,True,True
d01-dashboard_dpr1p5_dark_V10,d01-dashboard_dpr1p5_dark,d01-dashboard,desktop,1.5,dark,V10,avif,80,1.0,1920,1200,56788,0.197181,chromium,doctr,ok,0.9012875536480687,"{""0.3"": {""matched"": 45, ""n_gt"": 63, ""n_pred"": 50}, ""0.5"": {""matched"": 30, ""n_gt"": 63, ""n_pred"": 50}, ""0.7"": {""matched"": 7, ""n_gt"": 63, ""n_pred"": 50}}",50,0,0,2.1381037860001015,True,True
d01-dashboard_dpr1p5_dark_V11,d01-dashboard_dpr1p5_dark,d01-dashboard,desktop,1.5,dark,V11,avif,60,1.0,1920,1200,40260,0.139792,chromium,doctr,ok,0.9145299145299145,"{""0.3"": {""matched"": 45, ""n_gt"": 63, ""n_pred"": 50}, ""0.5"": {""matched"": 30, ""n_gt"": 63, ""n_pred"": 50}, ""0.7"": {""matched"": 8, ""n_gt"": 63, ""n_pred"": 50}}",50,0,0,2.1202954830000635,True,True
d01-dashboard_dpr1p5_dark_V12,d01-dashboard_dpr1p5_dark,d01-dashboard,desktop,1.5,dark,V12,png,,0.5,960,600,112413,1.561292,chromium,doctr,ok,0.8434782608695653,"{""0.3"": {""matched"": 45, ""n_gt"": 63, ""n_pred"": 49}, ""0.5"": {""matched"": 32, ""n_gt"": 63, ""n_pred"": 49}, ""0.7"": {""matched"": 15, ""n_gt"": 63, ""n_pred"": 49}}",49,0,0,2.0482942590001585,True,True
d01-dashboard_dpr1p5_dark_V13,d01-dashboard_dpr1p5_dark,d01-dashboard,desktop,1.5,dark,V13,jpeg,75,0.5,960,600,41052,0.570167,chromium,doctr,ok,0.8281938325991189,"{""0.3"": {""matched"": 45, ""n_gt"": 63, ""n_pred"": 49}, ""0.5"": {""matched"": 31, ""n_gt"": 63, ""n_pred"": 49}, ""0.7"": {""matched"": 13, ""n_gt"": 63, ""n_pred"": 49}}",49,0,0,2.4388792060003652,True,True
d01-dashboard_dpr1p5_light_V00,d01-dashboard_dpr1p5_light,d01-dashboard,desktop,1.5,light,V00,png,,1.0,1920,1200,123904,0.430222,chromium,doctr,ok,0.9191489361702128,"{""0.3"": {""matched"": 45, ""n_gt"": 63, ""n_pred"": 49}, ""0.5"": {""matched"": 30, ""n_gt"": 63, ""n_pred"": 49}, ""0.7"": {""matched"": 8, ""n_gt"": 63, ""n_pred"": 49}}",49,0,0,2.269816657999854,True,True
d01-dashboard_dpr1p5_light_V02,d01-dashboard_dpr1p5_light,d01-dashboard,desktop,1.5,light,V02,jpeg,95,1.0,1920,1200,226374,0.786021,chromium,doctr,ok,0.9316239316239316,"{""0.3"": {""matched"": 61, ""n_gt"": 63, ""n_pred"": 62}, ""0.5"": {""matched"": 47, ""n_gt"": 63, ""n_pred"": 62}, ""0.7"": {""matched"": 8, ""n_gt"": 63, ""n_pred"": 62}}",62,0,0,2.4418443250001474,True,True
d01-dashboard_dpr1p5_light_V03,d01-dashboard_dpr1p5_light,d01-dashboard,desktop,1.5,light,V03,jpeg,85,1.0,1920,1200,150234,0.521646,chromium,doctr,ok,0.944206008583691,"{""0.3"": {""matched"": 45, ""n_gt"": 63, ""n_pred"": 48}, ""0.5"": {""matched"": 30, ""n_gt"": 63, ""n_pred"": 48}, ""0.7"": {""matched"": 8, ""n_gt"": 63, ""n_pred"": 48}}",48,0,0,2.543593692000286,True,True
d01-dashboard_dpr1p5_light_V04,d01-dashboard_dpr1p5_light,d01-dashboard,desktop,1.5,light,V04,jpeg,75,1.0,1920,1200,122072,0.423861,chromium,doctr,ok,0.9270386266094419,"{""0.3"": {""matched"": 45, ""n_gt"": 63, ""n_pred"": 48}, ""0.5"": {""matched"": 30, ""n_gt"": 63, ""n_pred"": 48}, ""0.7"": {""matched"": 7, ""n_gt"": 63, ""n_pred"": 48}}",48,0,0,2.426178655000058,True,True
d01-dashboard_dpr1p5_light_V05,d01-dashboard_dpr1p5_light,d01-dashboard,desktop,1.5,light,V05,jpeg,60,1.0,1920,1200,101932,0.353931,chromium,doctr,ok,0.9401709401709402,"{""0.3"": {""matched"": 45, ""n_gt"": 63, ""n_pred"": 49}, ""0.5"": {""matched"": 30, ""n_gt"": 63, ""n_pred"": 49}, ""0.7"": {""matched"": 6, ""n_gt"": 63, ""n_pred"": 49}}",49,0,0,2.236288912999953,True,True
d01-dashboard_dpr1p5_light_V06,d01-dashboard_dpr1p5_light,d01-dashboard,desktop,1.5,light,V06,jpeg,85,1.0,1920,1200,213071,0.73983,chromium,doctr,ok,0.9316239316239316,"{""0.3"": {""matched"": 45, ""n_gt"": 63, ""n_pred"": 48}, ""0.5"": {""matched"": 30, ""n_gt"": 63, ""n_pred"": 48}, ""0.7"": {""matched"": 8, ""n_gt"": 63, ""n_pred"": 48}}",48,0,0,2.226028889999725,True,True
d01-dashboard_dpr1p5_light_V07,d01-dashboard_dpr1p5_light,d01-dashboard,desktop,1.5,light,V07,webp,90,1.0,1920,1200,83020,0.288264,chromium,doctr,ok,0.9191489361702128,"{""0.3"": {""matched"": 45, ""n_gt"": 63, ""n_pred"": 49}, ""0.5"": {""matched"": 30, ""n_gt"": 63, ""n_pred"": 49}, ""0.7"": {""matched"": 7, ""n_gt"": 63, ""n_pred"": 49}}",49,0,0,2.2930572479999682,True,True
d01-dashboard_dpr1p5_light_V08,d01-dashboard_dpr1p5_light,d01-dashboard,desktop,1.5,light,V08,webp,75,1.0,1920,1200,54068,0.187736,chromium,doctr,ok,0.9401709401709402,"{""0.3"": {""matched"": 45, ""n_gt"": 63, ""n_pred"": 48}, ""0.5"": {""matched"": 30, ""n_gt"": 63, ""n_pred"": 48}, ""0.7"": {""matched"": 8, ""n_gt"": 63, ""n_pred"": 48}}",48,0,0,2.3257521410000663,True,True
d01-dashboard_dpr1p5_light_V09,d01-dashboard_dpr1p5_light,d01-dashboard,desktop,1.5,light,V09,webp,50,1.0,1920,1200,44676,0.155125,chromium,doctr,ok,0.9230769230769231,"{""0.3"": {""matched"": 45, ""n_gt"": 63, ""n_pred"": 48}, ""0.5"": {""matched"": 30, ""n_gt"": 63, ""n_pred"": 48}, ""0.7"": {""matched"": 7, ""n_gt"": 63, ""n_pred"": 48}}",48,0,0,2.0737877749998006,True,True
d01-dashboard_dpr1p5_light_V10,d01-dashboard_dpr1p5_light,d01-dashboard,desktop,1.5,light,V10,avif,80,1.0,1920,1200,59819,0.207705,chromium,doctr,ok,0.9191489361702128,"{""0.3"": {""matched"": 45, ""n_gt"": 63, ""n_pred"": 49}, ""0.5"": {""matched"": 30, ""n_gt"": 63, ""n_pred"": 49}, ""0.7"": {""matched"": 7, ""n_gt"": 63, ""n_pred"": 49}}",49,0,0,2.4095870050000485,True,True
d01-dashboard_dpr1p5_light_V11,d01-dashboard_dpr1p5_light,d01-dashboard,desktop,1.5,light,V11,avif,60,1.0,1920,1200,41647,0.144608,chromium,doctr,ok,0.9230769230769231,"{""0.3"": {""matched"": 61, ""n_gt"": 63, ""n_pred"": 62}, ""0.5"": {""matched"": 48, ""n_gt"": 63, ""n_pred"": 62}, ""0.7"": {""matched"": 7, ""n_gt"": 63, ""n_pred"": 62}}",62,0,0,2.18860057899974,True,True
d01-dashboard_dpr1p5_light_V12,d01-dashboard_dpr1p5_light,d01-dashboard,desktop,1.5,light,V12,png,,0.5,960,600,102671,1.425986,chromium,doctr,ok,0.939655172413793,"{""0.3"": {""matched"": 46, ""n_gt"": 63, ""n_pred"": 49}, ""0.5"": {""matched"": 32, ""n_gt"": 63, ""n_pred"": 49}, ""0.7"": {""matched"": 12, ""n_gt"": 63, ""n_pred"": 49}}",49,0,0,2.1676982959997986,True,True
d01-dashboard_dpr1p5_light_V13,d01-dashboard_dpr1p5_light,d01-dashboard,desktop,1.5,light,V13,jpeg,75,0.5,960,600,42869,0.595403,chromium,doctr,ok,0.8695652173913043,"{""0.3"": {""matched"": 46, ""n_gt"": 63, ""n_pred"": 50}, ""0.5"": {""matched"": 31, ""n_gt"": 63, ""n_pred"": 50}, ""0.7"": {""matched"": 10, ""n_gt"": 63, ""n_pred"": 50}}",50,0,0,2.2029057419999845,True,True
d01-dashboard_dpr2_dark_V00,d01-dashboard_dpr2_dark,d01-dashboard,desktop,2,dark,V00,png,,1.0,2560,1600,171364,0.334695,chromium,doctr,ok,0.9568965517241379,"{""0.3"": {""matched"": 44, ""n_gt"": 63, ""n_pred"": 50}, ""0.5"": {""matched"": 28, ""n_gt"": 63, ""n_pred"": 50}, ""0.7"": {""matched"": 7, ""n_gt"": 63, ""n_pred"": 50}}",50,0,0,2.1520287130001634,True,True
d01-dashboard_dpr2_dark_V02,d01-dashboard_dpr2_dark,d01-dashboard,desktop,2,dark,V02,jpeg,95,1.0,2560,1600,313661,0.612619,chromium,doctr,ok,0.9568965517241379,"{""0.3"": {""matched"": 44, ""n_gt"": 63, ""n_pred"": 50}, ""0.5"": {""matched"": 28, ""n_gt"": 63, ""n_pred"": 50}, ""0.7"": {""matched"": 7, ""n_gt"": 63, ""n_pred"": 50}}",50,0,0,2.134077719999823,True,True
d01-dashboard_dpr2_dark_V03,d01-dashboard_dpr2_dark,d01-dashboard,desktop,2,dark,V03,jpeg,85,1.0,2560,1600,213709,0.4174,chromium,doctr,ok,0.9568965517241379,"{""0.3"": {""matched"": 44, ""n_gt"": 63, ""n_pred"": 50}, ""0.5"": {""matched"": 28, ""n_gt"": 63, ""n_pred"": 50}, ""0.7"": {""matched"": 7, ""n_gt"": 63, ""n_pred"": 50}}",50,0,0,2.1056300199998077,True,True
d01-dashboard_dpr2_dark_V04,d01-dashboard_dpr2_dark,d01-dashboard,desktop,2,dark,V04,jpeg,75,1.0,2560,1600,176690,0.345098,chromium,doctr,ok,0.9482758620689655,"{""0.3"": {""matched"": 44, ""n_gt"": 63, ""n_pred"": 50}, ""0.5"": {""matched"": 28, ""n_gt"": 63, ""n_pred"": 50}, ""0.7"": {""matched"": 7, ""n_gt"": 63, ""n_pred"": 50}}",50,0,0,2.1867580319999433,True,True
d01-dashboard_dpr2_dark_V05,d01-dashboard_dpr2_dark,d01-dashboard,desktop,2,dark,V05,jpeg,60,1.0,2560,1600,149578,0.292145,chromium,doctr,ok,0.9568965517241379,"{""0.3"": {""matched"": 44, ""n_gt"": 63, ""n_pred"": 50}, ""0.5"": {""matched"": 28, ""n_gt"": 63, ""n_pred"": 50}, ""0.7"": {""matched"": 7, ""n_gt"": 63, ""n_pred"": 50}}",50,0,0,2.1311043370001244,True,True
d01-dashboard_dpr2_dark_V06,d01-dashboard_dpr2_dark,d01-dashboard,desktop,2,dark,V06,jpeg,85,1.0,2560,1600,301545,0.588955,chromium,doctr,ok,0.9568965517241379,"{""0.3"": {""matched"": 44, ""n_gt"": 63, ""n_pred"": 50}, ""0.5"": {""matched"": 28, ""n_gt"": 63, ""n_pred"": 50}, ""0.7"": {""matched"": 7, ""n_gt"": 63, ""n_pred"": 50}}",50,0,0,2.192209300000286,True,True
d01-dashboard_dpr2_dark_V07,d01-dashboard_dpr2_dark,d01-dashboard,desktop,2,dark,V07,webp,90,1.0,2560,1600,110500,0.21582,chromium,doctr,ok,0.9568965517241379,"{""0.3"": {""matched"": 44, ""n_gt"": 63, ""n_pred"": 50}, ""0.5"": {""matched"": 28, ""n_gt"": 63, ""n_pred"": 50}, ""0.7"": {""matched"": 7, ""n_gt"": 63, ""n_pred"": 50}}",50,0,0,2.1176169710001886,True,True
d01-dashboard_dpr2_dark_V08,d01-dashboard_dpr2_dark,d01-dashboard,desktop,2,dark,V08,webp,75,1.0,2560,1600,70512,0.137719,chromium,doctr,ok,0.9699570815450643,"{""0.3"": {""matched"": 44, ""n_gt"": 63, ""n_pred"": 50}, ""0.5"": {""matched"": 28, ""n_gt"": 63, ""n_pred"": 50}, ""0.7"": {""matched"": 8, ""n_gt"": 63, ""n_pred"": 50}}",50,0,0,2.152448211000319,True,True
d01-dashboard_dpr2_dark_V09,d01-dashboard_dpr2_dark,d01-dashboard,desktop,2,dark,V09,webp,50,1.0,2560,1600,58154,0.113582,chromium,doctr,ok,0.9568965517241379,"{""0.3"": {""matched"": 44, ""n_gt"": 63, ""n_pred"": 50}, ""0.5"": {""matched"": 28, ""n_gt"": 63, ""n_pred"": 50}, ""0.7"": {""matched"": 8, ""n_gt"": 63, ""n_pred"": 50}}",50,0,0,2.166557589000149,True,True
d01-dashboard_dpr2_dark_V10,d01-dashboard_dpr2_dark,d01-dashboard,desktop,2,dark,V10,avif,80,1.0,2560,1600,69922,0.136566,chromium,doctr,ok,0.9568965517241379,"{""0.3"": {""matched"": 44, ""n_gt"": 63, ""n_pred"": 50}, ""0.5"": {""matched"": 28, ""n_gt"": 63, ""n_pred"": 50}, ""0.7"": {""matched"": 7, ""n_gt"": 63, ""n_pred"": 50}}",50,0,0,2.1292702400000962,True,True
d01-dashboard_dpr2_dark_V11,d01-dashboard_dpr2_dark,d01-dashboard,desktop,2,dark,V11,avif,60,1.0,2560,1600,49545,0.096768,chromium,doctr,ok,0.9568965517241379,"{""0.3"": {""matched"": 44, ""n_gt"": 63, ""n_pred"": 50}, ""0.5"": {""matched"": 28, ""n_gt"": 63, ""n_pred"": 50}, ""0.7"": {""matched"": 7, ""n_gt"": 63, ""n_pred"": 50}}",50,0,0,2.151231992999783,True,True
d01-dashboard_dpr2_dark_V12,d01-dashboard_dpr2_dark,d01-dashboard,desktop,2,dark,V12,png,,0.5,1280,800,153870,1.202109,chromium,doctr,ok,0.939655172413793,"{""0.3"": {""matched"": 45, ""n_gt"": 63, ""n_pred"": 50}, ""0.5"": {""matched"": 29, ""n_gt"": 63, ""n_pred"": 50}, ""0.7"": {""matched"": 11, ""n_gt"": 63, ""n_pred"": 50}}",50,0,0,2.1715402990002985,True,True
d01-dashboard_dpr2_dark_V13,d01-dashboard_dpr2_dark,d01-dashboard,desktop,2,dark,V13,jpeg,75,0.5,1280,800,63365,0.495039,chromium,doctr,ok,0.9437229437229439,"{""0.3"": {""matched"": 46, ""n_gt"": 63, ""n_pred"": 52}, ""0.5"": {""matched"": 32, ""n_gt"": 63, ""n_pred"": 52}, ""0.7"": {""matched"": 12, ""n_gt"": 63, ""n_pred"": 52}}",52,0,0,2.1842635200000586,True,True
d01-dashboard_dpr2_light_V00,d01-dashboard_dpr2_light,d01-dashboard,desktop,2,light,V00,png,,1.0,2560,1600,171825,0.335596,chromium,doctr,ok,0.9482758620689655,"{""0.3"": {""matched"": 44, ""n_gt"": 63, ""n_pred"": 49}, ""0.5"": {""matched"": 28, ""n_gt"": 63, ""n_pred"": 49}, ""0.7"": {""matched"": 8, ""n_gt"": 63, ""n_pred"": 49}}",49,0,0,2.0580934539998452,True,True
d01-dashboard_dpr2_light_V02,d01-dashboard_dpr2_light,d01-dashboard,desktop,2,light,V02,jpeg,95,1.0,2560,1600,326771,0.638225,chromium,doctr,ok,0.9482758620689655,"{""0.3"": {""matched"": 44, ""n_gt"": 63, ""n_pred"": 49}, ""0.5"": {""matched"": 28, ""n_gt"": 63, ""n_pred"": 49}, ""0.7"": {""matched"": 8, ""n_gt"": 63, ""n_pred"": 49}}",49,0,0,2.1278736559997924,True,True
d01-dashboard_dpr2_light_V03,d01-dashboard_dpr2_light,d01-dashboard,desktop,2,light,V03,jpeg,85,1.0,2560,1600,222866,0.435285,chromium,doctr,ok,0.9568965517241379,"{""0.3"": {""matched"": 44, ""n_gt"": 63, ""n_pred"": 49}, ""0.5"": {""matched"": 28, ""n_gt"": 63, ""n_pred"": 49}, ""0.7"": {""matched"": 8, ""n_gt"": 63, ""n_pred"": 49}}",49,0,0,2.228539689000172,True,True
d01-dashboard_dpr2_light_V04,d01-dashboard_dpr2_light,d01-dashboard,desktop,2,light,V04,jpeg,75,1.0,2560,1600,182759,0.356951,chromium,doctr,ok,0.9568965517241379,"{""0.3"": {""matched"": 43, ""n_gt"": 63, ""n_pred"": 49}, ""0.5"": {""matched"": 28, ""n_gt"": 63, ""n_pred"": 49}, ""0.7"": {""matched"": 8, ""n_gt"": 63, ""n_pred"": 49}}",49,0,0,2.0724786210003003,True,True
d01-dashboard_dpr2_light_V05,d01-dashboard_dpr2_light,d01-dashboard,desktop,2,light,V05,jpeg,60,1.0,2560,1600,157029,0.306697,chromium,doctr,ok,0.9568965517241379,"{""0.3"": {""matched"": 44, ""n_gt"": 63, ""n_pred"": 49}, ""0.5"": {""matched"": 28, ""n_gt"": 63, ""n_pred"": 49}, ""0.7"": {""matched"": 8, ""n_gt"": 63, ""n_pred"": 49}}",49,0,0,2.1191904389997944,True,True
d01-dashboard_dpr2_light_V06,d01-dashboard_dpr2_light,d01-dashboard,desktop,2,light,V06,jpeg,85,1.0,2560,1600,318647,0.622357,chromium,doctr,ok,0.9568965517241379,"{""0.3"": {""matched"": 44, ""n_gt"": 63, ""n_pred"": 49}, ""0.5"": {""matched"": 28, ""n_gt"": 63, ""n_pred"": 49}, ""0.7"": {""matched"": 8, ""n_gt"": 63, ""n_pred"": 49}}",49,0,0,2.2014652590005426,True,True
d01-dashboard_dpr2_light_V07,d01-dashboard_dpr2_light,d01-dashboard,desktop,2,light,V07,webp,90,1.0,2560,1600,115548,0.22568,chromium,doctr,ok,0.9482758620689655,"{""0.3"": {""matched"": 44, ""n_gt"": 63, ""n_pred"": 49}, ""0.5"": {""matched"": 28, ""n_gt"": 63, ""n_pred"": 49}, ""0.7"": {""matched"": 8, ""n_gt"": 63, ""n_pred"": 49}}",49,0,0,2.317952358999719,True,True
d01-dashboard_dpr2_light_V08,d01-dashboard_dpr2_light,d01-dashboard,desktop,2,light,V08,webp,75,1.0,2560,1600,74508,0.145523,chromium,doctr,ok,0.9482758620689655,"{""0.3"": {""matched"": 44, ""n_gt"": 63, ""n_pred"": 49}, ""0.5"": {""matched"": 28, ""n_gt"": 63, ""n_pred"": 49}, ""0.7"": {""matched"": 8, ""n_gt"": 63, ""n_pred"": 49}}",49,0,0,2.1458492990004743,True,True
d01-dashboard_dpr2_light_V09,d01-dashboard_dpr2_light,d01-dashboard,desktop,2,light,V09,webp,50,1.0,2560,1600,61836,0.120773,chromium,doctr,ok,0.9568965517241379,"{""0.3"": {""matched"": 43, ""n_gt"": 63, ""n_pred"": 49}, ""0.5"": {""matched"": 28, ""n_gt"": 63, ""n_pred"": 49}, ""0.7"": {""matched"": 8, ""n_gt"": 63, ""n_pred"": 49}}",49,0,0,2.3693831889995636,True,True
d01-dashboard_dpr2_light_V10,d01-dashboard_dpr2_light,d01-dashboard,desktop,2,light,V10,avif,80,1.0,2560,1600,73339,0.14324,chromium,doctr,ok,0.9482758620689655,"{""0.3"": {""matched"": 44, ""n_gt"": 63, ""n_pred"": 49}, ""0.5"": {""matched"": 28, ""n_gt"": 63, ""n_pred"": 49}, ""0.7"": {""matched"": 8, ""n_gt"": 63, ""n_pred"": 49}}",49,0,0,2.2393440380001266,True,True
d01-dashboard_dpr2_light_V11,d01-dashboard_dpr2_light,d01-dashboard,desktop,2,light,V11,avif,60,1.0,2560,1600,51723,0.101021,chromium,doctr,ok,0.9482758620689655,"{""0.3"": {""matched"": 44, ""n_gt"": 63, ""n_pred"": 49}, ""0.5"": {""matched"": 28, ""n_gt"": 63, ""n_pred"": 49}, ""0.7"": {""matched"": 8, ""n_gt"": 63, ""n_pred"": 49}}",49,0,0,2.1350252649999675,True,True
d01-dashboard_dpr2_light_V12,d01-dashboard_dpr2_light,d01-dashboard,desktop,2,light,V12,png,,0.5,1280,800,140721,1.099383,chromium,doctr,ok,0.9310344827586208,"{""0.3"": {""matched"": 44, ""n_gt"": 63, ""n_pred"": 49}, ""0.5"": {""matched"": 29, ""n_gt"": 63, ""n_pred"": 49}, ""0.7"": {""matched"": 9, ""n_gt"": 63, ""n_pred"": 49}}",49,0,0,2.197566322000057,True,True
d01-dashboard_dpr2_light_V13,d01-dashboard_dpr2_light,d01-dashboard,desktop,2,light,V13,jpeg,75,0.5,1280,800,65282,0.510016,chromium,doctr,ok,0.944206008583691,"{""0.3"": {""matched"": 43, ""n_gt"": 63, ""n_pred"": 49}, ""0.5"": {""matched"": 29, ""n_gt"": 63, ""n_pred"": 49}, ""0.7"": {""matched"": 9, ""n_gt"": 63, ""n_pred"": 49}}",49,0,0,2.1440657839993946,True,True
d06-code-editor_dpr1_dark_V00,d06-code-editor_dpr1_dark,d06-code-editor,desktop,1,dark,V00,png,,1.0,1280,800,115563,0.902836,chromium,doctr,ok,0.885,"{""0.3"": {""matched"": 46, ""n_gt"": 62, ""n_pred"": 49}, ""0.5"": {""matched"": 35, ""n_gt"": 62, ""n_pred"": 49}, ""0.7"": {""matched"": 11, ""n_gt"": 62, ""n_pred"": 49}}",49,0,1,3.4797843999995166,True,True
d06-code-editor_dpr1_dark_V02,d06-code-editor_dpr1_dark,d06-code-editor,desktop,1,dark,V02,jpeg,95,1.0,1280,800,167078,1.305297,chromium,doctr,ok,0.885,"{""0.3"": {""matched"": 46, ""n_gt"": 62, ""n_pred"": 49}, ""0.5"": {""matched"": 35, ""n_gt"": 62, ""n_pred"": 49}, ""0.7"": {""matched"": 11, ""n_gt"": 62, ""n_pred"": 49}}",49,0,1,3.330780184000105,True,True
d06-code-editor_dpr1_dark_V03,d06-code-editor_dpr1_dark,d06-code-editor,desktop,1,dark,V03,jpeg,85,1.0,1280,800,106846,0.834734,chromium,doctr,ok,0.89,"{""0.3"": {""matched"": 46, ""n_gt"": 62, ""n_pred"": 49}, ""0.5"": {""matched"": 35, ""n_gt"": 62, ""n_pred"": 49}, ""0.7"": {""matched"": 11, ""n_gt"": 62, ""n_pred"": 49}}",49,0,1,3.287122573000488,True,True
d06-code-editor_dpr1_dark_V04,d06-code-editor_dpr1_dark,d06-code-editor,desktop,1,dark,V04,jpeg,75,1.0,1280,800,84379,0.659211,chromium,doctr,ok,0.895,"{""0.3"": {""matched"": 47, ""n_gt"": 62, ""n_pred"": 50}, ""0.5"": {""matched"": 36, ""n_gt"": 62, ""n_pred"": 50}, ""0.7"": {""matched"": 12, ""n_gt"": 62, ""n_pred"": 50}}",50,0,1,3.44646155800001,True,True
d06-code-editor_dpr1_dark_V05,d06-code-editor_dpr1_dark,d06-code-editor,desktop,1,dark,V05,jpeg,60,1.0,1280,800,68179,0.532648,chromium,doctr,ok,0.88,"{""0.3"": {""matched"": 46, ""n_gt"": 62, ""n_pred"": 49}, ""0.5"": {""matched"": 38, ""n_gt"": 62, ""n_pred"": 49}, ""0.7"": {""matched"": 12, ""n_gt"": 62, ""n_pred"": 49}}",49,0,1,3.3214711310001803,True,True
d06-code-editor_dpr1_dark_V06,d06-code-editor_dpr1_dark,d06-code-editor,desktop,1,dark,V06,jpeg,85,1.0,1280,800,156807,1.225055,chromium,doctr,ok,0.8922305764411028,"{""0.3"": {""matched"": 46, ""n_gt"": 62, ""n_pred"": 49}, ""0.5"": {""matched"": 36, ""n_gt"": 62, ""n_pred"": 49}, ""0.7"": {""matched"": 11, ""n_gt"": 62, ""n_pred"": 49}}",49,0,1,3.2680969680004637,True,True
d06-code-editor_dpr1_dark_V07,d06-code-editor_dpr1_dark,d06-code-editor,desktop,1,dark,V07,webp,90,1.0,1280,800,76046,0.594109,chromium,doctr,ok,0.87,"{""0.3"": {""matched"": 46, ""n_gt"": 62, ""n_pred"": 49}, ""0.5"": {""matched"": 36, ""n_gt"": 62, ""n_pred"": 49}, ""0.7"": {""matched"": 11, ""n_gt"": 62, ""n_pred"": 49}}",49,0,1,3.405229428999519,True,True
d06-code-editor_dpr1_dark_V08,d06-code-editor_dpr1_dark,d06-code-editor,desktop,1,dark,V08,webp,75,1.0,1280,800,48572,0.379469,chromium,doctr,ok,0.88,"{""0.3"": {""matched"": 46, ""n_gt"": 62, ""n_pred"": 49}, ""0.5"": {""matched"": 36, ""n_gt"": 62, ""n_pred"": 49}, ""0.7"": {""matched"": 12, ""n_gt"": 62, ""n_pred"": 49}}",49,0,1,3.4168877809997866,True,True
d06-code-editor_dpr1_dark_V09,d06-code-editor_dpr1_dark,d06-code-editor,desktop,1,dark,V09,webp,50,1.0,1280,800,39682,0.310016,chromium,doctr,ok,0.8872180451127819,"{""0.3"": {""matched"": 46, ""n_gt"": 62, ""n_pred"": 49}, ""0.5"": {""matched"": 37, ""n_gt"": 62, ""n_pred"": 49}, ""0.7"": {""matched"": 12, ""n_gt"": 62, ""n_pred"": 49}}",49,0,1,3.248334815999442,True,True
d06-code-editor_dpr1_dark_V10,d06-code-editor_dpr1_dark,d06-code-editor,desktop,1,dark,V10,avif,80,1.0,1280,800,45802,0.357828,chromium,doctr,ok,0.895,"{""0.3"": {""matched"": 46, ""n_gt"": 62, ""n_pred"": 49}, ""0.5"": {""matched"": 35, ""n_gt"": 62, ""n_pred"": 49}, ""0.7"": {""matched"": 11, ""n_gt"": 62, ""n_pred"": 49}}",49,0,1,3.2802191689997926,True,True
d06-code-editor_dpr1_dark_V11,d06-code-editor_dpr1_dark,d06-code-editor,desktop,1,dark,V11,avif,60,1.0,1280,800,31619,0.247023,chromium,doctr,ok,0.88,"{""0.3"": {""matched"": 46, ""n_gt"": 62, ""n_pred"": 49}, ""0.5"": {""matched"": 35, ""n_gt"": 62, ""n_pred"": 49}, ""0.7"": {""matched"": 11, ""n_gt"": 62, ""n_pred"": 49}}",49,0,1,3.345213620999857,True,True
d06-code-editor_dpr1_dark_V12,d06-code-editor_dpr1_dark,d06-code-editor,desktop,1,dark,V12,png,,0.5,640,400,96707,3.022094,chromium,doctr,ok,0.6565656565656566,"{""0.3"": {""matched"": 43, ""n_gt"": 62, ""n_pred"": 53}, ""0.5"": {""matched"": 39, ""n_gt"": 62, ""n_pred"": 53}, ""0.7"": {""matched"": 25, ""n_gt"": 62, ""n_pred"": 53}}",53,0,1,3.371736685000542,True,True
d06-code-editor_dpr1_dark_V13,d06-code-editor_dpr1_dark,d06-code-editor,desktop,1,dark,V13,jpeg,75,0.5,640,400,26025,0.813281,chromium,doctr,ok,0.467866323907455,"{""0.3"": {""matched"": 44, ""n_gt"": 62, ""n_pred"": 46}, ""0.5"": {""matched"": 43, ""n_gt"": 62, ""n_pred"": 46}, ""0.7"": {""matched"": 28, ""n_gt"": 62, ""n_pred"": 46}}",46,0,1,3.274356773999898,True,True
d06-code-editor_dpr1_light_V00,d06-code-editor_dpr1_light,d06-code-editor,desktop,1,light,V00,png,,1.0,1280,800,113625,0.887695,chromium,doctr,ok,0.9022556390977444,"{""0.3"": {""matched"": 46, ""n_gt"": 62, ""n_pred"": 50}, ""0.5"": {""matched"": 37, ""n_gt"": 62, ""n_pred"": 50}, ""0.7"": {""matched"": 12, ""n_gt"": 62, ""n_pred"": 50}}",50,0,1,3.3443475140002192,True,True
d06-code-editor_dpr1_light_V02,d06-code-editor_dpr1_light,d06-code-editor,desktop,1,light,V02,jpeg,95,1.0,1280,800,167255,1.30668,chromium,doctr,ok,0.912280701754386,"{""0.3"": {""matched"": 46, ""n_gt"": 62, ""n_pred"": 50}, ""0.5"": {""matched"": 38, ""n_gt"": 62, ""n_pred"": 50}, ""0.7"": {""matched"": 12, ""n_gt"": 62, ""n_pred"": 50}}",50,0,1,3.499821234000592,True,True
d06-code-editor_dpr1_light_V03,d06-code-editor_dpr1_light,d06-code-editor,desktop,1,light,V03,jpeg,85,1.0,1280,800,106546,0.832391,chromium,doctr,ok,0.9172932330827068,"{""0.3"": {""matched"": 46, ""n_gt"": 62, ""n_pred"": 50}, ""0.5"": {""matched"": 38, ""n_gt"": 62, ""n_pred"": 50}, ""0.7"": {""matched"": 11, ""n_gt"": 62, ""n_pred"": 50}}",50,0,1,3.6733699809992686,True,True
d06-code-editor_dpr1_light_V04,d06-code-editor_dpr1_light,d06-code-editor,desktop,1,light,V04,jpeg,75,1.0,1280,800,84396,0.659344,chromium,doctr,ok,0.9072681704260652,"{""0.3"": {""matched"": 46, ""n_gt"": 62, ""n_pred"": 50}, ""0.5"": {""matched"": 40, ""n_gt"": 62, ""n_pred"": 50}, ""0.7"": {""matched"": 10, ""n_gt"": 62, ""n_pred"": 50}}",50,0,1,3.42858435800008,True,True
d06-code-editor_dpr1_light_V05,d06-code-editor_dpr1_light,d06-code-editor,desktop,1,light,V05,jpeg,60,1.0,1280,800,68337,0.533883,chromium,doctr,ok,0.91,"{""0.3"": {""matched"": 46, ""n_gt"": 62, ""n_pred"": 50}, ""0.5"": {""matched"": 38, ""n_gt"": 62, ""n_pred"": 50}, ""0.7"": {""matched"": 12, ""n_gt"": 62, ""n_pred"": 50}}",50,0,1,3.9967034470000726,True,True
d06-code-editor_dpr1_light_V06,d06-code-editor_dpr1_light,d06-code-editor,desktop,1,light,V06,jpeg,85,1.0,1280,800,157132,1.227594,chromium,doctr,ok,0.9072681704260652,"{""0.3"": {""matched"": 46, ""n_gt"": 62, ""n_pred"": 50}, ""0.5"": {""matched"": 41, ""n_gt"": 62, ""n_pred"": 50}, ""0.7"": {""matched"": 11, ""n_gt"": 62, ""n_pred"": 50}}",50,0,1,3.657750780999777,True,True
d06-code-editor_dpr1_light_V07,d06-code-editor_dpr1_light,d06-code-editor,desktop,1,light,V07,webp,90,1.0,1280,800,76380,0.596719,chromium,doctr,ok,0.9022556390977444,"{""0.3"": {""matched"": 46, ""n_gt"": 62, ""n_pred"": 50}, ""0.5"": {""matched"": 36, ""n_gt"": 62, ""n_pred"": 50}, ""0.7"": {""matched"": 12, ""n_gt"": 62, ""n_pred"": 50}}",50,0,1,3.4997788410000794,True,True
d06-code-editor_dpr1_light_V08,d06-code-editor_dpr1_light,d06-code-editor,desktop,1,light,V08,webp,75,1.0,1280,800,48802,0.381266,chromium,doctr,ok,0.915,"{""0.3"": {""matched"": 46, ""n_gt"": 62, ""n_pred"": 50}, ""0.5"": {""matched"": 39, ""n_gt"": 62, ""n_pred"": 50}, ""0.7"": {""matched"": 12, ""n_gt"": 62, ""n_pred"": 50}}",50,0,1,3.982052174999808,True,True
d06-code-editor_dpr1_light_V09,d06-code-editor_dpr1_light,d06-code-editor,desktop,1,light,V09,webp,50,1.0,1280,800,39824,0.311125,chromium,doctr,ok,0.92,"{""0.3"": {""matched"": 46, ""n_gt"": 62, ""n_pred"": 50}, ""0.5"": {""matched"": 37, ""n_gt"": 62, ""n_pred"": 50}, ""0.7"": {""matched"": 12, ""n_gt"": 62, ""n_pred"": 50}}",50,0,1,3.5721257989998776,True,True
d06-code-editor_dpr1_light_V10,d06-code-editor_dpr1_light,d06-code-editor,desktop,1,light,V10,avif,80,1.0,1280,800,45800,0.357812,chromium,doctr,ok,0.92,"{""0.3"": {""matched"": 46, ""n_gt"": 62, ""n_pred"": 50}, ""0.5"": {""matched"": 37, ""n_gt"": 62, ""n_pred"": 50}, ""0.7"": {""matched"": 11, ""n_gt"": 62, ""n_pred"": 50}}",50,0,1,3.6209236129998317,True,True
d06-code-editor_dpr1_light_V11,d06-code-editor_dpr1_light,d06-code-editor,desktop,1,light,V11,avif,60,1.0,1280,800,31820,0.248594,chromium,doctr,ok,0.91,"{""0.3"": {""matched"": 46, ""n_gt"": 62, ""n_pred"": 50}, ""0.5"": {""matched"": 38, ""n_gt"": 62, ""n_pred"": 50}, ""0.7"": {""matched"": 11, ""n_gt"": 62, ""n_pred"": 50}}",50,0,1,3.6526615639995725,True,True
d06-code-editor_dpr1_light_V12,d06-code-editor_dpr1_light,d06-code-editor,desktop,1,light,V12,png,,0.5,640,400,86228,2.694625,chromium,doctr,ok,0.6666666666666666,"{""0.3"": {""matched"": 46, ""n_gt"": 62, ""n_pred"": 52}, ""0.5"": {""matched"": 42, ""n_gt"": 62, ""n_pred"": 52}, ""0.7"": {""matched"": 19, ""n_gt"": 62, ""n_pred"": 52}}",52,0,1,3.4757511480001995,True,True
d06-code-editor_dpr1_light_V13,d06-code-editor_dpr1_light,d06-code-editor,desktop,1,light,V13,jpeg,75,0.5,640,400,25320,0.79125,chromium,doctr,ok,0.5063938618925832,"{""0.3"": {""matched"": 43, ""n_gt"": 62, ""n_pred"": 47}, ""0.5"": {""matched"": 41, ""n_gt"": 62, ""n_pred"": 47}, ""0.7"": {""matched"": 19, ""n_gt"": 62, ""n_pred"": 47}}",47,0,1,3.4836028859999715,True,True
d06-code-editor_dpr1p5_dark_V00,d06-code-editor_dpr1p5_dark,d06-code-editor,desktop,1.5,dark,V00,png,,1.0,1920,1200,192228,0.667458,chromium,doctr,ok,0.915,"{""0.3"": {""matched"": 44, ""n_gt"": 62, ""n_pred"": 49}, ""0.5"": {""matched"": 38, ""n_gt"": 62, ""n_pred"": 49}, ""0.7"": {""matched"": 6, ""n_gt"": 62, ""n_pred"": 49}}",49,0,1,3.4481154730001435,True,True
d06-code-editor_dpr1p5_dark_V02,d06-code-editor_dpr1p5_dark,d06-code-editor,desktop,1.5,dark,V02,jpeg,95,1.0,1920,1200,303347,1.053288,chromium,doctr,ok,0.915,"{""0.3"": {""matched"": 44, ""n_gt"": 62, ""n_pred"": 49}, ""0.5"": {""matched"": 38, ""n_gt"": 62, ""n_pred"": 49}, ""0.7"": {""matched"": 6, ""n_gt"": 62, ""n_pred"": 49}}",49,0,1,3.7983996750008373,True,True
d06-code-editor_dpr1p5_dark_V03,d06-code-editor_dpr1p5_dark,d06-code-editor,desktop,1.5,dark,V03,jpeg,85,1.0,1920,1200,193508,0.671903,chromium,doctr,ok,0.905,"{""0.3"": {""matched"": 44, ""n_gt"": 62, ""n_pred"": 49}, ""0.5"": {""matched"": 38, ""n_gt"": 62, ""n_pred"": 49}, ""0.7"": {""matched"": 7, ""n_gt"": 62, ""n_pred"": 49}}",49,0,1,3.7403801159998693,True,True
d06-code-editor_dpr1p5_dark_V04,d06-code-editor_dpr1p5_dark,d06-code-editor,desktop,1.5,dark,V04,jpeg,75,1.0,1920,1200,154854,0.537687,chromium,doctr,ok,0.92,"{""0.3"": {""matched"": 44, ""n_gt"": 62, ""n_pred"": 49}, ""0.5"": {""matched"": 38, ""n_gt"": 62, ""n_pred"": 49}, ""0.7"": {""matched"": 6, ""n_gt"": 62, ""n_pred"": 49}}",49,0,1,3.4310953840004004,True,True
d06-code-editor_dpr1p5_dark_V05,d06-code-editor_dpr1p5_dark,d06-code-editor,desktop,1.5,dark,V05,jpeg,60,1.0,1920,1200,126848,0.440444,chromium,doctr,ok,0.8822055137844611,"{""0.3"": {""matched"": 44, ""n_gt"": 62, ""n_pred"": 49}, ""0.5"": {""matched"": 38, ""n_gt"": 62, ""n_pred"": 49}, ""0.7"": {""matched"": 6, ""n_gt"": 62, ""n_pred"": 49}}",49,0,1,3.53225364500031,True,True
d06-code-editor_dpr1p5_dark_V06,d06-code-editor_dpr1p5_dark,d06-code-editor,desktop,1.5,dark,V06,jpeg,85,1.0,1920,1200,280676,0.974569,chromium,doctr,ok,0.91,"{""0.3"": {""matched"": 44, ""n_gt"": 62, ""n_pred"": 49}, ""0.5"": {""matched"": 38, ""n_gt"": 62, ""n_pred"": 49}, ""0.7"": {""matched"": 7, ""n_gt"": 62, ""n_pred"": 49}}",49,0,1,3.832363666000674,True,True
d06-code-editor_dpr1p5_dark_V07,d06-code-editor_dpr1p5_dark,d06-code-editor,desktop,1.5,dark,V07,webp,90,1.0,1920,1200,131710,0.457326,chromium,doctr,ok,0.91,"{""0.3"": {""matched"": 44, ""n_gt"": 62, ""n_pred"": 49}, ""0.5"": {""matched"": 38, ""n_gt"": 62, ""n_pred"": 49}, ""0.7"": {""matched"": 6, ""n_gt"": 62, ""n_pred"": 49}}",49,0,1,3.6715390299996216,True,True
d06-code-editor_dpr1p5_dark_V08,d06-code-editor_dpr1p5_dark,d06-code-editor,desktop,1.5,dark,V08,webp,75,1.0,1920,1200,85822,0.297993,chromium,doctr,ok,0.905,"{""0.3"": {""matched"": 44, ""n_gt"": 62, ""n_pred"": 49}, ""0.5"": {""matched"": 38, ""n_gt"": 62, ""n_pred"": 49}, ""0.7"": {""matched"": 7, ""n_gt"": 62, ""n_pred"": 49}}",49,0,1,3.5080418959996678,True,True
d06-code-editor_dpr1p5_dark_V09,d06-code-editor_dpr1p5_dark,d06-code-editor,desktop,1.5,dark,V09,webp,50,1.0,1920,1200,70284,0.244042,chromium,doctr,ok,0.912718204488778,"{""0.3"": {""matched"": 44, ""n_gt"": 62, ""n_pred"": 49}, ""0.5"": {""matched"": 38, ""n_gt"": 62, ""n_pred"": 49}, ""0.7"": {""matched"": 7, ""n_gt"": 62, ""n_pred"": 49}}",49,0,1,3.9242773859996305,True,True
d06-code-editor_dpr1p5_dark_V10,d06-code-editor_dpr1p5_dark,d06-code-editor,desktop,1.5,dark,V10,avif,80,1.0,1920,1200,118369,0.411003,chromium,doctr,ok,0.915,"{""0.3"": {""matched"": 44, ""n_gt"": 62, ""n_pred"": 49}, ""0.5"": {""matched"": 38, ""n_gt"": 62, ""n_pred"": 49}, ""0.7"": {""matched"": 7, ""n_gt"": 62, ""n_pred"": 49}}",49,0,1,3.6194611020000593,True,True
d06-code-editor_dpr1p5_dark_V11,d06-code-editor_dpr1p5_dark,d06-code-editor,desktop,1.5,dark,V11,avif,60,1.0,1920,1200,78215,0.27158,chromium,doctr,ok,0.905,"{""0.3"": {""matched"": 44, ""n_gt"": 62, ""n_pred"": 49}, ""0.5"": {""matched"": 37, ""n_gt"": 62, ""n_pred"": 49}, ""0.7"": {""matched"": 7, ""n_gt"": 62, ""n_pred"": 49}}",49,0,1,3.623007222000524,True,True
d06-code-editor_dpr1p5_dark_V12,d06-code-editor_dpr1p5_dark,d06-code-editor,desktop,1.5,dark,V12,png,,0.5,960,600,171260,2.378611,chromium,doctr,ok,0.8721804511278195,"{""0.3"": {""matched"": 44, ""n_gt"": 62, ""n_pred"": 49}, ""0.5"": {""matched"": 44, ""n_gt"": 62, ""n_pred"": 49}, ""0.7"": {""matched"": 22, ""n_gt"": 62, ""n_pred"": 49}}",49,0,1,3.552165533999869,True,True
d06-code-editor_dpr1p5_dark_V13,d06-code-editor_dpr1p5_dark,d06-code-editor,desktop,1.5,dark,V13,jpeg,75,0.5,960,600,54085,0.751181,chromium,doctr,ok,0.8020050125313284,"{""0.3"": {""matched"": 43, ""n_gt"": 62, ""n_pred"": 47}, ""0.5"": {""matched"": 37, ""n_gt"": 62, ""n_pred"": 47}, ""0.7"": {""matched"": 22, ""n_gt"": 62, ""n_pred"": 47}}",47,0,1,3.369249585000034,True,True
d06-code-editor_dpr1p5_light_V00,d06-code-editor_dpr1p5_light,d06-code-editor,desktop,1.5,light,V00,png,,1.0,1920,1200,191593,0.665253,chromium,doctr,ok,0.9004975124378108,"{""0.3"": {""matched"": 44, ""n_gt"": 62, ""n_pred"": 49}, ""0.5"": {""matched"": 36, ""n_gt"": 62, ""n_pred"": 49}, ""0.7"": {""matched"": 7, ""n_gt"": 62, ""n_pred"": 49}}",49,0,1,3.412755092000225,True,True
d06-code-editor_dpr1p5_light_V02,d06-code-editor_dpr1p5_light,d06-code-editor,desktop,1.5,light,V02,jpeg,95,1.0,1920,1200,305897,1.062142,chromium,doctr,ok,0.9054726368159204,"{""0.3"": {""matched"": 44, ""n_gt"": 62, ""n_pred"": 49}, ""0.5"": {""matched"": 37, ""n_gt"": 62, ""n_pred"": 49}, ""0.7"": {""matched"": 7, ""n_gt"": 62, ""n_pred"": 49}}",49,0,1,3.3871612259999893,True,True
d06-code-editor_dpr1p5_light_V03,d06-code-editor_dpr1p5_light,d06-code-editor,desktop,1.5,light,V03,jpeg,85,1.0,1920,1200,195629,0.679267,chromium,doctr,ok,0.8955223880597015,"{""0.3"": {""matched"": 45, ""n_gt"": 62, ""n_pred"": 49}, ""0.5"": {""matched"": 36, ""n_gt"": 62, ""n_pred"": 49}, ""0.7"": {""matched"": 6, ""n_gt"": 62, ""n_pred"": 49}}",49,0,1,3.3467888579998544,True,True
d06-code-editor_dpr1p5_light_V04,d06-code-editor_dpr1p5_light,d06-code-editor,desktop,1.5,light,V04,jpeg,75,1.0,1920,1200,156030,0.541771,chromium,doctr,ok,0.9027431421446384,"{""0.3"": {""matched"": 45, ""n_gt"": 62, ""n_pred"": 49}, ""0.5"": {""matched"": 36, ""n_gt"": 62, ""n_pred"": 49}, ""0.7"": {""matched"": 7, ""n_gt"": 62, ""n_pred"": 49}}",49,0,1,3.5516132130005644,True,True
d06-code-editor_dpr1p5_light_V05,d06-code-editor_dpr1p5_light,d06-code-editor,desktop,1.5,light,V05,jpeg,60,1.0,1920,1200,128284,0.445431,chromium,doctr,ok,0.9027431421446384,"{""0.3"": {""matched"": 45, ""n_gt"": 62, ""n_pred"": 49}, ""0.5"": {""matched"": 38, ""n_gt"": 62, ""n_pred"": 49}, ""0.7"": {""matched"": 7, ""n_gt"": 62, ""n_pred"": 49}}",49,0,1,3.7672138239995547,True,True
d06-code-editor_dpr1p5_light_V06,d06-code-editor_dpr1p5_light,d06-code-editor,desktop,1.5,light,V06,jpeg,85,1.0,1920,1200,285179,0.990205,chromium,doctr,ok,0.895,"{""0.3"": {""matched"": 45, ""n_gt"": 62, ""n_pred"": 49}, ""0.5"": {""matched"": 37, ""n_gt"": 62, ""n_pred"": 49}, ""0.7"": {""matched"": 6, ""n_gt"": 62, ""n_pred"": 49}}",49,0,1,3.373100639999393,True,True
d06-code-editor_dpr1p5_light_V07,d06-code-editor_dpr1p5_light,d06-code-editor,desktop,1.5,light,V07,webp,90,1.0,1920,1200,133164,0.462375,chromium,doctr,ok,0.9104477611940299,"{""0.3"": {""matched"": 45, ""n_gt"": 62, ""n_pred"": 49}, ""0.5"": {""matched"": 36, ""n_gt"": 62, ""n_pred"": 49}, ""0.7"": {""matched"": 7, ""n_gt"": 62, ""n_pred"": 49}}",49,0,1,3.365836047999437,True,True
d06-code-editor_dpr1p5_light_V08,d06-code-editor_dpr1p5_light,d06-code-editor,desktop,1.5,light,V08,webp,75,1.0,1920,1200,86962,0.301951,chromium,doctr,ok,0.8905472636815921,"{""0.3"": {""matched"": 44, ""n_gt"": 62, ""n_pred"": 49}, ""0.5"": {""matched"": 37, ""n_gt"": 62, ""n_pred"": 49}, ""0.7"": {""matched"": 7, ""n_gt"": 62, ""n_pred"": 49}}",49,0,1,3.5707601840003917,True,True
d06-code-editor_dpr1p5_light_V09,d06-code-editor_dpr1p5_light,d06-code-editor,desktop,1.5,light,V09,webp,50,1.0,1920,1200,71132,0.246986,chromium,doctr,ok,0.8872180451127819,"{""0.3"": {""matched"": 45, ""n_gt"": 62, ""n_pred"": 49}, ""0.5"": {""matched"": 36, ""n_gt"": 62, ""n_pred"": 49}, ""0.7"": {""matched"": 7, ""n_gt"": 62, ""n_pred"": 49}}",49,0,1,3.647335220000059,True,True
d06-code-editor_dpr1p5_light_V10,d06-code-editor_dpr1p5_light,d06-code-editor,desktop,1.5,light,V10,avif,80,1.0,1920,1200,79024,0.274389,chromium,doctr,ok,0.9104477611940299,"{""0.3"": {""matched"": 45, ""n_gt"": 62, ""n_pred"": 49}, ""0.5"": {""matched"": 36, ""n_gt"": 62, ""n_pred"": 49}, ""0.7"": {""matched"": 6, ""n_gt"": 62, ""n_pred"": 49}}",49,0,1,3.736759754000559,True,True
d06-code-editor_dpr1p5_light_V11,d06-code-editor_dpr1p5_light,d06-code-editor,desktop,1.5,light,V11,avif,60,1.0,1920,1200,53767,0.186691,chromium,doctr,ok,0.8977556109725685,"{""0.3"": {""matched"": 45, ""n_gt"": 62, ""n_pred"": 49}, ""0.5"": {""matched"": 36, ""n_gt"": 62, ""n_pred"": 49}, ""0.7"": {""matched"": 7, ""n_gt"": 62, ""n_pred"": 49}}",49,0,1,4.1216305970001486,True,True
d06-code-editor_dpr1p5_light_V12,d06-code-editor_dpr1p5_light,d06-code-editor,desktop,1.5,light,V12,png,,0.5,960,600,153224,2.128111,chromium,doctr,ok,0.9022556390977444,"{""0.3"": {""matched"": 44, ""n_gt"": 62, ""n_pred"": 50}, ""0.5"": {""matched"": 42, ""n_gt"": 62, ""n_pred"": 50}, ""0.7"": {""matched"": 17, ""n_gt"": 62, ""n_pred"": 50}}",50,0,1,3.388191581000683,True,True
d06-code-editor_dpr1p5_light_V13,d06-code-editor_dpr1p5_light,d06-code-editor,desktop,1.5,light,V13,jpeg,75,0.5,960,600,52798,0.733306,chromium,doctr,ok,0.836272040302267,"{""0.3"": {""matched"": 43, ""n_gt"": 62, ""n_pred"": 50}, ""0.5"": {""matched"": 40, ""n_gt"": 62, ""n_pred"": 50}, ""0.7"": {""matched"": 15, ""n_gt"": 62, ""n_pred"": 50}}",50,0,1,3.4535478269999658,True,True
d06-code-editor_dpr2_dark_V00,d06-code-editor_dpr2_dark,d06-code-editor,desktop,2,dark,V00,png,,1.0,2560,1600,267340,0.522148,chromium,doctr,ok,0.915,"{""0.3"": {""matched"": 44, ""n_gt"": 62, ""n_pred"": 49}, ""0.5"": {""matched"": 33, ""n_gt"": 62, ""n_pred"": 49}, ""0.7"": {""matched"": 7, ""n_gt"": 62, ""n_pred"": 49}}",49,0,1,3.677298655999948,True,True
d06-code-editor_dpr2_dark_V02,d06-code-editor_dpr2_dark,d06-code-editor,desktop,2,dark,V02,jpeg,95,1.0,2560,1600,454623,0.887936,chromium,doctr,ok,0.915,"{""0.3"": {""matched"": 44, ""n_gt"": 62, ""n_pred"": 49}, ""0.5"": {""matched"": 33, ""n_gt"": 62, ""n_pred"": 49}, ""0.7"": {""matched"": 7, ""n_gt"": 62, ""n_pred"": 49}}",49,0,1,3.394247424000241,True,True
d06-code-editor_dpr2_dark_V03,d06-code-editor_dpr2_dark,d06-code-editor,desktop,2,dark,V03,jpeg,85,1.0,2560,1600,292896,0.572063,chromium,doctr,ok,0.91,"{""0.3"": {""matched"": 44, ""n_gt"": 62, ""n_pred"": 49}, ""0.5"": {""matched"": 33, ""n_gt"": 62, ""n_pred"": 49}, ""0.7"": {""matched"": 7, ""n_gt"": 62, ""n_pred"": 49}}",49,0,1,3.321889740000188,True,True
d06-code-editor_dpr2_dark_V04,d06-code-editor_dpr2_dark,d06-code-editor,desktop,2,dark,V04,jpeg,75,1.0,2560,1600,236073,0.46108,chromium,doctr,ok,0.905,"{""0.3"": {""matched"": 44, ""n_gt"": 62, ""n_pred"": 50}, ""0.5"": {""matched"": 33, ""n_gt"": 62, ""n_pred"": 50}, ""0.7"": {""matched"": 7, ""n_gt"": 62, ""n_pred"": 50}}",50,0,1,3.4636071420000007,True,True
d06-code-editor_dpr2_dark_V05,d06-code-editor_dpr2_dark,d06-code-editor,desktop,2,dark,V05,jpeg,60,1.0,2560,1600,195753,0.38233,chromium,doctr,ok,0.92,"{""0.3"": {""matched"": 44, ""n_gt"": 62, ""n_pred"": 49}, ""0.5"": {""matched"": 33, ""n_gt"": 62, ""n_pred"": 49}, ""0.7"": {""matched"": 7, ""n_gt"": 62, ""n_pred"": 49}}",49,0,1,3.4680296050000834,True,True
d06-code-editor_dpr2_dark_V06,d06-code-editor_dpr2_dark,d06-code-editor,desktop,2,dark,V06,jpeg,85,1.0,2560,1600,423694,0.827527,chromium,doctr,ok,0.91,"{""0.3"": {""matched"": 44, ""n_gt"": 62, ""n_pred"": 49}, ""0.5"": {""matched"": 33, ""n_gt"": 62, ""n_pred"": 49}, ""0.7"": {""matched"": 7, ""n_gt"": 62, ""n_pred"": 49}}",49,0,1,3.4071355229998517,True,True
d06-code-editor_dpr2_dark_V07,d06-code-editor_dpr2_dark,d06-code-editor,desktop,2,dark,V07,webp,90,1.0,2560,1600,186992,0.365219,chromium,doctr,ok,0.915,"{""0.3"": {""matched"": 44, ""n_gt"": 62, ""n_pred"": 49}, ""0.5"": {""matched"": 33, ""n_gt"": 62, ""n_pred"": 49}, ""0.7"": {""matched"": 8, ""n_gt"": 62, ""n_pred"": 49}}",49,0,1,3.777051998999923,True,True
d06-code-editor_dpr2_dark_V08,d06-code-editor_dpr2_dark,d06-code-editor,desktop,2,dark,V08,webp,75,1.0,2560,1600,120144,0.234656,chromium,doctr,ok,0.92,"{""0.3"": {""matched"": 44, ""n_gt"": 62, ""n_pred"": 49}, ""0.5"": {""matched"": 33, ""n_gt"": 62, ""n_pred"": 49}, ""0.7"": {""matched"": 7, ""n_gt"": 62, ""n_pred"": 49}}",49,0,1,3.274706187999982,True,True
d06-code-editor_dpr2_dark_V09,d06-code-editor_dpr2_dark,d06-code-editor,desktop,2,dark,V09,webp,50,1.0,2560,1600,98196,0.191789,chromium,doctr,ok,0.905,"{""0.3"": {""matched"": 44, ""n_gt"": 62, ""n_pred"": 49}, ""0.5"": {""matched"": 33, ""n_gt"": 62, ""n_pred"": 49}, ""0.7"": {""matched"": 8, ""n_gt"": 62, ""n_pred"": 49}}",49,0,1,3.7503752309994525,True,True
d06-code-editor_dpr2_dark_V10,d06-code-editor_dpr2_dark,d06-code-editor,desktop,2,dark,V10,avif,80,1.0,2560,1600,169442,0.330941,chromium,doctr,ok,0.915,"{""0.3"": {""matched"": 44, ""n_gt"": 62, ""n_pred"": 49}, ""0.5"": {""matched"": 33, ""n_gt"": 62, ""n_pred"": 49}, ""0.7"": {""matched"": 8, ""n_gt"": 62, ""n_pred"": 49}}",49,0,1,3.683410069999809,True,True
d06-code-editor_dpr2_dark_V11,d06-code-editor_dpr2_dark,d06-code-editor,desktop,2,dark,V11,avif,60,1.0,2560,1600,110428,0.21568,chromium,doctr,ok,0.915,"{""0.3"": {""matched"": 43, ""n_gt"": 62, ""n_pred"": 54}, ""0.5"": {""matched"": 32, ""n_gt"": 62, ""n_pred"": 54}, ""0.7"": {""matched"": 7, ""n_gt"": 62, ""n_pred"": 54}}",54,0,1,3.4449178550003126,True,True
d06-code-editor_dpr2_dark_V12,d06-code-editor_dpr2_dark,d06-code-editor,desktop,2,dark,V12,png,,0.5,1280,800,219115,1.711836,chromium,doctr,ok,0.9,"{""0.3"": {""matched"": 45, ""n_gt"": 62, ""n_pred"": 50}, ""0.5"": {""matched"": 34, ""n_gt"": 62, ""n_pred"": 50}, ""0.7"": {""matched"": 14, ""n_gt"": 62, ""n_pred"": 50}}",50,0,1,3.4567379929994786,True,True
d06-code-editor_dpr2_dark_V13,d06-code-editor_dpr2_dark,d06-code-editor,desktop,2,dark,V13,jpeg,75,0.5,1280,800,84964,0.663781,chromium,doctr,ok,0.885,"{""0.3"": {""matched"": 45, ""n_gt"": 62, ""n_pred"": 49}, ""0.5"": {""matched"": 34, ""n_gt"": 62, ""n_pred"": 49}, ""0.7"": {""matched"": 14, ""n_gt"": 62, ""n_pred"": 49}}",49,0,1,3.3634291849994042,True,True
d06-code-editor_dpr2_light_V00,d06-code-editor_dpr2_light,d06-code-editor,desktop,2,light,V00,png,,1.0,2560,1600,266402,0.520316,chromium,doctr,ok,0.9223057644110277,"{""0.3"": {""matched"": 44, ""n_gt"": 62, ""n_pred"": 50}, ""0.5"": {""matched"": 32, ""n_gt"": 62, ""n_pred"": 50}, ""0.7"": {""matched"": 7, ""n_gt"": 62, ""n_pred"": 50}}",50,0,1,3.499657372999536,True,True
d06-code-editor_dpr2_light_V02,d06-code-editor_dpr2_light,d06-code-editor,desktop,2,light,V02,jpeg,95,1.0,2560,1600,458672,0.895844,chromium,doctr,ok,0.9223057644110277,"{""0.3"": {""matched"": 44, ""n_gt"": 62, ""n_pred"": 50}, ""0.5"": {""matched"": 32, ""n_gt"": 62, ""n_pred"": 50}, ""0.7"": {""matched"": 7, ""n_gt"": 62, ""n_pred"": 50}}",50,0,1,3.33583538899984,True,True
d06-code-editor_dpr2_light_V03,d06-code-editor_dpr2_light,d06-code-editor,desktop,2,light,V03,jpeg,85,1.0,2560,1600,295735,0.577607,chromium,doctr,ok,0.9172932330827068,"{""0.3"": {""matched"": 44, ""n_gt"": 62, ""n_pred"": 50}, ""0.5"": {""matched"": 32, ""n_gt"": 62, ""n_pred"": 50}, ""0.7"": {""matched"": 7, ""n_gt"": 62, ""n_pred"": 50}}",50,0,1,3.614135165999869,True,True
d06-code-editor_dpr2_light_V04,d06-code-editor_dpr2_light,d06-code-editor,desktop,2,light,V04,jpeg,75,1.0,2560,1600,237552,0.463969,chromium,doctr,ok,0.9172932330827068,"{""0.3"": {""matched"": 44, ""n_gt"": 62, ""n_pred"": 50}, ""0.5"": {""matched"": 32, ""n_gt"": 62, ""n_pred"": 50}, ""0.7"": {""matched"": 7, ""n_gt"": 62, ""n_pred"": 50}}",50,0,1,3.4071384359995136,True,True
d06-code-editor_dpr2_light_V05,d06-code-editor_dpr2_light,d06-code-editor,desktop,2,light,V05,jpeg,60,1.0,2560,1600,197444,0.385633,chromium,doctr,ok,0.9223057644110277,"{""0.3"": {""matched"": 44, ""n_gt"": 62, ""n_pred"": 50}, ""0.5"": {""matched"": 31, ""n_gt"": 62, ""n_pred"": 50}, ""0.7"": {""matched"": 7, ""n_gt"": 62, ""n_pred"": 50}}",50,0,1,3.462256050999713,True,True
d06-code-editor_dpr2_light_V06,d06-code-editor_dpr2_light,d06-code-editor,desktop,2,light,V06,jpeg,85,1.0,2560,1600,429903,0.839654,chromium,doctr,ok,0.9172932330827068,"{""0.3"": {""matched"": 44, ""n_gt"": 62, ""n_pred"": 50}, ""0.5"": {""matched"": 32, ""n_gt"": 62, ""n_pred"": 50}, ""0.7"": {""matched"": 7, ""n_gt"": 62, ""n_pred"": 50}}",50,0,1,3.4004865269998845,True,True
d06-code-editor_dpr2_light_V07,d06-code-editor_dpr2_light,d06-code-editor,desktop,2,light,V07,webp,90,1.0,2560,1600,188544,0.36825,chromium,doctr,ok,0.9223057644110277,"{""0.3"": {""matched"": 44, ""n_gt"": 62, ""n_pred"": 50}, ""0.5"": {""matched"": 32, ""n_gt"": 62, ""n_pred"": 50}, ""0.7"": {""matched"": 7, ""n_gt"": 62, ""n_pred"": 50}}",50,0,1,3.3621002610007054,True,True
d06-code-editor_dpr2_light_V08,d06-code-editor_dpr2_light,d06-code-editor,desktop,2,light,V08,webp,75,1.0,2560,1600,121978,0.238238,chromium,doctr,ok,0.912280701754386,"{""0.3"": {""matched"": 44, ""n_gt"": 62, ""n_pred"": 50}, ""0.5"": {""matched"": 32, ""n_gt"": 62, ""n_pred"": 50}, ""0.7"": {""matched"": 7, ""n_gt"": 62, ""n_pred"": 50}}",50,0,1,3.2568541179998647,True,True
d06-code-editor_dpr2_light_V09,d06-code-editor_dpr2_light,d06-code-editor,desktop,2,light,V09,webp,50,1.0,2560,1600,99612,0.194555,chromium,doctr,ok,0.9172932330827068,"{""0.3"": {""matched"": 44, ""n_gt"": 62, ""n_pred"": 50}, ""0.5"": {""matched"": 32, ""n_gt"": 62, ""n_pred"": 50}, ""0.7"": {""matched"": 7, ""n_gt"": 62, ""n_pred"": 50}}",50,0,1,3.278785348999918,True,True
d06-code-editor_dpr2_light_V10,d06-code-editor_dpr2_light,d06-code-editor,desktop,2,light,V10,avif,80,1.0,2560,1600,167988,0.328102,chromium,doctr,ok,0.9223057644110277,"{""0.3"": {""matched"": 44, ""n_gt"": 62, ""n_pred"": 50}, ""0.5"": {""matched"": 32, ""n_gt"": 62, ""n_pred"": 50}, ""0.7"": {""matched"": 7, ""n_gt"": 62, ""n_pred"": 50}}",50,0,1,3.237208042999555,True,True
d06-code-editor_dpr2_light_V11,d06-code-editor_dpr2_light,d06-code-editor,desktop,2,light,V11,avif,60,1.0,2560,1600,110442,0.215707,chromium,doctr,ok,0.9172932330827068,"{""0.3"": {""matched"": 44, ""n_gt"": 62, ""n_pred"": 50}, ""0.5"": {""matched"": 32, ""n_gt"": 62, ""n_pred"": 50}, ""0.7"": {""matched"": 7, ""n_gt"": 62, ""n_pred"": 50}}",50,0,1,3.309209236999777,True,True
d06-code-editor_dpr2_light_V12,d06-code-editor_dpr2_light,d06-code-editor,desktop,2,light,V12,png,,0.5,1280,800,199725,1.560352,chromium,doctr,ok,0.9172932330827068,"{""0.3"": {""matched"": 46, ""n_gt"": 62, ""n_pred"": 50}, ""0.5"": {""matched"": 35, ""n_gt"": 62, ""n_pred"": 50}, ""0.7"": {""matched"": 12, ""n_gt"": 62, ""n_pred"": 50}}",50,0,1,3.1819122420001804,True,True
d06-code-editor_dpr2_light_V13,d06-code-editor_dpr2_light,d06-code-editor,desktop,2,light,V13,jpeg,75,0.5,1280,800,84773,0.662289,chromium,doctr,ok,0.9072681704260652,"{""0.3"": {""matched"": 46, ""n_gt"": 62, ""n_pred"": 50}, ""0.5"": {""matched"": 35, ""n_gt"": 62, ""n_pred"": 50}, ""0.7"": {""matched"": 10, ""n_gt"": 62, ""n_pred"": 50}}",50,0,1,3.2016572550001,True,True
m01-settings_dpr1_dark_V00,m01-settings_dpr1_dark,m01-settings,mobile,1,dark,V00,png,,1.0,390,844,44933,1.092065,chromium,doctr,ok,0.9702970297029702,"{""0.3"": {""matched"": 27, ""n_gt"": 27, ""n_pred"": 27}, ""0.5"": {""matched"": 27, ""n_gt"": 27, ""n_pred"": 27}, ""0.7"": {""matched"": 23, ""n_gt"": 27, ""n_pred"": 27}}",27,0,0,1.653283151999858,True,True
m01-settings_dpr1_dark_V02,m01-settings_dpr1_dark,m01-settings,mobile,1,dark,V02,jpeg,95,1.0,390,844,59902,1.455876,chromium,doctr,ok,0.99009900990099,"{""0.3"": {""matched"": 27, ""n_gt"": 27, ""n_pred"": 27}, ""0.5"": {""matched"": 27, ""n_gt"": 27, ""n_pred"": 27}, ""0.7"": {""matched"": 23, ""n_gt"": 27, ""n_pred"": 27}}",27,0,0,1.5272793670001192,True,True
m01-settings_dpr1_dark_V03,m01-settings_dpr1_dark,m01-settings,mobile,1,dark,V03,jpeg,85,1.0,390,844,38077,0.925434,chromium,doctr,ok,0.9702970297029702,"{""0.3"": {""matched"": 27, ""n_gt"": 27, ""n_pred"": 27}, ""0.5"": {""matched"": 27, ""n_gt"": 27, ""n_pred"": 27}, ""0.7"": {""matched"": 23, ""n_gt"": 27, ""n_pred"": 27}}",27,0,0,1.4033068270000513,True,True
m01-settings_dpr1_dark_V04,m01-settings_dpr1_dark,m01-settings,mobile,1,dark,V04,jpeg,75,1.0,390,844,30455,0.740187,chromium,doctr,ok,0.9504950495049505,"{""0.3"": {""matched"": 27, ""n_gt"": 27, ""n_pred"": 27}, ""0.5"": {""matched"": 27, ""n_gt"": 27, ""n_pred"": 27}, ""0.7"": {""matched"": 23, ""n_gt"": 27, ""n_pred"": 27}}",27,0,0,1.4067819940000845,True,True
m01-settings_dpr1_dark_V05,m01-settings_dpr1_dark,m01-settings,mobile,1,dark,V05,jpeg,60,1.0,390,844,24257,0.589549,chromium,doctr,ok,0.9411764705882353,"{""0.3"": {""matched"": 27, ""n_gt"": 27, ""n_pred"": 27}, ""0.5"": {""matched"": 27, ""n_gt"": 27, ""n_pred"": 27}, ""0.7"": {""matched"": 23, ""n_gt"": 27, ""n_pred"": 27}}",27,0,0,1.4603942319999987,True,True
m01-settings_dpr1_dark_V06,m01-settings_dpr1_dark,m01-settings,mobile,1,dark,V06,jpeg,85,1.0,390,844,51350,1.248025,chromium,doctr,ok,0.9702970297029702,"{""0.3"": {""matched"": 27, ""n_gt"": 27, ""n_pred"": 27}, ""0.5"": {""matched"": 27, ""n_gt"": 27, ""n_pred"": 27}, ""0.7"": {""matched"": 23, ""n_gt"": 27, ""n_pred"": 27}}",27,0,0,1.3989502140002514,True,True
m01-settings_dpr1_dark_V07,m01-settings_dpr1_dark,m01-settings,mobile,1,dark,V07,webp,90,1.0,390,844,24582,0.597448,chromium,doctr,ok,0.99009900990099,"{""0.3"": {""matched"": 27, ""n_gt"": 27, ""n_pred"": 27}, ""0.5"": {""matched"": 27, ""n_gt"": 27, ""n_pred"": 27}, ""0.7"": {""matched"": 23, ""n_gt"": 27, ""n_pred"": 27}}",27,0,0,1.4444692529996246,True,True
m01-settings_dpr1_dark_V08,m01-settings_dpr1_dark,m01-settings,mobile,1,dark,V08,webp,75,1.0,390,844,15544,0.377786,chromium,doctr,ok,0.9702970297029702,"{""0.3"": {""matched"": 27, ""n_gt"": 27, ""n_pred"": 27}, ""0.5"": {""matched"": 27, ""n_gt"": 27, ""n_pred"": 27}, ""0.7"": {""matched"": 24, ""n_gt"": 27, ""n_pred"": 27}}",27,0,0,1.4078488960003597,True,True
m01-settings_dpr1_dark_V09,m01-settings_dpr1_dark,m01-settings,mobile,1,dark,V09,webp,50,1.0,390,844,12634,0.30706,chromium,doctr,ok,0.9504950495049505,"{""0.3"": {""matched"": 27, ""n_gt"": 27, ""n_pred"": 27}, ""0.5"": {""matched"": 27, ""n_gt"": 27, ""n_pred"": 27}, ""0.7"": {""matched"": 24, ""n_gt"": 27, ""n_pred"": 27}}",27,0,0,1.4108983959995385,True,True
m01-settings_dpr1_dark_V10,m01-settings_dpr1_dark,m01-settings,mobile,1,dark,V10,avif,80,1.0,390,844,19919,0.484117,chromium,doctr,ok,0.9702970297029702,"{""0.3"": {""matched"": 27, ""n_gt"": 27, ""n_pred"": 27}, ""0.5"": {""matched"": 27, ""n_gt"": 27, ""n_pred"": 27}, ""0.7"": {""matched"": 23, ""n_gt"": 27, ""n_pred"": 27}}",27,0,0,1.5020258350004951,True,True
m01-settings_dpr1_dark_V11,m01-settings_dpr1_dark,m01-settings,mobile,1,dark,V11,avif,60,1.0,390,844,14086,0.34235,chromium,doctr,ok,0.99009900990099,"{""0.3"": {""matched"": 27, ""n_gt"": 27, ""n_pred"": 27}, ""0.5"": {""matched"": 27, ""n_gt"": 27, ""n_pred"": 27}, ""0.7"": {""matched"": 23, ""n_gt"": 27, ""n_pred"": 27}}",27,0,0,1.396929385000476,True,True
m01-settings_dpr1_dark_V12,m01-settings_dpr1_dark,m01-settings,mobile,1,dark,V12,png,,0.5,195,422,32889,3.197375,chromium,doctr,ok,0.8627450980392157,"{""0.3"": {""matched"": 26, ""n_gt"": 27, ""n_pred"": 26}, ""0.5"": {""matched"": 26, ""n_gt"": 27, ""n_pred"": 26}, ""0.7"": {""matched"": 23, ""n_gt"": 27, ""n_pred"": 26}}",26,0,0,1.434790924000481,True,True
m01-settings_dpr1_dark_V13,m01-settings_dpr1_dark,m01-settings,mobile,1,dark,V13,jpeg,75,0.5,195,422,10771,1.047126,chromium,doctr,ok,0.5454545454545455,"{""0.3"": {""matched"": 24, ""n_gt"": 27, ""n_pred"": 26}, ""0.5"": {""matched"": 24, ""n_gt"": 27, ""n_pred"": 26}, ""0.7"": {""matched"": 21, ""n_gt"": 27, ""n_pred"": 26}}",26,0,0,1.3574296480001067,True,True
m01-settings_dpr1_light_V00,m01-settings_dpr1_light,m01-settings,mobile,1,light,V00,png,,1.0,390,844,45204,1.098651,chromium,doctr,ok,0.99009900990099,"{""0.3"": {""matched"": 27, ""n_gt"": 27, ""n_pred"": 27}, ""0.5"": {""matched"": 27, ""n_gt"": 27, ""n_pred"": 27}, ""0.7"": {""matched"": 25, ""n_gt"": 27, ""n_pred"": 27}}",27,0,0,1.3808640729994295,True,True
m01-settings_dpr1_light_V02,m01-settings_dpr1_light,m01-settings,mobile,1,light,V02,jpeg,95,1.0,390,844,60261,1.464601,chromium,doctr,ok,0.9803921568627451,"{""0.3"": {""matched"": 27, ""n_gt"": 27, ""n_pred"": 27}, ""0.5"": {""matched"": 27, ""n_gt"": 27, ""n_pred"": 27}, ""0.7"": {""matched"": 25, ""n_gt"": 27, ""n_pred"": 27}}",27,0,0,1.429875897999409,True,True
m01-settings_dpr1_light_V03,m01-settings_dpr1_light,m01-settings,mobile,1,light,V03,jpeg,85,1.0,390,844,37989,0.923296,chromium,doctr,ok,0.9803921568627451,"{""0.3"": {""matched"": 27, ""n_gt"": 27, ""n_pred"": 27}, ""0.5"": {""matched"": 27, ""n_gt"": 27, ""n_pred"": 27}, ""0.7"": {""matched"": 25, ""n_gt"": 27, ""n_pred"": 27}}",27,0,0,1.4530283000003692,True,True
m01-settings_dpr1_light_V04,m01-settings_dpr1_light,m01-settings,mobile,1,light,V04,jpeg,75,1.0,390,844,30013,0.729445,chromium,doctr,ok,0.9607843137254902,"{""0.3"": {""matched"": 27, ""n_gt"": 27, ""n_pred"": 27}, ""0.5"": {""matched"": 27, ""n_gt"": 27, ""n_pred"": 27}, ""0.7"": {""matched"": 25, ""n_gt"": 27, ""n_pred"": 27}}",27,0,0,1.4329784540004766,True,True
m01-settings_dpr1_light_V05,m01-settings_dpr1_light,m01-settings,mobile,1,light,V05,jpeg,60,1.0,390,844,24658,0.599295,chromium,doctr,ok,0.99009900990099,"{""0.3"": {""matched"": 27, ""n_gt"": 27, ""n_pred"": 27}, ""0.5"": {""matched"": 27, ""n_gt"": 27, ""n_pred"": 27}, ""0.7"": {""matched"": 25, ""n_gt"": 27, ""n_pred"": 27}}",27,0,0,1.4513959289997729,True,True
m01-settings_dpr1_light_V06,m01-settings_dpr1_light,m01-settings,mobile,1,light,V06,jpeg,85,1.0,390,844,51944,1.262462,chromium,doctr,ok,0.9803921568627451,"{""0.3"": {""matched"": 27, ""n_gt"": 27, ""n_pred"": 27}, ""0.5"": {""matched"": 27, ""n_gt"": 27, ""n_pred"": 27}, ""0.7"": {""matched"": 25, ""n_gt"": 27, ""n_pred"": 27}}",27,0,0,1.3783551879996594,True,True
m01-settings_dpr1_light_V07,m01-settings_dpr1_light,m01-settings,mobile,1,light,V07,webp,90,1.0,390,844,24980,0.607121,chromium,doctr,ok,0.9803921568627451,"{""0.3"": {""matched"": 27, ""n_gt"": 27, ""n_pred"": 27}, ""0.5"": {""matched"": 27, ""n_gt"": 27, ""n_pred"": 27}, ""0.7"": {""matched"": 25, ""n_gt"": 27, ""n_pred"": 27}}",27,0,0,1.4352355659993918,True,True
m01-settings_dpr1_light_V08,m01-settings_dpr1_light,m01-settings,mobile,1,light,V08,webp,75,1.0,390,844,15988,0.388577,chromium,doctr,ok,0.9803921568627451,"{""0.3"": {""matched"": 27, ""n_gt"": 27, ""n_pred"": 27}, ""0.5"": {""matched"": 27, ""n_gt"": 27, ""n_pred"": 27}, ""0.7"": {""matched"": 25, ""n_gt"": 27, ""n_pred"": 27}}",27,0,0,1.4471860679996098,True,True
m01-settings_dpr1_light_V09,m01-settings_dpr1_light,m01-settings,mobile,1,light,V09,webp,50,1.0,390,844,13048,0.317122,chromium,doctr,ok,0.9607843137254902,"{""0.3"": {""matched"": 27, ""n_gt"": 27, ""n_pred"": 27}, ""0.5"": {""matched"": 27, ""n_gt"": 27, ""n_pred"": 27}, ""0.7"": {""matched"": 25, ""n_gt"": 27, ""n_pred"": 27}}",27,0,0,1.409993305000171,True,True
m01-settings_dpr1_light_V10,m01-settings_dpr1_light,m01-settings,mobile,1,light,V10,avif,80,1.0,390,844,20031,0.486839,chromium,doctr,ok,0.9803921568627451,"{""0.3"": {""matched"": 27, ""n_gt"": 27, ""n_pred"": 27}, ""0.5"": {""matched"": 27, ""n_gt"": 27, ""n_pred"": 27}, ""0.7"": {""matched"": 25, ""n_gt"": 27, ""n_pred"": 27}}",27,0,0,1.5029096179996486,True,True
m01-settings_dpr1_light_V11,m01-settings_dpr1_light,m01-settings,mobile,1,light,V11,avif,60,1.0,390,844,14265,0.346701,chromium,doctr,ok,0.9803921568627451,"{""0.3"": {""matched"": 27, ""n_gt"": 27, ""n_pred"": 27}, ""0.5"": {""matched"": 27, ""n_gt"": 27, ""n_pred"": 27}, ""0.7"": {""matched"": 25, ""n_gt"": 27, ""n_pred"": 27}}",27,0,0,1.4425980920004804,True,True
m01-settings_dpr1_light_V12,m01-settings_dpr1_light,m01-settings,mobile,1,light,V12,png,,0.5,195,422,31346,3.047369,chromium,doctr,ok,0.9019607843137255,"{""0.3"": {""matched"": 27, ""n_gt"": 27, ""n_pred"": 27}, ""0.5"": {""matched"": 27, ""n_gt"": 27, ""n_pred"": 27}, ""0.7"": {""matched"": 24, ""n_gt"": 27, ""n_pred"": 27}}",27,0,0,1.437686899000255,True,True
m01-settings_dpr1_light_V13,m01-settings_dpr1_light,m01-settings,mobile,1,light,V13,jpeg,75,0.5,195,422,10318,1.003087,chromium,doctr,ok,0.7216494845360826,"{""0.3"": {""matched"": 27, ""n_gt"": 27, ""n_pred"": 27}, ""0.5"": {""matched"": 26, ""n_gt"": 27, ""n_pred"": 27}, ""0.7"": {""matched"": 22, ""n_gt"": 27, ""n_pred"": 27}}",27,0,0,1.3860963050001374,True,True
m01-settings_dpr2_dark_V00,m01-settings_dpr2_dark,m01-settings,mobile,2,dark,V00,png,,1.0,780,1688,101728,0.618107,chromium,doctr,ok,0.99009900990099,"{""0.3"": {""matched"": 27, ""n_gt"": 27, ""n_pred"": 27}, ""0.5"": {""matched"": 27, ""n_gt"": 27, ""n_pred"": 27}, ""0.7"": {""matched"": 23, ""n_gt"": 27, ""n_pred"": 27}}",27,0,0,1.4711115700001756,True,True
m01-settings_dpr2_dark_V02,m01-settings_dpr2_dark,m01-settings,mobile,2,dark,V02,jpeg,95,1.0,780,1688,148333,0.901282,chromium,doctr,ok,0.99009900990099,"{""0.3"": {""matched"": 27, ""n_gt"": 27, ""n_pred"": 27}, ""0.5"": {""matched"": 27, ""n_gt"": 27, ""n_pred"": 27}, ""0.7"": {""matched"": 23, ""n_gt"": 27, ""n_pred"": 27}}",27,0,0,1.393525251999563,True,True
m01-settings_dpr2_dark_V03,m01-settings_dpr2_dark,m01-settings,mobile,2,dark,V03,jpeg,85,1.0,780,1688,96051,0.583613,chromium,doctr,ok,0.99009900990099,"{""0.3"": {""matched"": 27, ""n_gt"": 27, ""n_pred"": 27}, ""0.5"": {""matched"": 27, ""n_gt"": 27, ""n_pred"": 27}, ""0.7"": {""matched"": 23, ""n_gt"": 27, ""n_pred"": 27}}",27,0,0,1.4945122230001289,True,True
m01-settings_dpr2_dark_V04,m01-settings_dpr2_dark,m01-settings,mobile,2,dark,V04,jpeg,75,1.0,780,1688,77659,0.471862,chromium,doctr,ok,0.99009900990099,"{""0.3"": {""matched"": 27, ""n_gt"": 27, ""n_pred"": 27}, ""0.5"": {""matched"": 27, ""n_gt"": 27, ""n_pred"": 27}, ""0.7"": {""matched"": 23, ""n_gt"": 27, ""n_pred"": 27}}",27,0,0,1.3846233929998562,True,True
m01-settings_dpr2_dark_V05,m01-settings_dpr2_dark,m01-settings,mobile,2,dark,V05,jpeg,60,1.0,780,1688,64195,0.390053,chromium,doctr,ok,0.99009900990099,"{""0.3"": {""matched"": 27, ""n_gt"": 27, ""n_pred"": 27}, ""0.5"": {""matched"": 27, ""n_gt"": 27, ""n_pred"": 27}, ""0.7"": {""matched"": 22, ""n_gt"": 27, ""n_pred"": 27}}",27,0,0,1.4723535689990968,True,True
m01-settings_dpr2_dark_V06,m01-settings_dpr2_dark,m01-settings,mobile,2,dark,V06,jpeg,85,1.0,780,1688,131225,0.797333,chromium,doctr,ok,0.99009900990099,"{""0.3"": {""matched"": 27, ""n_gt"": 27, ""n_pred"": 27}, ""0.5"": {""matched"": 27, ""n_gt"": 27, ""n_pred"": 27}, ""0.7"": {""matched"": 23, ""n_gt"": 27, ""n_pred"": 27}}",27,0,0,1.41626026799986,True,True
m01-settings_dpr2_dark_V07,m01-settings_dpr2_dark,m01-settings,mobile,2,dark,V07,webp,90,1.0,780,1688,56082,0.340758,chromium,doctr,ok,0.99009900990099,"{""0.3"": {""matched"": 27, ""n_gt"": 27, ""n_pred"": 27}, ""0.5"": {""matched"": 27, ""n_gt"": 27, ""n_pred"": 27}, ""0.7"": {""matched"": 23, ""n_gt"": 27, ""n_pred"": 27}}",27,0,0,1.3975515290003386,True,True
m01-settings_dpr2_dark_V08,m01-settings_dpr2_dark,m01-settings,mobile,2,dark,V08,webp,75,1.0,780,1688,35134,0.213477,chromium,doctr,ok,0.99009900990099,"{""0.3"": {""matched"": 27, ""n_gt"": 27, ""n_pred"": 27}, ""0.5"": {""matched"": 27, ""n_gt"": 27, ""n_pred"": 27}, ""0.7"": {""matched"": 23, ""n_gt"": 27, ""n_pred"": 27}}",27,0,0,1.539863489999334,True,True
m01-settings_dpr2_dark_V09,m01-settings_dpr2_dark,m01-settings,mobile,2,dark,V09,webp,50,1.0,780,1688,28356,0.172293,chromium,doctr,ok,0.99009900990099,"{""0.3"": {""matched"": 27, ""n_gt"": 27, ""n_pred"": 27}, ""0.5"": {""matched"": 27, ""n_gt"": 27, ""n_pred"": 27}, ""0.7"": {""matched"": 23, ""n_gt"": 27, ""n_pred"": 27}}",27,0,0,1.3377373439998337,True,True
m01-settings_dpr2_dark_V10,m01-settings_dpr2_dark,m01-settings,mobile,2,dark,V10,avif,80,1.0,780,1688,38797,0.235733,chromium,doctr,ok,0.99009900990099,"{""0.3"": {""matched"": 27, ""n_gt"": 27, ""n_pred"": 27}, ""0.5"": {""matched"": 27, ""n_gt"": 27, ""n_pred"": 27}, ""0.7"": {""matched"": 23, ""n_gt"": 27, ""n_pred"": 27}}",27,0,0,1.418614859999252,True,True
m01-settings_dpr2_dark_V11,m01-settings_dpr2_dark,m01-settings,mobile,2,dark,V11,avif,60,1.0,780,1688,27309,0.165931,chromium,doctr,ok,0.99009900990099,"{""0.3"": {""matched"": 27, ""n_gt"": 27, ""n_pred"": 27}, ""0.5"": {""matched"": 27, ""n_gt"": 27, ""n_pred"": 27}, ""0.7"": {""matched"": 23, ""n_gt"": 27, ""n_pred"": 27}}",27,0,0,1.4434282780002832,True,True
m01-settings_dpr2_dark_V12,m01-settings_dpr2_dark,m01-settings,mobile,2,dark,V12,png,,0.5,390,844,77665,1.887593,chromium,doctr,ok,0.9702970297029702,"{""0.3"": {""matched"": 27, ""n_gt"": 27, ""n_pred"": 27}, ""0.5"": {""matched"": 27, ""n_gt"": 27, ""n_pred"": 27}, ""0.7"": {""matched"": 25, ""n_gt"": 27, ""n_pred"": 27}}",27,0,0,1.3413728929999706,True,True
m01-settings_dpr2_dark_V13,m01-settings_dpr2_dark,m01-settings,mobile,2,dark,V13,jpeg,75,0.5,390,844,29494,0.716831,chromium,doctr,ok,0.9607843137254902,"{""0.3"": {""matched"": 27, ""n_gt"": 27, ""n_pred"": 27}, ""0.5"": {""matched"": 27, ""n_gt"": 27, ""n_pred"": 27}, ""0.7"": {""matched"": 25, ""n_gt"": 27, ""n_pred"": 27}}",27,0,0,1.386936455999603,True,True
m01-settings_dpr2_light_V00,m01-settings_dpr2_light,m01-settings,mobile,2,light,V00,png,,1.0,780,1688,103144,0.62671,chromium,doctr,ok,0.9803921568627451,"{""0.3"": {""matched"": 27, ""n_gt"": 27, ""n_pred"": 27}, ""0.5"": {""matched"": 27, ""n_gt"": 27, ""n_pred"": 27}, ""0.7"": {""matched"": 23, ""n_gt"": 27, ""n_pred"": 27}}",27,0,0,1.4384772249995876,True,True
m01-settings_dpr2_light_V02,m01-settings_dpr2_light,m01-settings,mobile,2,light,V02,jpeg,95,1.0,780,1688,150575,0.914905,chromium,doctr,ok,0.9803921568627451,"{""0.3"": {""matched"": 27, ""n_gt"": 27, ""n_pred"": 27}, ""0.5"": {""matched"": 27, ""n_gt"": 27, ""n_pred"": 27}, ""0.7"": {""matched"": 22, ""n_gt"": 27, ""n_pred"": 27}}",27,0,0,1.465894577000654,True,True
m01-settings_dpr2_light_V03,m01-settings_dpr2_light,m01-settings,mobile,2,light,V03,jpeg,85,1.0,780,1688,97641,0.593274,chromium,doctr,ok,0.9803921568627451,"{""0.3"": {""matched"": 27, ""n_gt"": 27, ""n_pred"": 27}, ""0.5"": {""matched"": 27, ""n_gt"": 27, ""n_pred"": 27}, ""0.7"": {""matched"": 22, ""n_gt"": 27, ""n_pred"": 27}}",27,0,0,1.4705977589992472,True,True
m01-settings_dpr2_light_V04,m01-settings_dpr2_light,m01-settings,mobile,2,light,V04,jpeg,75,1.0,780,1688,77675,0.471959,chromium,doctr,ok,0.9803921568627451,"{""0.3"": {""matched"": 27, ""n_gt"": 27, ""n_pred"": 27}, ""0.5"": {""matched"": 27, ""n_gt"": 27, ""n_pred"": 27}, ""0.7"": {""matched"": 22, ""n_gt"": 27, ""n_pred"": 27}}",27,0,0,1.4624829470003533,True,True
m01-settings_dpr2_light_V05,m01-settings_dpr2_light,m01-settings,mobile,2,light,V05,jpeg,60,1.0,780,1688,64649,0.392812,chromium,doctr,ok,0.9803921568627451,"{""0.3"": {""matched"": 27, ""n_gt"": 27, ""n_pred"": 27}, ""0.5"": {""matched"": 27, ""n_gt"": 27, ""n_pred"": 27}, ""0.7"": {""matched"": 21, ""n_gt"": 27, ""n_pred"": 27}}",27,0,0,1.4279898539998612,True,True
m01-settings_dpr2_light_V06,m01-settings_dpr2_light,m01-settings,mobile,2,light,V06,jpeg,85,1.0,780,1688,133980,0.814072,chromium,doctr,ok,0.9803921568627451,"{""0.3"": {""matched"": 27, ""n_gt"": 27, ""n_pred"": 27}, ""0.5"": {""matched"": 27, ""n_gt"": 27, ""n_pred"": 27}, ""0.7"": {""matched"": 23, ""n_gt"": 27, ""n_pred"": 27}}",27,0,0,1.4081409589998657,True,True
m01-settings_dpr2_light_V07,m01-settings_dpr2_light,m01-settings,mobile,2,light,V07,webp,90,1.0,780,1688,57856,0.351537,chromium,doctr,ok,0.9803921568627451,"{""0.3"": {""matched"": 27, ""n_gt"": 27, ""n_pred"": 27}, ""0.5"": {""matched"": 27, ""n_gt"": 27, ""n_pred"": 27}, ""0.7"": {""matched"": 22, ""n_gt"": 27, ""n_pred"": 27}}",27,0,0,1.4330699700003606,True,True
m01-settings_dpr2_light_V08,m01-settings_dpr2_light,m01-settings,mobile,2,light,V08,webp,75,1.0,780,1688,36216,0.220051,chromium,doctr,ok,0.9803921568627451,"{""0.3"": {""matched"": 27, ""n_gt"": 27, ""n_pred"": 27}, ""0.5"": {""matched"": 27, ""n_gt"": 27, ""n_pred"": 27}, ""0.7"": {""matched"": 24, ""n_gt"": 27, ""n_pred"": 27}}",27,0,0,1.4264258570001402,True,True
m01-settings_dpr2_light_V09,m01-settings_dpr2_light,m01-settings,mobile,2,light,V09,webp,50,1.0,780,1688,29596,0.179827,chromium,doctr,ok,0.9803921568627451,"{""0.3"": {""matched"": 27, ""n_gt"": 27, ""n_pred"": 27}, ""0.5"": {""matched"": 27, ""n_gt"": 27, ""n_pred"": 27}, ""0.7"": {""matched"": 22, ""n_gt"": 27, ""n_pred"": 27}}",27,0,0,1.3984567199995581,True,True
m01-settings_dpr2_light_V10,m01-settings_dpr2_light,m01-settings,mobile,2,light,V10,avif,80,1.0,780,1688,38673,0.23498,chromium,doctr,ok,0.9803921568627451,"{""0.3"": {""matched"": 27, ""n_gt"": 27, ""n_pred"": 27}, ""0.5"": {""matched"": 27, ""n_gt"": 27, ""n_pred"": 27}, ""0.7"": {""matched"": 22, ""n_gt"": 27, ""n_pred"": 27}}",27,0,0,1.3996730429998934,True,True
m01-settings_dpr2_light_V11,m01-settings_dpr2_light,m01-settings,mobile,2,light,V11,avif,60,1.0,780,1688,27575,0.167548,chromium,doctr,ok,0.9803921568627451,"{""0.3"": {""matched"": 27, ""n_gt"": 27, ""n_pred"": 27}, ""0.5"": {""matched"": 27, ""n_gt"": 27, ""n_pred"": 27}, ""0.7"": {""matched"": 22, ""n_gt"": 27, ""n_pred"": 27}}",27,0,0,1.4583224850002807,True,True
m01-settings_dpr2_light_V12,m01-settings_dpr2_light,m01-settings,mobile,2,light,V12,png,,0.5,390,844,75348,1.83128,chromium,doctr,ok,0.9803921568627451,"{""0.3"": {""matched"": 27, ""n_gt"": 27, ""n_pred"": 27}, ""0.5"": {""matched"": 27, ""n_gt"": 27, ""n_pred"": 27}, ""0.7"": {""matched"": 24, ""n_gt"": 27, ""n_pred"": 27}}",27,0,0,1.4331617469997582,True,True
m01-settings_dpr2_light_V13,m01-settings_dpr2_light,m01-settings,mobile,2,light,V13,jpeg,75,0.5,390,844,29923,0.727257,chromium,doctr,ok,0.9803921568627451,"{""0.3"": {""matched"": 27, ""n_gt"": 27, ""n_pred"": 27}, ""0.5"": {""matched"": 27, ""n_gt"": 27, ""n_pred"": 27}, ""0.7"": {""matched"": 24, ""n_gt"": 27, ""n_pred"": 27}}",27,0,0,1.3709129790004226,True,True
m01-settings_dpr3_dark_V00,m01-settings_dpr3_dark,m01-settings,mobile,3,dark,V00,png,,1.0,1170,2532,158258,0.427372,chromium,doctr,ok,0.99009900990099,"{""0.3"": {""matched"": 27, ""n_gt"": 27, ""n_pred"": 27}, ""0.5"": {""matched"": 27, ""n_gt"": 27, ""n_pred"": 27}, ""0.7"": {""matched"": 21, ""n_gt"": 27, ""n_pred"": 27}}",27,0,0,1.392466647999754,True,True
m01-settings_dpr3_dark_V02,m01-settings_dpr3_dark,m01-settings,mobile,3,dark,V02,jpeg,95,1.0,1170,2532,259931,0.701938,chromium,doctr,ok,0.99009900990099,"{""0.3"": {""matched"": 27, ""n_gt"": 27, ""n_pred"": 27}, ""0.5"": {""matched"": 27, ""n_gt"": 27, ""n_pred"": 27}, ""0.7"": {""matched"": 21, ""n_gt"": 27, ""n_pred"": 27}}",27,0,0,1.4740633000001253,True,True
m01-settings_dpr3_dark_V03,m01-settings_dpr3_dark,m01-settings,mobile,3,dark,V03,jpeg,85,1.0,1170,2532,173589,0.468773,chromium,doctr,ok,0.99009900990099,"{""0.3"": {""matched"": 27, ""n_gt"": 27, ""n_pred"": 27}, ""0.5"": {""matched"": 27, ""n_gt"": 27, ""n_pred"": 27}, ""0.7"": {""matched"": 22, ""n_gt"": 27, ""n_pred"": 27}}",27,0,0,1.5063475619999735,True,True
m01-settings_dpr3_dark_V04,m01-settings_dpr3_dark,m01-settings,mobile,3,dark,V04,jpeg,75,1.0,1170,2532,143354,0.387124,chromium,doctr,ok,0.99009900990099,"{""0.3"": {""matched"": 27, ""n_gt"": 27, ""n_pred"": 27}, ""0.5"": {""matched"": 27, ""n_gt"": 27, ""n_pred"": 27}, ""0.7"": {""matched"": 22, ""n_gt"": 27, ""n_pred"": 27}}",27,0,0,1.4803975889999492,True,True
m01-settings_dpr3_dark_V05,m01-settings_dpr3_dark,m01-settings,mobile,3,dark,V05,jpeg,60,1.0,1170,2532,121982,0.32941,chromium,doctr,ok,0.99009900990099,"{""0.3"": {""matched"": 27, ""n_gt"": 27, ""n_pred"": 27}, ""0.5"": {""matched"": 27, ""n_gt"": 27, ""n_pred"": 27}, ""0.7"": {""matched"": 22, ""n_gt"": 27, ""n_pred"": 27}}",27,0,0,1.4198056359991824,True,True
m01-settings_dpr3_dark_V06,m01-settings_dpr3_dark,m01-settings,mobile,3,dark,V06,jpeg,85,1.0,1170,2532,238035,0.642808,chromium,doctr,ok,0.99009900990099,"{""0.3"": {""matched"": 27, ""n_gt"": 27, ""n_pred"": 27}, ""0.5"": {""matched"": 27, ""n_gt"": 27, ""n_pred"": 27}, ""0.7"": {""matched"": 22, ""n_gt"": 27, ""n_pred"": 27}}",27,0,0,1.4608687340005417,True,True
m01-settings_dpr3_dark_V07,m01-settings_dpr3_dark,m01-settings,mobile,3,dark,V07,webp,90,1.0,1170,2532,88344,0.238571,chromium,doctr,ok,0.99009900990099,"{""0.3"": {""matched"": 27, ""n_gt"": 27, ""n_pred"": 27}, ""0.5"": {""matched"": 27, ""n_gt"": 27, ""n_pred"": 27}, ""0.7"": {""matched"": 21, ""n_gt"": 27, ""n_pred"": 27}}",27,0,0,1.4407250809999823,True,True
m01-settings_dpr3_dark_V08,m01-settings_dpr3_dark,m01-settings,mobile,3,dark,V08,webp,75,1.0,1170,2532,54258,0.146522,chromium,doctr,ok,0.99009900990099,"{""0.3"": {""matched"": 27, ""n_gt"": 27, ""n_pred"": 27}, ""0.5"": {""matched"": 27, ""n_gt"": 27, ""n_pred"": 27}, ""0.7"": {""matched"": 21, ""n_gt"": 27, ""n_pred"": 27}}",27,0,0,1.3749400369997602,True,True
m01-settings_dpr3_dark_V09,m01-settings_dpr3_dark,m01-settings,mobile,3,dark,V09,webp,50,1.0,1170,2532,44070,0.11901,chromium,doctr,ok,0.99009900990099,"{""0.3"": {""matched"": 27, ""n_gt"": 27, ""n_pred"": 27}, ""0.5"": {""matched"": 27, ""n_gt"": 27, ""n_pred"": 27}, ""0.7"": {""matched"": 22, ""n_gt"": 27, ""n_pred"": 27}}",27,0,0,1.453401168999335,True,True
m01-settings_dpr3_dark_V10,m01-settings_dpr3_dark,m01-settings,mobile,3,dark,V10,avif,80,1.0,1170,2532,53603,0.144754,chromium,doctr,ok,0.99009900990099,"{""0.3"": {""matched"": 27, ""n_gt"": 27, ""n_pred"": 27}, ""0.5"": {""matched"": 27, ""n_gt"": 27, ""n_pred"": 27}, ""0.7"": {""matched"": 21, ""n_gt"": 27, ""n_pred"": 27}}",27,0,0,1.454610347000198,True,True
m01-settings_dpr3_dark_V11,m01-settings_dpr3_dark,m01-settings,mobile,3,dark,V11,avif,60,1.0,1170,2532,37511,0.101298,chromium,doctr,ok,0.99009900990099,"{""0.3"": {""matched"": 27, ""n_gt"": 27, ""n_pred"": 27}, ""0.5"": {""matched"": 27, ""n_gt"": 27, ""n_pred"": 27}, ""0.7"": {""matched"": 21, ""n_gt"": 27, ""n_pred"": 27}}",27,0,0,1.4394136920000165,True,True
m01-settings_dpr3_dark_V12,m01-settings_dpr3_dark,m01-settings,mobile,3,dark,V12,png,,0.5,585,1266,138608,1.497231,chromium,doctr,ok,0.9803921568627451,"{""0.3"": {""matched"": 27, ""n_gt"": 27, ""n_pred"": 27}, ""0.5"": {""matched"": 27, ""n_gt"": 27, ""n_pred"": 27}, ""0.7"": {""matched"": 23, ""n_gt"": 27, ""n_pred"": 27}}",27,0,0,1.371148715000345,True,True
m01-settings_dpr3_dark_V13,m01-settings_dpr3_dark,m01-settings,mobile,3,dark,V13,jpeg,75,0.5,585,1266,52796,0.570297,chromium,doctr,ok,0.99009900990099,"{""0.3"": {""matched"": 27, ""n_gt"": 27, ""n_pred"": 27}, ""0.5"": {""matched"": 27, ""n_gt"": 27, ""n_pred"": 27}, ""0.7"": {""matched"": 22, ""n_gt"": 27, ""n_pred"": 27}}",27,0,0,1.4114103840001917,True,True
m01-settings_dpr3_light_V00,m01-settings_dpr3_light,m01-settings,mobile,3,light,V00,png,,1.0,1170,2532,159695,0.431253,chromium,doctr,ok,0.9803921568627451,"{""0.3"": {""matched"": 27, ""n_gt"": 27, ""n_pred"": 27}, ""0.5"": {""matched"": 27, ""n_gt"": 27, ""n_pred"": 27}, ""0.7"": {""matched"": 22, ""n_gt"": 27, ""n_pred"": 27}}",27,0,0,1.5309813260000738,True,True
m01-settings_dpr3_light_V02,m01-settings_dpr3_light,m01-settings,mobile,3,light,V02,jpeg,95,1.0,1170,2532,262612,0.709178,chromium,doctr,ok,0.9803921568627451,"{""0.3"": {""matched"": 27, ""n_gt"": 27, ""n_pred"": 27}, ""0.5"": {""matched"": 27, ""n_gt"": 27, ""n_pred"": 27}, ""0.7"": {""matched"": 22, ""n_gt"": 27, ""n_pred"": 27}}",27,0,0,1.447597651000251,True,True
m01-settings_dpr3_light_V03,m01-settings_dpr3_light,m01-settings,mobile,3,light,V03,jpeg,85,1.0,1170,2532,174238,0.470526,chromium,doctr,ok,0.9803921568627451,"{""0.3"": {""matched"": 27, ""n_gt"": 27, ""n_pred"": 27}, ""0.5"": {""matched"": 27, ""n_gt"": 27, ""n_pred"": 27}, ""0.7"": {""matched"": 22, ""n_gt"": 27, ""n_pred"": 27}}",27,0,0,1.4763854470002116,True,True
m01-settings_dpr3_light_V04,m01-settings_dpr3_light,m01-settings,mobile,3,light,V04,jpeg,75,1.0,1170,2532,146034,0.394361,chromium,doctr,ok,0.9803921568627451,"{""0.3"": {""matched"": 27, ""n_gt"": 27, ""n_pred"": 27}, ""0.5"": {""matched"": 27, ""n_gt"": 27, ""n_pred"": 27}, ""0.7"": {""matched"": 22, ""n_gt"": 27, ""n_pred"": 27}}",27,0,0,1.5163169300003574,True,True
m01-settings_dpr3_light_V05,m01-settings_dpr3_light,m01-settings,mobile,3,light,V05,jpeg,60,1.0,1170,2532,121484,0.328065,chromium,doctr,ok,0.9803921568627451,"{""0.3"": {""matched"": 27, ""n_gt"": 27, ""n_pred"": 27}, ""0.5"": {""matched"": 27, ""n_gt"": 27, ""n_pred"": 27}, ""0.7"": {""matched"": 21, ""n_gt"": 27, ""n_pred"": 27}}",27,0,0,1.5758066549997238,True,True
m01-settings_dpr3_light_V06,m01-settings_dpr3_light,m01-settings,mobile,3,light,V06,jpeg,85,1.0,1170,2532,241210,0.651382,chromium,doctr,ok,0.9803921568627451,"{""0.3"": {""matched"": 27, ""n_gt"": 27, ""n_pred"": 27}, ""0.5"": {""matched"": 27, ""n_gt"": 27, ""n_pred"": 27}, ""0.7"": {""matched"": 22, ""n_gt"": 27, ""n_pred"": 27}}",27,0,0,1.4318114050001896,True,True
m01-settings_dpr3_light_V07,m01-settings_dpr3_light,m01-settings,mobile,3,light,V07,webp,90,1.0,1170,2532,91344,0.246672,chromium,doctr,ok,0.9803921568627451,"{""0.3"": {""matched"": 27, ""n_gt"": 27, ""n_pred"": 27}, ""0.5"": {""matched"": 27, ""n_gt"": 27, ""n_pred"": 27}, ""0.7"": {""matched"": 22, ""n_gt"": 27, ""n_pred"": 27}}",27,0,0,1.4922968279997804,True,True
m01-settings_dpr3_light_V08,m01-settings_dpr3_light,m01-settings,mobile,3,light,V08,webp,75,1.0,1170,2532,56674,0.153047,chromium,doctr,ok,0.9803921568627451,"{""0.3"": {""matched"": 27, ""n_gt"": 27, ""n_pred"": 27}, ""0.5"": {""matched"": 27, ""n_gt"": 27, ""n_pred"": 27}, ""0.7"": {""matched"": 22, ""n_gt"": 27, ""n_pred"": 27}}",27,0,0,1.4319615750000594,True,True
m01-settings_dpr3_light_V09,m01-settings_dpr3_light,m01-settings,mobile,3,light,V09,webp,50,1.0,1170,2532,46096,0.124481,chromium,doctr,ok,0.9803921568627451,"{""0.3"": {""matched"": 27, ""n_gt"": 27, ""n_pred"": 27}, ""0.5"": {""matched"": 27, ""n_gt"": 27, ""n_pred"": 27}, ""0.7"": {""matched"": 22, ""n_gt"": 27, ""n_pred"": 27}}",27,0,0,1.4131522569996378,True,True
m01-settings_dpr3_light_V10,m01-settings_dpr3_light,m01-settings,mobile,3,light,V10,avif,80,1.0,1170,2532,54311,0.146666,chromium,doctr,ok,0.9803921568627451,"{""0.3"": {""matched"": 27, ""n_gt"": 27, ""n_pred"": 27}, ""0.5"": {""matched"": 27, ""n_gt"": 27, ""n_pred"": 27}, ""0.7"": {""matched"": 22, ""n_gt"": 27, ""n_pred"": 27}}",27,0,0,1.48410635899927,True,True
m01-settings_dpr3_light_V11,m01-settings_dpr3_light,m01-settings,mobile,3,light,V11,avif,60,1.0,1170,2532,37751,0.101946,chromium,doctr,ok,0.9803921568627451,"{""0.3"": {""matched"": 27, ""n_gt"": 27, ""n_pred"": 27}, ""0.5"": {""matched"": 27, ""n_gt"": 27, ""n_pred"": 27}, ""0.7"": {""matched"": 22, ""n_gt"": 27, ""n_pred"": 27}}",27,0,0,1.4770898569995552,True,True
m01-settings_dpr3_light_V12,m01-settings_dpr3_light,m01-settings,mobile,3,light,V12,png,,0.5,585,1266,132638,1.432743,chromium,doctr,ok,0.970873786407767,"{""0.3"": {""matched"": 27, ""n_gt"": 27, ""n_pred"": 27}, ""0.5"": {""matched"": 27, ""n_gt"": 27, ""n_pred"": 27}, ""0.7"": {""matched"": 23, ""n_gt"": 27, ""n_pred"": 27}}",27,0,0,1.4298420430004626,True,True
m01-settings_dpr3_light_V13,m01-settings_dpr3_light,m01-settings,mobile,3,light,V13,jpeg,75,0.5,585,1266,52654,0.568764,chromium,doctr,ok,0.9803921568627451,"{""0.3"": {""matched"": 27, ""n_gt"": 27, ""n_pred"": 27}, ""0.5"": {""matched"": 27, ""n_gt"": 27, ""n_pred"": 27}, ""0.7"": {""matched"": 23, ""n_gt"": 27, ""n_pred"": 27}}",27,0,0,1.4220877660000042,True,True
m05-chat_dpr1_dark_V00,m05-chat_dpr1_dark,m05-chat,mobile,1,dark,V00,png,,1.0,390,844,48409,1.176546,chromium,doctr,ok,0.9787234042553191,"{""0.3"": {""matched"": 26, ""n_gt"": 26, ""n_pred"": 26}, ""0.5"": {""matched"": 26, ""n_gt"": 26, ""n_pred"": 26}, ""0.7"": {""matched"": 22, ""n_gt"": 26, ""n_pred"": 26}}",26,0,1,1.9204649670000435,True,True
m05-chat_dpr1_dark_V02,m05-chat_dpr1_dark,m05-chat,mobile,1,dark,V02,jpeg,95,1.0,390,844,77343,1.879767,chromium,doctr,ok,0.9735449735449735,"{""0.3"": {""matched"": 26, ""n_gt"": 26, ""n_pred"": 26}, ""0.5"": {""matched"": 26, ""n_gt"": 26, ""n_pred"": 26}, ""0.7"": {""matched"": 22, ""n_gt"": 26, ""n_pred"": 26}}",26,0,1,1.8991671500007214,True,True
m05-chat_dpr1_dark_V03,m05-chat_dpr1_dark,m05-chat,mobile,1,dark,V03,jpeg,85,1.0,390,844,48882,1.188042,chromium,doctr,ok,0.956989247311828,"{""0.3"": {""matched"": 26, ""n_gt"": 26, ""n_pred"": 26}, ""0.5"": {""matched"": 26, ""n_gt"": 26, ""n_pred"": 26}, ""0.7"": {""matched"": 22, ""n_gt"": 26, ""n_pred"": 26}}",26,0,1,1.8883767219995207,True,True
m05-chat_dpr1_dark_V04,m05-chat_dpr1_dark,m05-chat,mobile,1,dark,V04,jpeg,75,1.0,390,844,38233,0.929226,chromium,doctr,ok,0.9673913043478262,"{""0.3"": {""matched"": 26, ""n_gt"": 26, ""n_pred"": 26}, ""0.5"": {""matched"": 26, ""n_gt"": 26, ""n_pred"": 26}, ""0.7"": {""matched"": 22, ""n_gt"": 26, ""n_pred"": 26}}",26,0,1,1.9084934769998654,True,True
m05-chat_dpr1_dark_V05,m05-chat_dpr1_dark,m05-chat,mobile,1,dark,V05,jpeg,60,1.0,390,844,30166,0.733163,chromium,doctr,ok,0.8901098901098901,"{""0.3"": {""matched"": 26, ""n_gt"": 26, ""n_pred"": 26}, ""0.5"": {""matched"": 26, ""n_gt"": 26, ""n_pred"": 26}, ""0.7"": {""matched"": 21, ""n_gt"": 26, ""n_pred"": 26}}",26,0,1,1.8441702179998174,True,True
m05-chat_dpr1_dark_V06,m05-chat_dpr1_dark,m05-chat,mobile,1,dark,V06,jpeg,85,1.0,390,844,67565,1.642119,chromium,doctr,ok,0.9361702127659575,"{""0.3"": {""matched"": 26, ""n_gt"": 26, ""n_pred"": 26}, ""0.5"": {""matched"": 26, ""n_gt"": 26, ""n_pred"": 26}, ""0.7"": {""matched"": 22, ""n_gt"": 26, ""n_pred"": 26}}",26,0,1,1.9573042960000748,True,True
m05-chat_dpr1_dark_V07,m05-chat_dpr1_dark,m05-chat,mobile,1,dark,V07,webp,90,1.0,390,844,33252,0.808166,chromium,doctr,ok,0.9787234042553191,"{""0.3"": {""matched"": 26, ""n_gt"": 26, ""n_pred"": 26}, ""0.5"": {""matched"": 26, ""n_gt"": 26, ""n_pred"": 26}, ""0.7"": {""matched"": 22, ""n_gt"": 26, ""n_pred"": 26}}",26,0,1,1.9321943969998756,True,True
m05-chat_dpr1_dark_V08,m05-chat_dpr1_dark,m05-chat,mobile,1,dark,V08,webp,75,1.0,390,844,21494,0.522396,chromium,doctr,ok,0.956989247311828,"{""0.3"": {""matched"": 26, ""n_gt"": 26, ""n_pred"": 26}, ""0.5"": {""matched"": 26, ""n_gt"": 26, ""n_pred"": 26}, ""0.7"": {""matched"": 21, ""n_gt"": 26, ""n_pred"": 26}}",26,0,1,1.9347995650005032,True,True
m05-chat_dpr1_dark_V09,m05-chat_dpr1_dark,m05-chat,mobile,1,dark,V09,webp,50,1.0,390,844,17616,0.428144,chromium,doctr,ok,0.9735449735449735,"{""0.3"": {""matched"": 26, ""n_gt"": 26, ""n_pred"": 26}, ""0.5"": {""matched"": 26, ""n_gt"": 26, ""n_pred"": 26}, ""0.7"": {""matched"": 22, ""n_gt"": 26, ""n_pred"": 26}}",26,0,1,1.957251240000005,True,True
m05-chat_dpr1_dark_V10,m05-chat_dpr1_dark,m05-chat,mobile,1,dark,V10,avif,80,1.0,390,844,23583,0.573168,chromium,doctr,ok,0.9787234042553191,"{""0.3"": {""matched"": 26, ""n_gt"": 26, ""n_pred"": 26}, ""0.5"": {""matched"": 26, ""n_gt"": 26, ""n_pred"": 26}, ""0.7"": {""matched"": 22, ""n_gt"": 26, ""n_pred"": 26}}",26,0,1,1.9412427500001286,True,True
m05-chat_dpr1_dark_V11,m05-chat_dpr1_dark,m05-chat,mobile,1,dark,V11,avif,60,1.0,390,844,16639,0.404399,chromium,doctr,ok,0.9787234042553191,"{""0.3"": {""matched"": 26, ""n_gt"": 26, ""n_pred"": 26}, ""0.5"": {""matched"": 26, ""n_gt"": 26, ""n_pred"": 26}, ""0.7"": {""matched"": 22, ""n_gt"": 26, ""n_pred"": 26}}",26,0,1,1.867419248999795,True,True
m05-chat_dpr1_dark_V12,m05-chat_dpr1_dark,m05-chat,mobile,1,dark,V12,png,,0.5,195,422,44437,4.320039,chromium,doctr,ok,0.7912087912087913,"{""0.3"": {""matched"": 25, ""n_gt"": 26, ""n_pred"": 25}, ""0.5"": {""matched"": 25, ""n_gt"": 26, ""n_pred"": 25}, ""0.7"": {""matched"": 24, ""n_gt"": 26, ""n_pred"": 25}}",25,0,1,1.8738285919998816,True,True
m05-chat_dpr1_dark_V13,m05-chat_dpr1_dark,m05-chat,mobile,1,dark,V13,jpeg,75,0.5,195,422,12870,1.251185,chromium,doctr,ok,0.5875706214689266,"{""0.3"": {""matched"": 26, ""n_gt"": 26, ""n_pred"": 26}, ""0.5"": {""matched"": 25, ""n_gt"": 26, ""n_pred"": 26}, ""0.7"": {""matched"": 24, ""n_gt"": 26, ""n_pred"": 26}}",26,0,1,1.7820968770001855,True,True
m05-chat_dpr1_light_V00,m05-chat_dpr1_light,m05-chat,mobile,1,light,V00,png,,1.0,390,844,47470,1.153725,chromium,doctr,ok,0.9625668449197862,"{""0.3"": {""matched"": 26, ""n_gt"": 26, ""n_pred"": 26}, ""0.5"": {""matched"": 26, ""n_gt"": 26, ""n_pred"": 26}, ""0.7"": {""matched"": 20, ""n_gt"": 26, ""n_pred"": 26}}",26,0,1,1.9407071149998956,True,True
m05-chat_dpr1_light_V02,m05-chat_dpr1_light,m05-chat,mobile,1,light,V02,jpeg,95,1.0,390,844,79330,1.928059,chromium,doctr,ok,0.9625668449197862,"{""0.3"": {""matched"": 26, ""n_gt"": 26, ""n_pred"": 26}, ""0.5"": {""matched"": 26, ""n_gt"": 26, ""n_pred"": 26}, ""0.7"": {""matched"": 21, ""n_gt"": 26, ""n_pred"": 26}}",26,0,1,1.8933853419994193,True,True
m05-chat_dpr1_light_V03,m05-chat_dpr1_light,m05-chat,mobile,1,light,V03,jpeg,85,1.0,390,844,50229,1.22078,chromium,doctr,ok,0.956989247311828,"{""0.3"": {""matched"": 26, ""n_gt"": 26, ""n_pred"": 26}, ""0.5"": {""matched"": 26, ""n_gt"": 26, ""n_pred"": 26}, ""0.7"": {""matched"": 20, ""n_gt"": 26, ""n_pred"": 26}}",26,0,1,1.9475508719997379,True,True
m05-chat_dpr1_light_V04,m05-chat_dpr1_light,m05-chat,mobile,1,light,V04,jpeg,75,1.0,390,844,39032,0.948645,chromium,doctr,ok,0.956989247311828,"{""0.3"": {""matched"": 26, ""n_gt"": 26, ""n_pred"": 26}, ""0.5"": {""matched"": 26, ""n_gt"": 26, ""n_pred"": 26}, ""0.7"": {""matched"": 20, ""n_gt"": 26, ""n_pred"": 26}}",26,0,1,1.8518685789995288,True,True
m05-chat_dpr1_light_V05,m05-chat_dpr1_light,m05-chat,mobile,1,light,V05,jpeg,60,1.0,390,844,31107,0.756034,chromium,doctr,ok,0.9130434782608695,"{""0.3"": {""matched"": 26, ""n_gt"": 26, ""n_pred"": 26}, ""0.5"": {""matched"": 26, ""n_gt"": 26, ""n_pred"": 26}, ""0.7"": {""matched"": 21, ""n_gt"": 26, ""n_pred"": 26}}",26,0,1,1.8075770130008095,True,True
m05-chat_dpr1_light_V06,m05-chat_dpr1_light,m05-chat,mobile,1,light,V06,jpeg,85,1.0,390,844,70736,1.719188,chromium,doctr,ok,0.956989247311828,"{""0.3"": {""matched"": 26, ""n_gt"": 26, ""n_pred"": 26}, ""0.5"": {""matched"": 26, ""n_gt"": 26, ""n_pred"": 26}, ""0.7"": {""matched"": 21, ""n_gt"": 26, ""n_pred"": 26}}",26,0,1,1.9032473750003192,True,True
m05-chat_dpr1_light_V07,m05-chat_dpr1_light,m05-chat,mobile,1,light,V07,webp,90,1.0,390,844,34446,0.837186,chromium,doctr,ok,0.9625668449197862,"{""0.3"": {""matched"": 26, ""n_gt"": 26, ""n_pred"": 26}, ""0.5"": {""matched"": 26, ""n_gt"": 26, ""n_pred"": 26}, ""0.7"": {""matched"": 22, ""n_gt"": 26, ""n_pred"": 26}}",26,0,1,1.9055090729998483,True,True
m05-chat_dpr1_light_V08,m05-chat_dpr1_light,m05-chat,mobile,1,light,V08,webp,75,1.0,390,844,22722,0.552242,chromium,doctr,ok,0.9518716577540107,"{""0.3"": {""matched"": 26, ""n_gt"": 26, ""n_pred"": 26}, ""0.5"": {""matched"": 26, ""n_gt"": 26, ""n_pred"": 26}, ""0.7"": {""matched"": 21, ""n_gt"": 26, ""n_pred"": 26}}",26,0,1,1.9021826930002135,True,True
m05-chat_dpr1_light_V09,m05-chat_dpr1_light,m05-chat,mobile,1,light,V09,webp,50,1.0,390,844,18592,0.451865,chromium,doctr,ok,0.9625668449197862,"{""0.3"": {""matched"": 26, ""n_gt"": 26, ""n_pred"": 26}, ""0.5"": {""matched"": 26, ""n_gt"": 26, ""n_pred"": 26}, ""0.7"": {""matched"": 22, ""n_gt"": 26, ""n_pred"": 26}}",26,0,1,1.8935122550001324,True,True
m05-chat_dpr1_light_V10,m05-chat_dpr1_light,m05-chat,mobile,1,light,V10,avif,80,1.0,390,844,23933,0.581675,chromium,doctr,ok,0.9680851063829787,"{""0.3"": {""matched"": 26, ""n_gt"": 26, ""n_pred"": 26}, ""0.5"": {""matched"": 26, ""n_gt"": 26, ""n_pred"": 26}, ""0.7"": {""matched"": 22, ""n_gt"": 26, ""n_pred"": 26}}",26,0,1,2.0063749470000403,True,True
m05-chat_dpr1_light_V11,m05-chat_dpr1_light,m05-chat,mobile,1,light,V11,avif,60,1.0,390,844,16979,0.412663,chromium,doctr,ok,0.9680851063829787,"{""0.3"": {""matched"": 26, ""n_gt"": 26, ""n_pred"": 26}, ""0.5"": {""matched"": 26, ""n_gt"": 26, ""n_pred"": 26}, ""0.7"": {""matched"": 21, ""n_gt"": 26, ""n_pred"": 26}}",26,0,1,2.011512822000441,True,True
m05-chat_dpr1_light_V12,m05-chat_dpr1_light,m05-chat,mobile,1,light,V12,png,,0.5,195,422,42669,4.148159,chromium,doctr,ok,0.8369565217391304,"{""0.3"": {""matched"": 26, ""n_gt"": 26, ""n_pred"": 26}, ""0.5"": {""matched"": 26, ""n_gt"": 26, ""n_pred"": 26}, ""0.7"": {""matched"": 25, ""n_gt"": 26, ""n_pred"": 26}}",26,0,1,2.0251119200001995,True,True
m05-chat_dpr1_light_V13,m05-chat_dpr1_light,m05-chat,mobile,1,light,V13,jpeg,75,0.5,195,422,13076,1.271212,chromium,doctr,ok,0.6775956284153006,"{""0.3"": {""matched"": 26, ""n_gt"": 26, ""n_pred"": 26}, ""0.5"": {""matched"": 26, ""n_gt"": 26, ""n_pred"": 26}, ""0.7"": {""matched"": 25, ""n_gt"": 26, ""n_pred"": 26}}",26,0,1,1.8313696690001962,True,True
m05-chat_dpr2_dark_V00,m05-chat_dpr2_dark,m05-chat,mobile,2,dark,V00,png,,1.0,780,1688,124765,0.758081,chromium,doctr,ok,0.9735449735449735,"{""0.3"": {""matched"": 26, ""n_gt"": 26, ""n_pred"": 26}, ""0.5"": {""matched"": 26, ""n_gt"": 26, ""n_pred"": 26}, ""0.7"": {""matched"": 21, ""n_gt"": 26, ""n_pred"": 26}}",26,0,1,1.9545871379996242,True,True
m05-chat_dpr2_dark_V02,m05-chat_dpr2_dark,m05-chat,mobile,2,dark,V02,jpeg,95,1.0,780,1688,190795,1.159284,chromium,doctr,ok,0.9735449735449735,"{""0.3"": {""matched"": 26, ""n_gt"": 26, ""n_pred"": 26}, ""0.5"": {""matched"": 26, ""n_gt"": 26, ""n_pred"": 26}, ""0.7"": {""matched"": 21, ""n_gt"": 26, ""n_pred"": 26}}",26,0,1,1.8320472309997058,True,True
m05-chat_dpr2_dark_V03,m05-chat_dpr2_dark,m05-chat,mobile,2,dark,V03,jpeg,85,1.0,780,1688,121021,0.735332,chromium,doctr,ok,0.9735449735449735,"{""0.3"": {""matched"": 26, ""n_gt"": 26, ""n_pred"": 26}, ""0.5"": {""matched"": 26, ""n_gt"": 26, ""n_pred"": 26}, ""0.7"": {""matched"": 21, ""n_gt"": 26, ""n_pred"": 26}}",26,0,1,1.961208018000434,True,True
m05-chat_dpr2_dark_V04,m05-chat_dpr2_dark,m05-chat,mobile,2,dark,V04,jpeg,75,1.0,780,1688,95649,0.58117,chromium,doctr,ok,0.9735449735449735,"{""0.3"": {""matched"": 26, ""n_gt"": 26, ""n_pred"": 26}, ""0.5"": {""matched"": 26, ""n_gt"": 26, ""n_pred"": 26}, ""0.7"": {""matched"": 21, ""n_gt"": 26, ""n_pred"": 26}}",26,0,1,1.923570187000223,True,True
m05-chat_dpr2_dark_V05,m05-chat_dpr2_dark,m05-chat,mobile,2,dark,V05,jpeg,60,1.0,780,1688,78417,0.476467,chromium,doctr,ok,0.9787234042553191,"{""0.3"": {""matched"": 26, ""n_gt"": 26, ""n_pred"": 26}, ""0.5"": {""matched"": 26, ""n_gt"": 26, ""n_pred"": 26}, ""0.7"": {""matched"": 21, ""n_gt"": 26, ""n_pred"": 26}}",26,0,1,1.9454608109999754,True,True
m05-chat_dpr2_dark_V06,m05-chat_dpr2_dark,m05-chat,mobile,2,dark,V06,jpeg,85,1.0,780,1688,167702,1.018969,chromium,doctr,ok,0.9735449735449735,"{""0.3"": {""matched"": 26, ""n_gt"": 26, ""n_pred"": 26}, ""0.5"": {""matched"": 26, ""n_gt"": 26, ""n_pred"": 26}, ""0.7"": {""matched"": 21, ""n_gt"": 26, ""n_pred"": 26}}",26,0,1,1.831944081999609,True,True
m05-chat_dpr2_dark_V07,m05-chat_dpr2_dark,m05-chat,mobile,2,dark,V07,webp,90,1.0,780,1688,80064,0.486475,chromium,doctr,ok,0.9735449735449735,"{""0.3"": {""matched"": 26, ""n_gt"": 26, ""n_pred"": 26}, ""0.5"": {""matched"": 26, ""n_gt"": 26, ""n_pred"": 26}, ""0.7"": {""matched"": 21, ""n_gt"": 26, ""n_pred"": 26}}",26,0,1,1.930906767000124,True,True
m05-chat_dpr2_dark_V08,m05-chat_dpr2_dark,m05-chat,mobile,2,dark,V08,webp,75,1.0,780,1688,50838,0.308895,chromium,doctr,ok,0.9735449735449735,"{""0.3"": {""matched"": 26, ""n_gt"": 26, ""n_pred"": 26}, ""0.5"": {""matched"": 26, ""n_gt"": 26, ""n_pred"": 26}, ""0.7"": {""matched"": 21, ""n_gt"": 26, ""n_pred"": 26}}",26,0,1,1.9312473119998685,True,True
m05-chat_dpr2_dark_V09,m05-chat_dpr2_dark,m05-chat,mobile,2,dark,V09,webp,50,1.0,780,1688,41130,0.249909,chromium,doctr,ok,0.9735449735449735,"{""0.3"": {""matched"": 26, ""n_gt"": 26, ""n_pred"": 26}, ""0.5"": {""matched"": 26, ""n_gt"": 26, ""n_pred"": 26}, ""0.7"": {""matched"": 21, ""n_gt"": 26, ""n_pred"": 26}}",26,0,1,1.9601986280003985,True,True
m05-chat_dpr2_dark_V10,m05-chat_dpr2_dark,m05-chat,mobile,2,dark,V10,avif,80,1.0,780,1688,50657,0.307796,chromium,doctr,ok,0.9735449735449735,"{""0.3"": {""matched"": 26, ""n_gt"": 26, ""n_pred"": 26}, ""0.5"": {""matched"": 26, ""n_gt"": 26, ""n_pred"": 26}, ""0.7"": {""matched"": 21, ""n_gt"": 26, ""n_pred"": 26}}",26,0,1,1.8707306320002317,True,True
m05-chat_dpr2_dark_V11,m05-chat_dpr2_dark,m05-chat,mobile,2,dark,V11,avif,60,1.0,780,1688,35339,0.214722,chromium,doctr,ok,0.9735449735449735,"{""0.3"": {""matched"": 26, ""n_gt"": 26, ""n_pred"": 26}, ""0.5"": {""matched"": 26, ""n_gt"": 26, ""n_pred"": 26}, ""0.7"": {""matched"": 21, ""n_gt"": 26, ""n_pred"": 26}}",26,0,1,1.8484466130003057,True,True
m05-chat_dpr2_dark_V12,m05-chat_dpr2_dark,m05-chat,mobile,2,dark,V12,png,,0.5,390,844,93291,2.267371,chromium,doctr,ok,0.9735449735449735,"{""0.3"": {""matched"": 26, ""n_gt"": 26, ""n_pred"": 26}, ""0.5"": {""matched"": 26, ""n_gt"": 26, ""n_pred"": 26}, ""0.7"": {""matched"": 21, ""n_gt"": 26, ""n_pred"": 26}}",26,0,1,1.921071996000137,True,True
m05-chat_dpr2_dark_V13,m05-chat_dpr2_dark,m05-chat,mobile,2,dark,V13,jpeg,75,0.5,390,844,38252,0.929688,chromium,doctr,ok,0.9456521739130436,"{""0.3"": {""matched"": 26, ""n_gt"": 26, ""n_pred"": 26}, ""0.5"": {""matched"": 26, ""n_gt"": 26, ""n_pred"": 26}, ""0.7"": {""matched"": 22, ""n_gt"": 26, ""n_pred"": 26}}",26,0,1,1.8701039799998398,True,True
m05-chat_dpr2_light_V00,m05-chat_dpr2_light,m05-chat,mobile,2,light,V00,png,,1.0,780,1688,123094,0.747928,chromium,doctr,ok,0.9735449735449735,"{""0.3"": {""matched"": 26, ""n_gt"": 26, ""n_pred"": 26}, ""0.5"": {""matched"": 26, ""n_gt"": 26, ""n_pred"": 26}, ""0.7"": {""matched"": 21, ""n_gt"": 26, ""n_pred"": 26}}",26,0,1,1.9046067600002061,True,True
m05-chat_dpr2_light_V02,m05-chat_dpr2_light,m05-chat,mobile,2,light,V02,jpeg,95,1.0,780,1688,196897,1.19636,chromium,doctr,ok,0.9735449735449735,"{""0.3"": {""matched"": 26, ""n_gt"": 26, ""n_pred"": 26}, ""0.5"": {""matched"": 26, ""n_gt"": 26, ""n_pred"": 26}, ""0.7"": {""matched"": 21, ""n_gt"": 26, ""n_pred"": 26}}",26,0,1,1.9651412399998662,True,True
m05-chat_dpr2_light_V03,m05-chat_dpr2_light,m05-chat,mobile,2,light,V03,jpeg,85,1.0,780,1688,124872,0.758731,chromium,doctr,ok,0.9735449735449735,"{""0.3"": {""matched"": 26, ""n_gt"": 26, ""n_pred"": 26}, ""0.5"": {""matched"": 26, ""n_gt"": 26, ""n_pred"": 26}, ""0.7"": {""matched"": 21, ""n_gt"": 26, ""n_pred"": 26}}",26,0,1,1.9448443900000711,True,True
m05-chat_dpr2_light_V04,m05-chat_dpr2_light,m05-chat,mobile,2,light,V04,jpeg,75,1.0,780,1688,98751,0.600018,chromium,doctr,ok,0.9735449735449735,"{""0.3"": {""matched"": 26, ""n_gt"": 26, ""n_pred"": 26}, ""0.5"": {""matched"": 26, ""n_gt"": 26, ""n_pred"": 26}, ""0.7"": {""matched"": 21, ""n_gt"": 26, ""n_pred"": 26}}",26,0,1,1.9464928039997176,True,True
m05-chat_dpr2_light_V05,m05-chat_dpr2_light,m05-chat,mobile,2,light,V05,jpeg,60,1.0,780,1688,80945,0.491828,chromium,doctr,ok,0.9735449735449735,"{""0.3"": {""matched"": 26, ""n_gt"": 26, ""n_pred"": 26}, ""0.5"": {""matched"": 26, ""n_gt"": 26, ""n_pred"": 26}, ""0.7"": {""matched"": 21, ""n_gt"": 26, ""n_pred"": 26}}",26,0,1,2.031577060000018,True,True
m05-chat_dpr2_light_V06,m05-chat_dpr2_light,m05-chat,mobile,2,light,V06,jpeg,85,1.0,780,1688,175156,1.064261,chromium,doctr,ok,0.9735449735449735,"{""0.3"": {""matched"": 26, ""n_gt"": 26, ""n_pred"": 26}, ""0.5"": {""matched"": 26, ""n_gt"": 26, ""n_pred"": 26}, ""0.7"": {""matched"": 21, ""n_gt"": 26, ""n_pred"": 26}}",26,0,1,1.94788812600018,True,True
m05-chat_dpr2_light_V07,m05-chat_dpr2_light,m05-chat,mobile,2,light,V07,webp,90,1.0,780,1688,83430,0.506927,chromium,doctr,ok,0.9735449735449735,"{""0.3"": {""matched"": 26, ""n_gt"": 26, ""n_pred"": 26}, ""0.5"": {""matched"": 26, ""n_gt"": 26, ""n_pred"": 26}, ""0.7"": {""matched"": 21, ""n_gt"": 26, ""n_pred"": 26}}",26,0,1,1.9738787629994476,True,True
m05-chat_dpr2_light_V08,m05-chat_dpr2_light,m05-chat,mobile,2,light,V08,webp,75,1.0,780,1688,53676,0.326139,chromium,doctr,ok,0.9735449735449735,"{""0.3"": {""matched"": 26, ""n_gt"": 26, ""n_pred"": 26}, ""0.5"": {""matched"": 26, ""n_gt"": 26, ""n_pred"": 26}, ""0.7"": {""matched"": 21, ""n_gt"": 26, ""n_pred"": 26}}",26,0,1,1.9469685239992032,True,True
m05-chat_dpr2_light_V09,m05-chat_dpr2_light,m05-chat,mobile,2,light,V09,webp,50,1.0,780,1688,43970,0.267165,chromium,doctr,ok,0.9735449735449735,"{""0.3"": {""matched"": 26, ""n_gt"": 26, ""n_pred"": 26}, ""0.5"": {""matched"": 26, ""n_gt"": 26, ""n_pred"": 26}, ""0.7"": {""matched"": 21, ""n_gt"": 26, ""n_pred"": 26}}",26,0,1,1.934172627999942,True,True
m05-chat_dpr2_light_V10,m05-chat_dpr2_light,m05-chat,mobile,2,light,V10,avif,80,1.0,780,1688,51376,0.312164,chromium,doctr,ok,0.9735449735449735,"{""0.3"": {""matched"": 26, ""n_gt"": 26, ""n_pred"": 26}, ""0.5"": {""matched"": 26, ""n_gt"": 26, ""n_pred"": 26}, ""0.7"": {""matched"": 21, ""n_gt"": 26, ""n_pred"": 26}}",26,0,1,1.9892471030007073,True,True
m05-chat_dpr2_light_V11,m05-chat_dpr2_light,m05-chat,mobile,2,light,V11,avif,60,1.0,780,1688,36025,0.218891,chromium,doctr,ok,0.9787234042553191,"{""0.3"": {""matched"": 26, ""n_gt"": 26, ""n_pred"": 26}, ""0.5"": {""matched"": 26, ""n_gt"": 26, ""n_pred"": 26}, ""0.7"": {""matched"": 21, ""n_gt"": 26, ""n_pred"": 26}}",26,0,1,2.0111079969992716,True,True
m05-chat_dpr2_light_V12,m05-chat_dpr2_light,m05-chat,mobile,2,light,V12,png,,0.5,390,844,89958,2.186365,chromium,doctr,ok,0.9625668449197862,"{""0.3"": {""matched"": 26, ""n_gt"": 26, ""n_pred"": 26}, ""0.5"": {""matched"": 26, ""n_gt"": 26, ""n_pred"": 26}, ""0.7"": {""matched"": 23, ""n_gt"": 26, ""n_pred"": 26}}",26,0,1,1.9945155189998331,True,True
m05-chat_dpr2_light_V13,m05-chat_dpr2_light,m05-chat,mobile,2,light,V13,jpeg,75,0.5,390,844,39582,0.962012,chromium,doctr,ok,0.956989247311828,"{""0.3"": {""matched"": 26, ""n_gt"": 26, ""n_pred"": 26}, ""0.5"": {""matched"": 26, ""n_gt"": 26, ""n_pred"": 26}, ""0.7"": {""matched"": 23, ""n_gt"": 26, ""n_pred"": 26}}",26,0,1,1.948248736000096,True,True
m05-chat_dpr3_dark_V00,m05-chat_dpr3_dark,m05-chat,mobile,3,dark,V00,png,,1.0,1170,2532,193687,0.523047,chromium,doctr,ok,0.9735449735449735,"{""0.3"": {""matched"": 26, ""n_gt"": 26, ""n_pred"": 26}, ""0.5"": {""matched"": 26, ""n_gt"": 26, ""n_pred"": 26}, ""0.7"": {""matched"": 19, ""n_gt"": 26, ""n_pred"": 26}}",26,0,1,1.9142750040000465,True,True
m05-chat_dpr3_dark_V02,m05-chat_dpr3_dark,m05-chat,mobile,3,dark,V02,jpeg,95,1.0,1170,2532,342688,0.925421,chromium,doctr,ok,0.9735449735449735,"{""0.3"": {""matched"": 26, ""n_gt"": 26, ""n_pred"": 26}, ""0.5"": {""matched"": 26, ""n_gt"": 26, ""n_pred"": 26}, ""0.7"": {""matched"": 19, ""n_gt"": 26, ""n_pred"": 26}}",26,0,1,2.0392101510005887,True,True
m05-chat_dpr3_dark_V03,m05-chat_dpr3_dark,m05-chat,mobile,3,dark,V03,jpeg,85,1.0,1170,2532,222286,0.600278,chromium,doctr,ok,0.9735449735449735,"{""0.3"": {""matched"": 26, ""n_gt"": 26, ""n_pred"": 26}, ""0.5"": {""matched"": 26, ""n_gt"": 26, ""n_pred"": 26}, ""0.7"": {""matched"": 19, ""n_gt"": 26, ""n_pred"": 26}}",26,0,1,1.9424094240002887,True,True
m05-chat_dpr3_dark_V04,m05-chat_dpr3_dark,m05-chat,mobile,3,dark,V04,jpeg,75,1.0,1170,2532,180398,0.487161,chromium,doctr,ok,0.9735449735449735,"{""0.3"": {""matched"": 26, ""n_gt"": 26, ""n_pred"": 26}, ""0.5"": {""matched"": 26, ""n_gt"": 26, ""n_pred"": 26}, ""0.7"": {""matched"": 19, ""n_gt"": 26, ""n_pred"": 26}}",26,0,1,1.9563855890000923,True,True
m05-chat_dpr3_dark_V05,m05-chat_dpr3_dark,m05-chat,mobile,3,dark,V05,jpeg,60,1.0,1170,2532,149063,0.402541,chromium,doctr,ok,0.9735449735449735,"{""0.3"": {""matched"": 26, ""n_gt"": 26, ""n_pred"": 26}, ""0.5"": {""matched"": 26, ""n_gt"": 26, ""n_pred"": 26}, ""0.7"": {""matched"": 19, ""n_gt"": 26, ""n_pred"": 26}}",26,0,1,1.9659703639999861,True,True
m05-chat_dpr3_dark_V06,m05-chat_dpr3_dark,m05-chat,mobile,3,dark,V06,jpeg,85,1.0,1170,2532,310547,0.838625,chromium,doctr,ok,0.9735449735449735,"{""0.3"": {""matched"": 26, ""n_gt"": 26, ""n_pred"": 26}, ""0.5"": {""matched"": 26, ""n_gt"": 26, ""n_pred"": 26}, ""0.7"": {""matched"": 19, ""n_gt"": 26, ""n_pred"": 26}}",26,0,1,1.9541449130001638,True,True
m05-chat_dpr3_dark_V07,m05-chat_dpr3_dark,m05-chat,mobile,3,dark,V07,webp,90,1.0,1170,2532,128572,0.347206,chromium,doctr,ok,0.9735449735449735,"{""0.3"": {""matched"": 26, ""n_gt"": 26, ""n_pred"": 26}, ""0.5"": {""matched"": 26, ""n_gt"": 26, ""n_pred"": 26}, ""0.7"": {""matched"": 19, ""n_gt"": 26, ""n_pred"": 26}}",26,0,1,1.9684753050005384,True,True
m05-chat_dpr3_dark_V08,m05-chat_dpr3_dark,m05-chat,mobile,3,dark,V08,webp,75,1.0,1170,2532,80086,0.21627,chromium,doctr,ok,0.9735449735449735,"{""0.3"": {""matched"": 26, ""n_gt"": 26, ""n_pred"": 26}, ""0.5"": {""matched"": 26, ""n_gt"": 26, ""n_pred"": 26}, ""0.7"": {""matched"": 19, ""n_gt"": 26, ""n_pred"": 26}}",26,0,1,2.0376134099997216,True,True
m05-chat_dpr3_dark_V09,m05-chat_dpr3_dark,m05-chat,mobile,3,dark,V09,webp,50,1.0,1170,2532,64852,0.175131,chromium,doctr,ok,0.9735449735449735,"{""0.3"": {""matched"": 26, ""n_gt"": 26, ""n_pred"": 26}, ""0.5"": {""matched"": 26, ""n_gt"": 26, ""n_pred"": 26}, ""0.7"": {""matched"": 19, ""n_gt"": 26, ""n_pred"": 26}}",26,0,1,1.9505725119997805,True,True
m05-chat_dpr3_dark_V10,m05-chat_dpr3_dark,m05-chat,mobile,3,dark,V10,avif,80,1.0,1170,2532,76440,0.206424,chromium,doctr,ok,0.9735449735449735,"{""0.3"": {""matched"": 26, ""n_gt"": 26, ""n_pred"": 26}, ""0.5"": {""matched"": 26, ""n_gt"": 26, ""n_pred"": 26}, ""0.7"": {""matched"": 19, ""n_gt"": 26, ""n_pred"": 26}}",26,0,1,2.0313179150007272,True,True
m05-chat_dpr3_dark_V11,m05-chat_dpr3_dark,m05-chat,mobile,3,dark,V11,avif,60,1.0,1170,2532,52822,0.142645,chromium,doctr,ok,0.9735449735449735,"{""0.3"": {""matched"": 26, ""n_gt"": 26, ""n_pred"": 26}, ""0.5"": {""matched"": 26, ""n_gt"": 26, ""n_pred"": 26}, ""0.7"": {""matched"": 19, ""n_gt"": 26, ""n_pred"": 26}}",26,0,1,1.9869202350000705,True,True
m05-chat_dpr3_dark_V12,m05-chat_dpr3_dark,m05-chat,mobile,3,dark,V12,png,,0.5,585,1266,175279,1.893347,chromium,doctr,ok,0.9735449735449735,"{""0.3"": {""matched"": 26, ""n_gt"": 26, ""n_pred"": 26}, ""0.5"": {""matched"": 26, ""n_gt"": 26, ""n_pred"": 26}, ""0.7"": {""matched"": 21, ""n_gt"": 26, ""n_pred"": 26}}",26,0,1,1.9854488350001702,True,True
m05-chat_dpr3_dark_V13,m05-chat_dpr3_dark,m05-chat,mobile,3,dark,V13,jpeg,75,0.5,585,1266,67116,0.724981,chromium,doctr,ok,0.9787234042553191,"{""0.3"": {""matched"": 26, ""n_gt"": 26, ""n_pred"": 26}, ""0.5"": {""matched"": 26, ""n_gt"": 26, ""n_pred"": 26}, ""0.7"": {""matched"": 20, ""n_gt"": 26, ""n_pred"": 26}}",26,0,1,1.9515240939999785,True,True
m05-chat_dpr3_light_V00,m05-chat_dpr3_light,m05-chat,mobile,3,light,V00,png,,1.0,1170,2532,191237,0.516431,chromium,doctr,ok,0.9787234042553191,"{""0.3"": {""matched"": 26, ""n_gt"": 26, ""n_pred"": 26}, ""0.5"": {""matched"": 26, ""n_gt"": 26, ""n_pred"": 26}, ""0.7"": {""matched"": 19, ""n_gt"": 26, ""n_pred"": 26}}",26,0,1,1.922491465999883,True,True
m05-chat_dpr3_light_V02,m05-chat_dpr3_light,m05-chat,mobile,3,light,V02,jpeg,95,1.0,1170,2532,352533,0.952007,chromium,doctr,ok,0.9787234042553191,"{""0.3"": {""matched"": 26, ""n_gt"": 26, ""n_pred"": 26}, ""0.5"": {""matched"": 26, ""n_gt"": 26, ""n_pred"": 26}, ""0.7"": {""matched"": 19, ""n_gt"": 26, ""n_pred"": 26}}",26,0,1,1.978576202000113,True,True
m05-chat_dpr3_light_V03,m05-chat_dpr3_light,m05-chat,mobile,3,light,V03,jpeg,85,1.0,1170,2532,228871,0.618061,chromium,doctr,ok,0.9787234042553191,"{""0.3"": {""matched"": 26, ""n_gt"": 26, ""n_pred"": 26}, ""0.5"": {""matched"": 26, ""n_gt"": 26, ""n_pred"": 26}, ""0.7"": {""matched"": 19, ""n_gt"": 26, ""n_pred"": 26}}",26,0,1,1.9736525919997803,True,True
m05-chat_dpr3_light_V04,m05-chat_dpr3_light,m05-chat,mobile,3,light,V04,jpeg,75,1.0,1170,2532,184827,0.499121,chromium,doctr,ok,0.9787234042553191,"{""0.3"": {""matched"": 26, ""n_gt"": 26, ""n_pred"": 26}, ""0.5"": {""matched"": 26, ""n_gt"": 26, ""n_pred"": 26}, ""0.7"": {""matched"": 19, ""n_gt"": 26, ""n_pred"": 26}}",26,0,1,1.9011915070004761,True,True
m05-chat_dpr3_light_V05,m05-chat_dpr3_light,m05-chat,mobile,3,light,V05,jpeg,60,1.0,1170,2532,153852,0.415474,chromium,doctr,ok,0.9735449735449735,"{""0.3"": {""matched"": 26, ""n_gt"": 26, ""n_pred"": 26}, ""0.5"": {""matched"": 26, ""n_gt"": 26, ""n_pred"": 26}, ""0.7"": {""matched"": 19, ""n_gt"": 26, ""n_pred"": 26}}",26,0,1,1.9426423459999569,True,True
m05-chat_dpr3_light_V06,m05-chat_dpr3_light,m05-chat,mobile,3,light,V06,jpeg,85,1.0,1170,2532,323570,0.873793,chromium,doctr,ok,0.9787234042553191,"{""0.3"": {""matched"": 26, ""n_gt"": 26, ""n_pred"": 26}, ""0.5"": {""matched"": 26, ""n_gt"": 26, ""n_pred"": 26}, ""0.7"": {""matched"": 19, ""n_gt"": 26, ""n_pred"": 26}}",26,0,1,2.040670947999388,True,True
m05-chat_dpr3_light_V07,m05-chat_dpr3_light,m05-chat,mobile,3,light,V07,webp,90,1.0,1170,2532,134100,0.362134,chromium,doctr,ok,0.9787234042553191,"{""0.3"": {""matched"": 26, ""n_gt"": 26, ""n_pred"": 26}, ""0.5"": {""matched"": 26, ""n_gt"": 26, ""n_pred"": 26}, ""0.7"": {""matched"": 19, ""n_gt"": 26, ""n_pred"": 26}}",26,0,1,1.9156589880003594,True,True
m05-chat_dpr3_light_V08,m05-chat_dpr3_light,m05-chat,mobile,3,light,V08,webp,75,1.0,1170,2532,84860,0.229162,chromium,doctr,ok,0.9735449735449735,"{""0.3"": {""matched"": 26, ""n_gt"": 26, ""n_pred"": 26}, ""0.5"": {""matched"": 26, ""n_gt"": 26, ""n_pred"": 26}, ""0.7"": {""matched"": 19, ""n_gt"": 26, ""n_pred"": 26}}",26,0,1,1.9294334080004774,True,True
m05-chat_dpr3_light_V09,m05-chat_dpr3_light,m05-chat,mobile,3,light,V09,webp,50,1.0,1170,2532,69628,0.188029,chromium,doctr,ok,0.9787234042553191,"{""0.3"": {""matched"": 26, ""n_gt"": 26, ""n_pred"": 26}, ""0.5"": {""matched"": 26, ""n_gt"": 26, ""n_pred"": 26}, ""0.7"": {""matched"": 19, ""n_gt"": 26, ""n_pred"": 26}}",26,0,1,1.9577821550001318,True,True
m05-chat_dpr3_light_V10,m05-chat_dpr3_light,m05-chat,mobile,3,light,V10,avif,80,1.0,1170,2532,77697,0.209819,chromium,doctr,ok,0.983957219251337,"{""0.3"": {""matched"": 26, ""n_gt"": 26, ""n_pred"": 26}, ""0.5"": {""matched"": 26, ""n_gt"": 26, ""n_pred"": 26}, ""0.7"": {""matched"": 19, ""n_gt"": 26, ""n_pred"": 26}}",26,0,1,1.9850785059998088,True,True
m05-chat_dpr3_light_V11,m05-chat_dpr3_light,m05-chat,mobile,3,light,V11,avif,60,1.0,1170,2532,53869,0.145472,chromium,doctr,ok,0.9787234042553191,"{""0.3"": {""matched"": 26, ""n_gt"": 26, ""n_pred"": 26}, ""0.5"": {""matched"": 26, ""n_gt"": 26, ""n_pred"": 26}, ""0.7"": {""matched"": 19, ""n_gt"": 26, ""n_pred"": 26}}",26,0,1,2.017758915999366,True,True
m05-chat_dpr3_light_V12,m05-chat_dpr3_light,m05-chat,mobile,3,light,V12,png,,0.5,585,1266,169956,1.835849,chromium,doctr,ok,0.9735449735449735,"{""0.3"": {""matched"": 26, ""n_gt"": 26, ""n_pred"": 26}, ""0.5"": {""matched"": 26, ""n_gt"": 26, ""n_pred"": 26}, ""0.7"": {""matched"": 22, ""n_gt"": 26, ""n_pred"": 26}}",26,0,1,1.9591401469997436,True,True
m05-chat_dpr3_light_V13,m05-chat_dpr3_light,m05-chat,mobile,3,light,V13,jpeg,75,0.5,585,1266,69221,0.747719,chromium,doctr,ok,0.9735449735449735,"{""0.3"": {""matched"": 26, ""n_gt"": 26, ""n_pred"": 26}, ""0.5"": {""matched"": 26, ""n_gt"": 26, ""n_pred"": 26}, ""0.7"": {""matched"": 22, ""n_gt"": 26, ""n_pred"": 26}}",26,0,1,1.8724963559998287,True,True
d01-dashboard_dpr1_dark_V00,d01-dashboard_dpr1_dark,d01-dashboard,desktop,1,dark,V00,png,,1.0,1280,800,73416,0.573562,chromium,easyocr,ok,0.7692307692307693,"{""0.3"": {""matched"": 59, ""n_gt"": 63, ""n_pred"": 64}, ""0.5"": {""matched"": 54, ""n_gt"": 63, ""n_pred"": 64}, ""0.7"": {""matched"": 10, ""n_gt"": 63, ""n_pred"": 64}}",64,0,0,4.798157880000872,True,True
d01-dashboard_dpr1_dark_V02,d01-dashboard_dpr1_dark,d01-dashboard,desktop,1,dark,V02,jpeg,95,1.0,1280,800,120706,0.943016,chromium,easyocr,ok,0.7623318385650225,"{""0.3"": {""matched"": 60, ""n_gt"": 63, ""n_pred"": 65}, ""0.5"": {""matched"": 55, ""n_gt"": 63, ""n_pred"": 65}, ""0.7"": {""matched"": 11, ""n_gt"": 63, ""n_pred"": 65}}",65,0,0,4.627731612000389,True,True
d01-dashboard_dpr1_dark_V03,d01-dashboard_dpr1_dark,d01-dashboard,desktop,1,dark,V03,jpeg,85,1.0,1280,800,79053,0.617602,chromium,easyocr,ok,0.7787610619469026,"{""0.3"": {""matched"": 61, ""n_gt"": 63, ""n_pred"": 66}, ""0.5"": {""matched"": 55, ""n_gt"": 63, ""n_pred"": 66}, ""0.7"": {""matched"": 8, ""n_gt"": 63, ""n_pred"": 66}}",66,0,0,4.499430945000313,True,True
d01-dashboard_dpr1_dark_V04,d01-dashboard_dpr1_dark,d01-dashboard,desktop,1,dark,V04,jpeg,75,1.0,1280,800,64255,0.501992,chromium,easyocr,ok,0.7623318385650225,"{""0.3"": {""matched"": 60, ""n_gt"": 63, ""n_pred"": 63}, ""0.5"": {""matched"": 55, ""n_gt"": 63, ""n_pred"": 63}, ""0.7"": {""matched"": 11, ""n_gt"": 63, ""n_pred"": 63}}",63,0,0,4.180176659000608,True,True
d01-dashboard_dpr1_dark_V05,d01-dashboard_dpr1_dark,d01-dashboard,desktop,1,dark,V05,jpeg,60,1.0,1280,800,53000,0.414062,chromium,easyocr,ok,0.7555555555555555,"{""0.3"": {""matched"": 61, ""n_gt"": 63, ""n_pred"": 63}, ""0.5"": {""matched"": 55, ""n_gt"": 63, ""n_pred"": 63}, ""0.7"": {""matched"": 8, ""n_gt"": 63, ""n_pred"": 63}}",63,0,0,4.291834320999442,True,True
d01-dashboard_dpr1_dark_V06,d01-dashboard_dpr1_dark,d01-dashboard,desktop,1,dark,V06,jpeg,85,1.0,1280,800,111149,0.868352,chromium,easyocr,ok,0.8,"{""0.3"": {""matched"": 60, ""n_gt"": 63, ""n_pred"": 63}, ""0.5"": {""matched"": 55, ""n_gt"": 63, ""n_pred"": 63}, ""0.7"": {""matched"": 10, ""n_gt"": 63, ""n_pred"": 63}}",63,0,0,4.101007403999574,True,True
d01-dashboard_dpr1_dark_V07,d01-dashboard_dpr1_dark,d01-dashboard,desktop,1,dark,V07,webp,90,1.0,1280,800,46776,0.365438,chromium,easyocr,ok,0.7946428571428571,"{""0.3"": {""matched"": 61, ""n_gt"": 63, ""n_pred"": 64}, ""0.5"": {""matched"": 57, ""n_gt"": 63, ""n_pred"": 64}, ""0.7"": {""matched"": 13, ""n_gt"": 63, ""n_pred"": 64}}",64,0,0,4.03345130300022,True,True
d01-dashboard_dpr1_dark_V08,d01-dashboard_dpr1_dark,d01-dashboard,desktop,1,dark,V08,webp,75,1.0,1280,800,30498,0.238266,chromium,easyocr,ok,0.7876106194690266,"{""0.3"": {""matched"": 61, ""n_gt"": 63, ""n_pred"": 64}, ""0.5"": {""matched"": 55, ""n_gt"": 63, ""n_pred"": 64}, ""0.7"": {""matched"": 13, ""n_gt"": 63, ""n_pred"": 64}}",64,0,0,4.048139673000151,True,True
d01-dashboard_dpr1_dark_V09,d01-dashboard_dpr1_dark,d01-dashboard,desktop,1,dark,V09,webp,50,1.0,1280,800,25222,0.197047,chromium,easyocr,ok,0.808888888888889,"{""0.3"": {""matched"": 60, ""n_gt"": 63, ""n_pred"": 63}, ""0.5"": {""matched"": 56, ""n_gt"": 63, ""n_pred"": 63}, ""0.7"": {""matched"": 12, ""n_gt"": 63, ""n_pred"": 63}}",63,0,0,4.218445133999921,True,True
d01-dashboard_dpr1_dark_V10,d01-dashboard_dpr1_dark,d01-dashboard,desktop,1,dark,V10,avif,80,1.0,1280,800,31095,0.24293,chromium,easyocr,ok,0.7477477477477478,"{""0.3"": {""matched"": 60, ""n_gt"": 63, ""n_pred"": 65}, ""0.5"": {""matched"": 55, ""n_gt"": 63, ""n_pred"": 65}, ""0.7"": {""matched"": 12, ""n_gt"": 63, ""n_pred"": 65}}",65,0,0,4.429157346000466,True,True
d01-dashboard_dpr1_dark_V11,d01-dashboard_dpr1_dark,d01-dashboard,desktop,1,dark,V11,avif,60,1.0,1280,800,22099,0.172648,chromium,easyocr,ok,0.7733333333333333,"{""0.3"": {""matched"": 60, ""n_gt"": 63, ""n_pred"": 63}, ""0.5"": {""matched"": 56, ""n_gt"": 63, ""n_pred"": 63}, ""0.7"": {""matched"": 11, ""n_gt"": 63, ""n_pred"": 63}}",63,0,0,4.127307648999704,True,True
d01-dashboard_dpr1_dark_V12,d01-dashboard_dpr1_dark,d01-dashboard,desktop,1,dark,V12,png,,0.5,640,400,66396,2.074875,chromium,easyocr,ok,0.044444444444444446,"{""0.3"": {""matched"": 44, ""n_gt"": 63, ""n_pred"": 46}, ""0.5"": {""matched"": 42, ""n_gt"": 63, ""n_pred"": 46}, ""0.7"": {""matched"": 31, ""n_gt"": 63, ""n_pred"": 46}}",46,0,0,3.2442523899999287,True,True
d01-dashboard_dpr1_dark_V13,d01-dashboard_dpr1_dark,d01-dashboard,desktop,1,dark,V13,jpeg,75,0.5,640,400,21378,0.668063,chromium,easyocr,ok,0.07453416149068322,"{""0.3"": {""matched"": 34, ""n_gt"": 63, ""n_pred"": 36}, ""0.5"": {""matched"": 32, ""n_gt"": 63, ""n_pred"": 36}, ""0.7"": {""matched"": 27, ""n_gt"": 63, ""n_pred"": 36}}",36,0,0,2.209055131000241,True,True
d01-dashboard_dpr1_light_V00,d01-dashboard_dpr1_light,d01-dashboard,desktop,1,light,V00,png,,1.0,1280,800,72672,0.56775,chromium,easyocr,ok,0.8018018018018018,"{""0.3"": {""matched"": 60, ""n_gt"": 63, ""n_pred"": 65}, ""0.5"": {""matched"": 57, ""n_gt"": 63, ""n_pred"": 65}, ""0.7"": {""matched"": 17, ""n_gt"": 63, ""n_pred"": 65}}",65,0,0,4.038647596000374,True,True
d01-dashboard_dpr1_light_V02,d01-dashboard_dpr1_light,d01-dashboard,desktop,1,light,V02,jpeg,95,1.0,1280,800,124624,0.973625,chromium,easyocr,ok,0.7982062780269059,"{""0.3"": {""matched"": 60, ""n_gt"": 63, ""n_pred"": 64}, ""0.5"": {""matched"": 58, ""n_gt"": 63, ""n_pred"": 64}, ""0.7"": {""matched"": 14, ""n_gt"": 63, ""n_pred"": 64}}",64,0,0,4.255216442000346,True,True
d01-dashboard_dpr1_light_V03,d01-dashboard_dpr1_light,d01-dashboard,desktop,1,light,V03,jpeg,85,1.0,1280,800,81700,0.638281,chromium,easyocr,ok,0.8018018018018018,"{""0.3"": {""matched"": 60, ""n_gt"": 63, ""n_pred"": 65}, ""0.5"": {""matched"": 55, ""n_gt"": 63, ""n_pred"": 65}, ""0.7"": {""matched"": 13, ""n_gt"": 63, ""n_pred"": 65}}",65,0,0,4.158804937999776,True,True
d01-dashboard_dpr1_light_V04,d01-dashboard_dpr1_light,d01-dashboard,desktop,1,light,V04,jpeg,75,1.0,1280,800,66482,0.519391,chromium,easyocr,ok,0.8018018018018018,"{""0.3"": {""matched"": 60, ""n_gt"": 63, ""n_pred"": 63}, ""0.5"": {""matched"": 57, ""n_gt"": 63, ""n_pred"": 63}, ""0.7"": {""matched"": 14, ""n_gt"": 63, ""n_pred"": 63}}",63,0,0,4.203782943999613,True,True
d01-dashboard_dpr1_light_V05,d01-dashboard_dpr1_light,d01-dashboard,desktop,1,light,V05,jpeg,60,1.0,1280,800,55460,0.433281,chromium,easyocr,ok,0.8071748878923767,"{""0.3"": {""matched"": 60, ""n_gt"": 63, ""n_pred"": 63}, ""0.5"": {""matched"": 57, ""n_gt"": 63, ""n_pred"": 63}, ""0.7"": {""matched"": 13, ""n_gt"": 63, ""n_pred"": 63}}",63,0,0,4.248277304999647,True,True
d01-dashboard_dpr1_light_V06,d01-dashboard_dpr1_light,d01-dashboard,desktop,1,light,V06,jpeg,85,1.0,1280,800,116916,0.913406,chromium,easyocr,ok,0.7926267281105991,"{""0.3"": {""matched"": 57, ""n_gt"": 63, ""n_pred"": 62}, ""0.5"": {""matched"": 54, ""n_gt"": 63, ""n_pred"": 62}, ""0.7"": {""matched"": 16, ""n_gt"": 63, ""n_pred"": 62}}",62,0,0,4.032242414000393,True,True
d01-dashboard_dpr1_light_V07,d01-dashboard_dpr1_light,d01-dashboard,desktop,1,light,V07,webp,90,1.0,1280,800,48016,0.375125,chromium,easyocr,ok,0.7963800904977375,"{""0.3"": {""matched"": 59, ""n_gt"": 63, ""n_pred"": 63}, ""0.5"": {""matched"": 57, ""n_gt"": 63, ""n_pred"": 63}, ""0.7"": {""matched"": 14, ""n_gt"": 63, ""n_pred"": 63}}",63,0,0,4.136734833999981,True,True
d01-dashboard_dpr1_light_V08,d01-dashboard_dpr1_light,d01-dashboard,desktop,1,light,V08,webp,75,1.0,1280,800,31934,0.249484,chromium,easyocr,ok,0.7857142857142858,"{""0.3"": {""matched"": 60, ""n_gt"": 63, ""n_pred"": 65}, ""0.5"": {""matched"": 58, ""n_gt"": 63, ""n_pred"": 65}, ""0.7"": {""matched"": 15, ""n_gt"": 63, ""n_pred"": 65}}",65,0,0,4.2296886840003936,True,True
d01-dashboard_dpr1_light_V09,d01-dashboard_dpr1_light,d01-dashboard,desktop,1,light,V09,webp,50,1.0,1280,800,26486,0.206922,chromium,easyocr,ok,0.8303571428571428,"{""0.3"": {""matched"": 60, ""n_gt"": 63, ""n_pred"": 63}, ""0.5"": {""matched"": 59, ""n_gt"": 63, ""n_pred"": 63}, ""0.7"": {""matched"": 14, ""n_gt"": 63, ""n_pred"": 63}}",63,0,0,4.044222587000149,True,True
d01-dashboard_dpr1_light_V10,d01-dashboard_dpr1_light,d01-dashboard,desktop,1,light,V10,avif,80,1.0,1280,800,32413,0.253227,chromium,easyocr,ok,0.7963800904977375,"{""0.3"": {""matched"": 59, ""n_gt"": 63, ""n_pred"": 63}, ""0.5"": {""matched"": 57, ""n_gt"": 63, ""n_pred"": 63}, ""0.7"": {""matched"": 13, ""n_gt"": 63, ""n_pred"": 63}}",63,0,0,3.9219676979992073,True,True
d01-dashboard_dpr1_light_V11,d01-dashboard_dpr1_light,d01-dashboard,desktop,1,light,V11,avif,60,1.0,1280,800,22808,0.178187,chromium,easyocr,ok,0.7873303167420815,"{""0.3"": {""matched"": 59, ""n_gt"": 63, ""n_pred"": 63}, ""0.5"": {""matched"": 57, ""n_gt"": 63, ""n_pred"": 63}, ""0.7"": {""matched"": 13, ""n_gt"": 63, ""n_pred"": 63}}",63,0,0,4.2355211359999885,True,True
d01-dashboard_dpr1_light_V12,d01-dashboard_dpr1_light,d01-dashboard,desktop,1,light,V12,png,,0.5,640,400,59482,1.858812,chromium,easyocr,ok,0.08284023668639053,"{""0.3"": {""matched"": 36, ""n_gt"": 63, ""n_pred"": 40}, ""0.5"": {""matched"": 33, ""n_gt"": 63, ""n_pred"": 40}, ""0.7"": {""matched"": 25, ""n_gt"": 63, ""n_pred"": 40}}",40,0,0,2.7052611780000007,True,True
d01-dashboard_dpr1_light_V13,d01-dashboard_dpr1_light,d01-dashboard,desktop,1,light,V13,jpeg,75,0.5,640,400,21672,0.67725,chromium,easyocr,ok,0.07272727272727272,"{""0.3"": {""matched"": 31, ""n_gt"": 63, ""n_pred"": 34}, ""0.5"": {""matched"": 27, ""n_gt"": 63, ""n_pred"": 34}, ""0.7"": {""matched"": 20, ""n_gt"": 63, ""n_pred"": 34}}",34,0,0,2.0749104019996594,True,True
d01-dashboard_dpr1p5_dark_V00,d01-dashboard_dpr1p5_dark,d01-dashboard,desktop,1.5,dark,V00,png,,1.0,1920,1200,124895,0.433663,chromium,easyocr,ok,0.8392857142857143,"{""0.3"": {""matched"": 62, ""n_gt"": 63, ""n_pred"": 65}, ""0.5"": {""matched"": 60, ""n_gt"": 63, ""n_pred"": 65}, ""0.7"": {""matched"": 9, ""n_gt"": 63, ""n_pred"": 65}}",65,0,0,7.589808183000059,True,True
d01-dashboard_dpr1p5_dark_V02,d01-dashboard_dpr1p5_dark,d01-dashboard,desktop,1.5,dark,V02,jpeg,95,1.0,1920,1200,217858,0.756451,chromium,easyocr,ok,0.8392857142857143,"{""0.3"": {""matched"": 62, ""n_gt"": 63, ""n_pred"": 66}, ""0.5"": {""matched"": 59, ""n_gt"": 63, ""n_pred"": 66}, ""0.7"": {""matched"": 9, ""n_gt"": 63, ""n_pred"": 66}}",66,0,0,8.16880627899991,True,True
d01-dashboard_dpr1p5_dark_V03,d01-dashboard_dpr1p5_dark,d01-dashboard,desktop,1.5,dark,V03,jpeg,85,1.0,1920,1200,143655,0.498802,chromium,easyocr,ok,0.8430493273542601,"{""0.3"": {""matched"": 62, ""n_gt"": 63, ""n_pred"": 66}, ""0.5"": {""matched"": 56, ""n_gt"": 63, ""n_pred"": 66}, ""0.7"": {""matched"": 8, ""n_gt"": 63, ""n_pred"": 66}}",66,0,0,8.09470583500024,True,True
d01-dashboard_dpr1p5_dark_V04,d01-dashboard_dpr1p5_dark,d01-dashboard,desktop,1.5,dark,V04,jpeg,75,1.0,1920,1200,116697,0.405198,chromium,easyocr,ok,0.8430493273542601,"{""0.3"": {""matched"": 62, ""n_gt"": 63, ""n_pred"": 65}, ""0.5"": {""matched"": 55, ""n_gt"": 63, ""n_pred"": 65}, ""0.7"": {""matched"": 8, ""n_gt"": 63, ""n_pred"": 65}}",65,0,0,8.0622785380001,True,True
d01-dashboard_dpr1p5_dark_V05,d01-dashboard_dpr1p5_dark,d01-dashboard,desktop,1.5,dark,V05,jpeg,60,1.0,1920,1200,97432,0.338306,chromium,easyocr,ok,0.8458149779735682,"{""0.3"": {""matched"": 62, ""n_gt"": 63, ""n_pred"": 66}, ""0.5"": {""matched"": 55, ""n_gt"": 63, ""n_pred"": 66}, ""0.7"": {""matched"": 4, ""n_gt"": 63, ""n_pred"": 66}}",66,0,0,7.7358090860007,True,True
d01-dashboard_dpr1p5_dark_V06,d01-dashboard_dpr1p5_dark,d01-dashboard,desktop,1.5,dark,V06,jpeg,85,1.0,1920,1200,202450,0.702951,chromium,easyocr,ok,0.8392857142857143,"{""0.3"": {""matched"": 62, ""n_gt"": 63, ""n_pred"": 66}, ""0.5"": {""matched"": 56, ""n_gt"": 63, ""n_pred"": 66}, ""0.7"": {""matched"": 5, ""n_gt"": 63, ""n_pred"": 66}}",66,0,0,7.84733020800013,True,True
d01-dashboard_dpr1p5_dark_V07,d01-dashboard_dpr1p5_dark,d01-dashboard,desktop,1.5,dark,V07,webp,90,1.0,1920,1200,81192,0.281917,chromium,easyocr,ok,0.88,"{""0.3"": {""matched"": 62, ""n_gt"": 63, ""n_pred"": 65}, ""0.5"": {""matched"": 60, ""n_gt"": 63, ""n_pred"": 65}, ""0.7"": {""matched"": 8, ""n_gt"": 63, ""n_pred"": 65}}",65,0,0,7.406925181000588,True,True
d01-dashboard_dpr1p5_dark_V08,d01-dashboard_dpr1p5_dark,d01-dashboard,desktop,1.5,dark,V08,webp,75,1.0,1920,1200,51534,0.178937,chromium,easyocr,ok,0.8506787330316742,"{""0.3"": {""matched"": 62, ""n_gt"": 63, ""n_pred"": 65}, ""0.5"": {""matched"": 58, ""n_gt"": 63, ""n_pred"": 65}, ""0.7"": {""matched"": 8, ""n_gt"": 63, ""n_pred"": 65}}",65,0,0,7.541140450999592,True,True
d01-dashboard_dpr1p5_dark_V09,d01-dashboard_dpr1p5_dark,d01-dashboard,desktop,1.5,dark,V09,webp,50,1.0,1920,1200,42338,0.147007,chromium,easyocr,ok,0.8660714285714286,"{""0.3"": {""matched"": 62, ""n_gt"": 63, ""n_pred"": 66}, ""0.5"": {""matched"": 58, ""n_gt"": 63, ""n_pred"": 66}, ""0.7"": {""matched"": 9, ""n_gt"": 63, ""n_pred"": 66}}",66,0,0,7.97872331400049,True,True
d01-dashboard_dpr1p5_dark_V10,d01-dashboard_dpr1p5_dark,d01-dashboard,desktop,1.5,dark,V10,avif,80,1.0,1920,1200,56788,0.197181,chromium,easyocr,ok,0.852017937219731,"{""0.3"": {""matched"": 62, ""n_gt"": 63, ""n_pred"": 65}, ""0.5"": {""matched"": 60, ""n_gt"": 63, ""n_pred"": 65}, ""0.7"": {""matched"": 7, ""n_gt"": 63, ""n_pred"": 65}}",65,0,0,7.947566713999549,True,True
d01-dashboard_dpr1p5_dark_V11,d01-dashboard_dpr1p5_dark,d01-dashboard,desktop,1.5,dark,V11,avif,60,1.0,1920,1200,40260,0.139792,chromium,easyocr,ok,0.8288288288288289,"{""0.3"": {""matched"": 61, ""n_gt"": 63, ""n_pred"": 67}, ""0.5"": {""matched"": 60, ""n_gt"": 63, ""n_pred"": 67}, ""0.7"": {""matched"": 10, ""n_gt"": 63, ""n_pred"": 67}}",67,0,0,7.908597600000576,True,True
d01-dashboard_dpr1p5_dark_V12,d01-dashboard_dpr1p5_dark,d01-dashboard,desktop,1.5,dark,V12,png,,0.5,960,600,112413,1.561292,chromium,easyocr,ok,0.49038461538461536,"{""0.3"": {""matched"": 53, ""n_gt"": 63, ""n_pred"": 60}, ""0.5"": {""matched"": 47, ""n_gt"": 63, ""n_pred"": 60}, ""0.7"": {""matched"": 26, ""n_gt"": 63, ""n_pred"": 60}}",60,0,0,3.6848133150006106,True,True
d01-dashboard_dpr1p5_dark_V13,d01-dashboard_dpr1p5_dark,d01-dashboard,desktop,1.5,dark,V13,jpeg,75,0.5,960,600,41052,0.570167,chromium,easyocr,ok,0.4095238095238095,"{""0.3"": {""matched"": 55, ""n_gt"": 63, ""n_pred"": 62}, ""0.5"": {""matched"": 44, ""n_gt"": 63, ""n_pred"": 62}, ""0.7"": {""matched"": 16, ""n_gt"": 63, ""n_pred"": 62}}",62,0,0,3.1044789819998186,True,True
d01-dashboard_dpr1p5_light_V00,d01-dashboard_dpr1p5_light,d01-dashboard,desktop,1.5,light,V00,png,,1.0,1920,1200,123904,0.430222,chromium,easyocr,ok,0.8318584070796462,"{""0.3"": {""matched"": 62, ""n_gt"": 63, ""n_pred"": 65}, ""0.5"": {""matched"": 61, ""n_gt"": 63, ""n_pred"": 65}, ""0.7"": {""matched"": 9, ""n_gt"": 63, ""n_pred"": 65}}",65,0,0,8.201974396999503,True,True
d01-dashboard_dpr1p5_light_V02,d01-dashboard_dpr1p5_light,d01-dashboard,desktop,1.5,light,V02,jpeg,95,1.0,1920,1200,226374,0.786021,chromium,easyocr,ok,0.8141592920353983,"{""0.3"": {""matched"": 62, ""n_gt"": 63, ""n_pred"": 65}, ""0.5"": {""matched"": 60, ""n_gt"": 63, ""n_pred"": 65}, ""0.7"": {""matched"": 9, ""n_gt"": 63, ""n_pred"": 65}}",65,0,0,8.407654065000315,True,True
d01-dashboard_dpr1p5_light_V03,d01-dashboard_dpr1p5_light,d01-dashboard,desktop,1.5,light,V03,jpeg,85,1.0,1920,1200,150234,0.521646,chromium,easyocr,ok,0.8230088495575221,"{""0.3"": {""matched"": 62, ""n_gt"": 63, ""n_pred"": 65}, ""0.5"": {""matched"": 60, ""n_gt"": 63, ""n_pred"": 65}, ""0.7"": {""matched"": 10, ""n_gt"": 63, ""n_pred"": 65}}",65,0,0,7.653222516999449,True,True
d01-dashboard_dpr1p5_light_V04,d01-dashboard_dpr1p5_light,d01-dashboard,desktop,1.5,light,V04,jpeg,75,1.0,1920,1200,122072,0.423861,chromium,easyocr,ok,0.8230088495575221,"{""0.3"": {""matched"": 62, ""n_gt"": 63, ""n_pred"": 65}, ""0.5"": {""matched"": 59, ""n_gt"": 63, ""n_pred"": 65}, ""0.7"": {""matched"": 10, ""n_gt"": 63, ""n_pred"": 65}}",65,0,0,8.149684318000254,True,True
d01-dashboard_dpr1p5_light_V05,d01-dashboard_dpr1p5_light,d01-dashboard,desktop,1.5,light,V05,jpeg,60,1.0,1920,1200,101932,0.353931,chromium,easyocr,ok,0.8407079646017699,"{""0.3"": {""matched"": 62, ""n_gt"": 63, ""n_pred"": 67}, ""0.5"": {""matched"": 59, ""n_gt"": 63, ""n_pred"": 67}, ""0.7"": {""matched"": 8, ""n_gt"": 63, ""n_pred"": 67}}",67,0,0,8.07610410199959,True,True
d01-dashboard_dpr1p5_light_V06,d01-dashboard_dpr1p5_light,d01-dashboard,desktop,1.5,light,V06,jpeg,85,1.0,1920,1200,213071,0.73983,chromium,easyocr,ok,0.8355555555555555,"{""0.3"": {""matched"": 62, ""n_gt"": 63, ""n_pred"": 65}, ""0.5"": {""matched"": 60, ""n_gt"": 63, ""n_pred"": 65}, ""0.7"": {""matched"": 11, ""n_gt"": 63, ""n_pred"": 65}}",65,0,0,9.707984995000515,True,True
d01-dashboard_dpr1p5_light_V07,d01-dashboard_dpr1p5_light,d01-dashboard,desktop,1.5,light,V07,webp,90,1.0,1920,1200,83020,0.288264,chromium,easyocr,ok,0.8193832599118942,"{""0.3"": {""matched"": 62, ""n_gt"": 63, ""n_pred"": 65}, ""0.5"": {""matched"": 60, ""n_gt"": 63, ""n_pred"": 65}, ""0.7"": {""matched"": 12, ""n_gt"": 63, ""n_pred"": 65}}",65,0,0,7.845474799999465,True,True
d01-dashboard_dpr1p5_light_V08,d01-dashboard_dpr1p5_light,d01-dashboard,desktop,1.5,light,V08,webp,75,1.0,1920,1200,54068,0.187736,chromium,easyocr,ok,0.8407079646017699,"{""0.3"": {""matched"": 62, ""n_gt"": 63, ""n_pred"": 65}, ""0.5"": {""matched"": 60, ""n_gt"": 63, ""n_pred"": 65}, ""0.7"": {""matched"": 12, ""n_gt"": 63, ""n_pred"": 65}}",65,0,0,7.756661473999884,True,True
d01-dashboard_dpr1p5_light_V09,d01-dashboard_dpr1p5_light,d01-dashboard,desktop,1.5,light,V09,webp,50,1.0,1920,1200,44676,0.155125,chromium,easyocr,ok,0.8230088495575221,"{""0.3"": {""matched"": 62, ""n_gt"": 63, ""n_pred"": 65}, ""0.5"": {""matched"": 61, ""n_gt"": 63, ""n_pred"": 65}, ""0.7"": {""matched"": 11, ""n_gt"": 63, ""n_pred"": 65}}",65,0,0,7.816537499000333,True,True
d01-dashboard_dpr1p5_light_V10,d01-dashboard_dpr1p5_light,d01-dashboard,desktop,1.5,light,V10,avif,80,1.0,1920,1200,59819,0.207705,chromium,easyocr,ok,0.8230088495575221,"{""0.3"": {""matched"": 62, ""n_gt"": 63, ""n_pred"": 65}, ""0.5"": {""matched"": 61, ""n_gt"": 63, ""n_pred"": 65}, ""0.7"": {""matched"": 13, ""n_gt"": 63, ""n_pred"": 65}}",65,0,0,7.542252860999724,True,True
d01-dashboard_dpr1p5_light_V11,d01-dashboard_dpr1p5_light,d01-dashboard,desktop,1.5,light,V11,avif,60,1.0,1920,1200,41647,0.144608,chromium,easyocr,ok,0.8370044052863437,"{""0.3"": {""matched"": 62, ""n_gt"": 63, ""n_pred"": 65}, ""0.5"": {""matched"": 61, ""n_gt"": 63, ""n_pred"": 65}, ""0.7"": {""matched"": 12, ""n_gt"": 63, ""n_pred"": 65}}",65,0,0,7.682014875999812,True,True
d01-dashboard_dpr1p5_light_V12,d01-dashboard_dpr1p5_light,d01-dashboard,desktop,1.5,light,V12,png,,0.5,960,600,102671,1.425986,chromium,easyocr,ok,0.5,"{""0.3"": {""matched"": 51, ""n_gt"": 63, ""n_pred"": 59}, ""0.5"": {""matched"": 45, ""n_gt"": 63, ""n_pred"": 59}, ""0.7"": {""matched"": 24, ""n_gt"": 63, ""n_pred"": 59}}",59,0,0,3.4995746659997167,True,True
d01-dashboard_dpr1p5_light_V13,d01-dashboard_dpr1p5_light,d01-dashboard,desktop,1.5,light,V13,jpeg,75,0.5,960,600,42869,0.595403,chromium,easyocr,ok,0.4672897196261682,"{""0.3"": {""matched"": 54, ""n_gt"": 63, ""n_pred"": 62}, ""0.5"": {""matched"": 46, ""n_gt"": 63, ""n_pred"": 62}, ""0.7"": {""matched"": 24, ""n_gt"": 63, ""n_pred"": 62}}",62,0,0,3.3790193109998654,True,True
d01-dashboard_dpr2_dark_V00,d01-dashboard_dpr2_dark,d01-dashboard,desktop,2,dark,V00,png,,1.0,2560,1600,171364,0.334695,chromium,easyocr,ok,0.8898678414096917,"{""0.3"": {""matched"": 62, ""n_gt"": 63, ""n_pred"": 69}, ""0.5"": {""matched"": 57, ""n_gt"": 63, ""n_pred"": 69}, ""0.7"": {""matched"": 12, ""n_gt"": 63, ""n_pred"": 69}}",69,0,0,13.256211457999598,True,True
d01-dashboard_dpr2_dark_V02,d01-dashboard_dpr2_dark,d01-dashboard,desktop,2,dark,V02,jpeg,95,1.0,2560,1600,313661,0.612619,chromium,easyocr,ok,0.8986784140969162,"{""0.3"": {""matched"": 62, ""n_gt"": 63, ""n_pred"": 67}, ""0.5"": {""matched"": 58, ""n_gt"": 63, ""n_pred"": 67}, ""0.7"": {""matched"": 12, ""n_gt"": 63, ""n_pred"": 67}}",67,0,0,13.364779018000263,True,True
d01-dashboard_dpr2_dark_V03,d01-dashboard_dpr2_dark,d01-dashboard,desktop,2,dark,V03,jpeg,85,1.0,2560,1600,213709,0.4174,chromium,easyocr,ok,0.8977777777777778,"{""0.3"": {""matched"": 62, ""n_gt"": 63, ""n_pred"": 67}, ""0.5"": {""matched"": 57, ""n_gt"": 63, ""n_pred"": 67}, ""0.7"": {""matched"": 12, ""n_gt"": 63, ""n_pred"": 67}}",67,0,0,13.555293248999988,True,True
d01-dashboard_dpr2_dark_V04,d01-dashboard_dpr2_dark,d01-dashboard,desktop,2,dark,V04,jpeg,75,1.0,2560,1600,176690,0.345098,chromium,easyocr,ok,0.88,"{""0.3"": {""matched"": 62, ""n_gt"": 63, ""n_pred"": 67}, ""0.5"": {""matched"": 57, ""n_gt"": 63, ""n_pred"": 67}, ""0.7"": {""matched"": 14, ""n_gt"": 63, ""n_pred"": 67}}",67,0,0,13.22727587099962,True,True
d01-dashboard_dpr2_dark_V05,d01-dashboard_dpr2_dark,d01-dashboard,desktop,2,dark,V05,jpeg,60,1.0,2560,1600,149578,0.292145,chromium,easyocr,ok,0.88,"{""0.3"": {""matched"": 62, ""n_gt"": 63, ""n_pred"": 68}, ""0.5"": {""matched"": 55, ""n_gt"": 63, ""n_pred"": 68}, ""0.7"": {""matched"": 12, ""n_gt"": 63, ""n_pred"": 68}}",68,0,0,13.043939320999925,True,True
d01-dashboard_dpr2_dark_V06,d01-dashboard_dpr2_dark,d01-dashboard,desktop,2,dark,V06,jpeg,85,1.0,2560,1600,301545,0.588955,chromium,easyocr,ok,0.8849557522123894,"{""0.3"": {""matched"": 62, ""n_gt"": 63, ""n_pred"": 69}, ""0.5"": {""matched"": 57, ""n_gt"": 63, ""n_pred"": 69}, ""0.7"": {""matched"": 9, ""n_gt"": 63, ""n_pred"": 69}}",69,0,0,12.337175329000274,True,True
d01-dashboard_dpr2_dark_V07,d01-dashboard_dpr2_dark,d01-dashboard,desktop,2,dark,V07,webp,90,1.0,2560,1600,110500,0.21582,chromium,easyocr,ok,0.8986784140969162,"{""0.3"": {""matched"": 62, ""n_gt"": 63, ""n_pred"": 68}, ""0.5"": {""matched"": 58, ""n_gt"": 63, ""n_pred"": 68}, ""0.7"": {""matched"": 10, ""n_gt"": 63, ""n_pred"": 68}}",68,0,0,12.530203659000108,True,True
d01-dashboard_dpr2_dark_V08,d01-dashboard_dpr2_dark,d01-dashboard,desktop,2,dark,V08,webp,75,1.0,2560,1600,70512,0.137719,chromium,easyocr,ok,0.8986784140969162,"{""0.3"": {""matched"": 62, ""n_gt"": 63, ""n_pred"": 68}, ""0.5"": {""matched"": 58, ""n_gt"": 63, ""n_pred"": 68}, ""0.7"": {""matched"": 12, ""n_gt"": 63, ""n_pred"": 68}}",68,0,0,12.192736179999883,True,True
d01-dashboard_dpr2_dark_V09,d01-dashboard_dpr2_dark,d01-dashboard,desktop,2,dark,V09,webp,50,1.0,2560,1600,58154,0.113582,chromium,easyocr,ok,0.8810572687224669,"{""0.3"": {""matched"": 62, ""n_gt"": 63, ""n_pred"": 68}, ""0.5"": {""matched"": 57, ""n_gt"": 63, ""n_pred"": 68}, ""0.7"": {""matched"": 10, ""n_gt"": 63, ""n_pred"": 68}}",68,0,0,13.545265980000295,True,True
d01-dashboard_dpr2_dark_V10,d01-dashboard_dpr2_dark,d01-dashboard,desktop,2,dark,V10,avif,80,1.0,2560,1600,69922,0.136566,chromium,easyocr,ok,0.8898678414096917,"{""0.3"": {""matched"": 62, ""n_gt"": 63, ""n_pred"": 68}, ""0.5"": {""matched"": 58, ""n_gt"": 63, ""n_pred"": 68}, ""0.7"": {""matched"": 11, ""n_gt"": 63, ""n_pred"": 68}}",68,0,0,13.246105668000382,True,True
d01-dashboard_dpr2_dark_V11,d01-dashboard_dpr2_dark,d01-dashboard,desktop,2,dark,V11,avif,60,1.0,2560,1600,49545,0.096768,chromium,easyocr,ok,0.8986784140969162,"{""0.3"": {""matched"": 62, ""n_gt"": 63, ""n_pred"": 68}, ""0.5"": {""matched"": 58, ""n_gt"": 63, ""n_pred"": 68}, ""0.7"": {""matched"": 12, ""n_gt"": 63, ""n_pred"": 68}}",68,0,0,13.460334160999992,True,True
d01-dashboard_dpr2_dark_V12,d01-dashboard_dpr2_dark,d01-dashboard,desktop,2,dark,V12,png,,0.5,1280,800,153870,1.202109,chromium,easyocr,ok,0.8071748878923767,"{""0.3"": {""matched"": 60, ""n_gt"": 63, ""n_pred"": 64}, ""0.5"": {""matched"": 55, ""n_gt"": 63, ""n_pred"": 64}, ""0.7"": {""matched"": 19, ""n_gt"": 63, ""n_pred"": 64}}",64,0,0,4.558672252999713,True,True
d01-dashboard_dpr2_dark_V13,d01-dashboard_dpr2_dark,d01-dashboard,desktop,2,dark,V13,jpeg,75,0.5,1280,800,63365,0.495039,chromium,easyocr,ok,0.808888888888889,"{""0.3"": {""matched"": 61, ""n_gt"": 63, ""n_pred"": 64}, ""0.5"": {""matched"": 55, ""n_gt"": 63, ""n_pred"": 64}, ""0.7"": {""matched"": 13, ""n_gt"": 63, ""n_pred"": 64}}",64,0,0,4.227325875000133,True,True
d01-dashboard_dpr2_light_V00,d01-dashboard_dpr2_light,d01-dashboard,desktop,2,light,V00,png,,1.0,2560,1600,171825,0.335596,chromium,easyocr,ok,0.8407079646017699,"{""0.3"": {""matched"": 62, ""n_gt"": 63, ""n_pred"": 70}, ""0.5"": {""matched"": 57, ""n_gt"": 63, ""n_pred"": 70}, ""0.7"": {""matched"": 9, ""n_gt"": 63, ""n_pred"": 70}}",70,0,0,13.022511097999995,True,True
d01-dashboard_dpr2_light_V02,d01-dashboard_dpr2_light,d01-dashboard,desktop,2,light,V02,jpeg,95,1.0,2560,1600,326771,0.638225,chromium,easyocr,ok,0.8495575221238938,"{""0.3"": {""matched"": 62, ""n_gt"": 63, ""n_pred"": 70}, ""0.5"": {""matched"": 56, ""n_gt"": 63, ""n_pred"": 70}, ""0.7"": {""matched"": 10, ""n_gt"": 63, ""n_pred"": 70}}",70,0,0,12.560284197000328,True,True
d01-dashboard_dpr2_light_V03,d01-dashboard_dpr2_light,d01-dashboard,desktop,2,light,V03,jpeg,85,1.0,2560,1600,222866,0.435285,chromium,easyocr,ok,0.8584070796460177,"{""0.3"": {""matched"": 62, ""n_gt"": 63, ""n_pred"": 70}, ""0.5"": {""matched"": 56, ""n_gt"": 63, ""n_pred"": 70}, ""0.7"": {""matched"": 12, ""n_gt"": 63, ""n_pred"": 70}}",70,0,0,12.722489967000001,True,True
d01-dashboard_dpr2_light_V04,d01-dashboard_dpr2_light,d01-dashboard,desktop,2,light,V04,jpeg,75,1.0,2560,1600,182759,0.356951,chromium,easyocr,ok,0.8533333333333333,"{""0.3"": {""matched"": 62, ""n_gt"": 63, ""n_pred"": 70}, ""0.5"": {""matched"": 55, ""n_gt"": 63, ""n_pred"": 70}, ""0.7"": {""matched"": 11, ""n_gt"": 63, ""n_pred"": 70}}",70,0,0,13.149216740000156,True,True
d01-dashboard_dpr2_light_V05,d01-dashboard_dpr2_light,d01-dashboard,desktop,2,light,V05,jpeg,60,1.0,2560,1600,157029,0.306697,chromium,easyocr,ok,0.8584070796460177,"{""0.3"": {""matched"": 62, ""n_gt"": 63, ""n_pred"": 70}, ""0.5"": {""matched"": 55, ""n_gt"": 63, ""n_pred"": 70}, ""0.7"": {""matched"": 11, ""n_gt"": 63, ""n_pred"": 70}}",70,0,0,12.829286283000329,True,True
d01-dashboard_dpr2_light_V06,d01-dashboard_dpr2_light,d01-dashboard,desktop,2,light,V06,jpeg,85,1.0,2560,1600,318647,0.622357,chromium,easyocr,ok,0.8584070796460177,"{""0.3"": {""matched"": 62, ""n_gt"": 63, ""n_pred"": 70}, ""0.5"": {""matched"": 56, ""n_gt"": 63, ""n_pred"": 70}, ""0.7"": {""matched"": 7, ""n_gt"": 63, ""n_pred"": 70}}",70,0,0,12.505737536000197,True,True
d01-dashboard_dpr2_light_V07,d01-dashboard_dpr2_light,d01-dashboard,desktop,2,light,V07,webp,90,1.0,2560,1600,115548,0.22568,chromium,easyocr,ok,0.8495575221238938,"{""0.3"": {""matched"": 62, ""n_gt"": 63, ""n_pred"": 70}, ""0.5"": {""matched"": 56, ""n_gt"": 63, ""n_pred"": 70}, ""0.7"": {""matched"": 11, ""n_gt"": 63, ""n_pred"": 70}}",70,0,0,13.05485114000021,True,True
d01-dashboard_dpr2_light_V08,d01-dashboard_dpr2_light,d01-dashboard,desktop,2,light,V08,webp,75,1.0,2560,1600,74508,0.145523,chromium,easyocr,ok,0.8495575221238938,"{""0.3"": {""matched"": 62, ""n_gt"": 63, ""n_pred"": 70}, ""0.5"": {""matched"": 57, ""n_gt"": 63, ""n_pred"": 70}, ""0.7"": {""matched"": 12, ""n_gt"": 63, ""n_pred"": 70}}",70,0,0,12.617744078000214,True,True
d01-dashboard_dpr2_light_V09,d01-dashboard_dpr2_light,d01-dashboard,desktop,2,light,V09,webp,50,1.0,2560,1600,61836,0.120773,chromium,easyocr,ok,0.8407079646017699,"{""0.3"": {""matched"": 62, ""n_gt"": 63, ""n_pred"": 70}, ""0.5"": {""matched"": 56, ""n_gt"": 63, ""n_pred"": 70}, ""0.7"": {""matched"": 11, ""n_gt"": 63, ""n_pred"": 70}}",70,0,0,13.775693714000226,True,True
d01-dashboard_dpr2_light_V10,d01-dashboard_dpr2_light,d01-dashboard,desktop,2,light,V10,avif,80,1.0,2560,1600,73339,0.14324,chromium,easyocr,ok,0.8584070796460177,"{""0.3"": {""matched"": 62, ""n_gt"": 63, ""n_pred"": 70}, ""0.5"": {""matched"": 56, ""n_gt"": 63, ""n_pred"": 70}, ""0.7"": {""matched"": 10, ""n_gt"": 63, ""n_pred"": 70}}",70,0,0,13.226506834998872,True,True
d01-dashboard_dpr2_light_V11,d01-dashboard_dpr2_light,d01-dashboard,desktop,2,light,V11,avif,60,1.0,2560,1600,51723,0.101021,chromium,easyocr,ok,0.8584070796460177,"{""0.3"": {""matched"": 62, ""n_gt"": 63, ""n_pred"": 70}, ""0.5"": {""matched"": 56, ""n_gt"": 63, ""n_pred"": 70}, ""0.7"": {""matched"": 11, ""n_gt"": 63, ""n_pred"": 70}}",70,0,0,14.515619423000317,True,True
d01-dashboard_dpr2_light_V12,d01-dashboard_dpr2_light,d01-dashboard,desktop,2,light,V12,png,,0.5,1280,800,140721,1.099383,chromium,easyocr,ok,0.7927927927927927,"{""0.3"": {""matched"": 60, ""n_gt"": 63, ""n_pred"": 64}, ""0.5"": {""matched"": 59, ""n_gt"": 63, ""n_pred"": 64}, ""0.7"": {""matched"": 24, ""n_gt"": 63, ""n_pred"": 64}}",64,0,0,4.305631601000641,True,True
d01-dashboard_dpr2_light_V13,d01-dashboard_dpr2_light,d01-dashboard,desktop,2,light,V13,jpeg,75,0.5,1280,800,65282,0.510016,chromium,easyocr,ok,0.7657657657657658,"{""0.3"": {""matched"": 60, ""n_gt"": 63, ""n_pred"": 64}, ""0.5"": {""matched"": 58, ""n_gt"": 63, ""n_pred"": 64}, ""0.7"": {""matched"": 18, ""n_gt"": 63, ""n_pred"": 64}}",64,0,0,4.686880152001322,True,True
d06-code-editor_dpr1_dark_V00,d06-code-editor_dpr1_dark,d06-code-editor,desktop,1,dark,V00,png,,1.0,1280,800,115563,0.902836,chromium,easyocr,ok,0.6507936507936508,"{""0.3"": {""matched"": 37, ""n_gt"": 62, ""n_pred"": 90}, ""0.5"": {""matched"": 26, ""n_gt"": 62, ""n_pred"": 90}, ""0.7"": {""matched"": 10, ""n_gt"": 62, ""n_pred"": 90}}",90,0,1,5.8160809020009765,True,True
d06-code-editor_dpr1_dark_V02,d06-code-editor_dpr1_dark,d06-code-editor,desktop,1,dark,V02,jpeg,95,1.0,1280,800,167078,1.305297,chromium,easyocr,ok,0.6174142480211081,"{""0.3"": {""matched"": 35, ""n_gt"": 62, ""n_pred"": 88}, ""0.5"": {""matched"": 25, ""n_gt"": 62, ""n_pred"": 88}, ""0.7"": {""matched"": 8, ""n_gt"": 62, ""n_pred"": 88}}",88,0,1,5.433743273999426,True,True
d06-code-editor_dpr1_dark_V03,d06-code-editor_dpr1_dark,d06-code-editor,desktop,1,dark,V03,jpeg,85,1.0,1280,800,106846,0.834734,chromium,easyocr,ok,0.6084656084656085,"{""0.3"": {""matched"": 35, ""n_gt"": 62, ""n_pred"": 86}, ""0.5"": {""matched"": 27, ""n_gt"": 62, ""n_pred"": 86}, ""0.7"": {""matched"": 8, ""n_gt"": 62, ""n_pred"": 86}}",86,0,1,5.441811990000133,True,True
d06-code-editor_dpr1_dark_V04,d06-code-editor_dpr1_dark,d06-code-editor,desktop,1,dark,V04,jpeg,75,1.0,1280,800,84379,0.659211,chromium,easyocr,ok,0.6206896551724138,"{""0.3"": {""matched"": 35, ""n_gt"": 62, ""n_pred"": 82}, ""0.5"": {""matched"": 27, ""n_gt"": 62, ""n_pred"": 82}, ""0.7"": {""matched"": 10, ""n_gt"": 62, ""n_pred"": 82}}",82,0,1,5.1532143900003575,True,True
d06-code-editor_dpr1_dark_V05,d06-code-editor_dpr1_dark,d06-code-editor,desktop,1,dark,V05,jpeg,60,1.0,1280,800,68179,0.532648,chromium,easyocr,ok,0.6005361930294906,"{""0.3"": {""matched"": 36, ""n_gt"": 62, ""n_pred"": 80}, ""0.5"": {""matched"": 24, ""n_gt"": 62, ""n_pred"": 80}, ""0.7"": {""matched"": 9, ""n_gt"": 62, ""n_pred"": 80}}",80,0,1,4.969488213999284,True,True
d06-code-editor_dpr1_dark_V06,d06-code-editor_dpr1_dark,d06-code-editor,desktop,1,dark,V06,jpeg,85,1.0,1280,800,156807,1.225055,chromium,easyocr,ok,0.6226912928759893,"{""0.3"": {""matched"": 35, ""n_gt"": 62, ""n_pred"": 87}, ""0.5"": {""matched"": 26, ""n_gt"": 62, ""n_pred"": 87}, ""0.7"": {""matched"": 7, ""n_gt"": 62, ""n_pred"": 87}}",87,0,1,5.437048023000898,True,True
d06-code-editor_dpr1_dark_V07,d06-code-editor_dpr1_dark,d06-code-editor,desktop,1,dark,V07,webp,90,1.0,1280,800,76046,0.594109,chromium,easyocr,ok,0.6259946949602122,"{""0.3"": {""matched"": 35, ""n_gt"": 62, ""n_pred"": 90}, ""0.5"": {""matched"": 24, ""n_gt"": 62, ""n_pred"": 90}, ""0.7"": {""matched"": 10, ""n_gt"": 62, ""n_pred"": 90}}",90,0,1,5.535709555000722,True,True
d06-code-editor_dpr1_dark_V08,d06-code-editor_dpr1_dark,d06-code-editor,desktop,1,dark,V08,webp,75,1.0,1280,800,48572,0.379469,chromium,easyocr,ok,0.6419098143236075,"{""0.3"": {""matched"": 36, ""n_gt"": 62, ""n_pred"": 84}, ""0.5"": {""matched"": 26, ""n_gt"": 62, ""n_pred"": 84}, ""0.7"": {""matched"": 10, ""n_gt"": 62, ""n_pred"": 84}}",84,0,1,5.449215773000105,True,True
d06-code-editor_dpr1_dark_V09,d06-code-editor_dpr1_dark,d06-code-editor,desktop,1,dark,V09,webp,50,1.0,1280,800,39682,0.310016,chromium,easyocr,ok,0.6310160427807486,"{""0.3"": {""matched"": 36, ""n_gt"": 62, ""n_pred"": 88}, ""0.5"": {""matched"": 24, ""n_gt"": 62, ""n_pred"": 88}, ""0.7"": {""matched"": 9, ""n_gt"": 62, ""n_pred"": 88}}",88,0,1,5.3300993779994315,True,True
d06-code-editor_dpr1_dark_V10,d06-code-editor_dpr1_dark,d06-code-editor,desktop,1,dark,V10,avif,80,1.0,1280,800,45802,0.357828,chromium,easyocr,ok,0.6190476190476191,"{""0.3"": {""matched"": 35, ""n_gt"": 62, ""n_pred"": 85}, ""0.5"": {""matched"": 26, ""n_gt"": 62, ""n_pred"": 85}, ""0.7"": {""matched"": 10, ""n_gt"": 62, ""n_pred"": 85}}",85,0,1,5.281316137999966,True,True
d06-code-editor_dpr1_dark_V11,d06-code-editor_dpr1_dark,d06-code-editor,desktop,1,dark,V11,avif,60,1.0,1280,800,31619,0.247023,chromium,easyocr,ok,0.6472148541114059,"{""0.3"": {""matched"": 35, ""n_gt"": 62, ""n_pred"": 90}, ""0.5"": {""matched"": 26, ""n_gt"": 62, ""n_pred"": 90}, ""0.7"": {""matched"": 9, ""n_gt"": 62, ""n_pred"": 90}}",90,0,1,5.2815329730001395,True,True
d06-code-editor_dpr1_dark_V12,d06-code-editor_dpr1_dark,d06-code-editor,desktop,1,dark,V12,png,,0.5,640,400,96707,3.022094,chromium,easyocr,ok,0.0071174377224199285,"{""0.3"": {""matched"": 22, ""n_gt"": 62, ""n_pred"": 47}, ""0.5"": {""matched"": 14, ""n_gt"": 62, ""n_pred"": 47}, ""0.7"": {""matched"": 14, ""n_gt"": 62, ""n_pred"": 47}}",47,0,1,4.878683273000206,True,True
d06-code-editor_dpr1_dark_V13,d06-code-editor_dpr1_dark,d06-code-editor,desktop,1,dark,V13,jpeg,75,0.5,640,400,26025,0.813281,chromium,easyocr,ok,0.03703703703703704,"{""0.3"": {""matched"": 18, ""n_gt"": 62, ""n_pred"": 45}, ""0.5"": {""matched"": 11, ""n_gt"": 62, ""n_pred"": 45}, ""0.7"": {""matched"": 9, ""n_gt"": 62, ""n_pred"": 45}}",45,0,2,3.807458031000351,True,True
d06-code-editor_dpr1_light_V00,d06-code-editor_dpr1_light,d06-code-editor,desktop,1,light,V00,png,,1.0,1280,800,113625,0.887695,chromium,easyocr,ok,0.6133333333333333,"{""0.3"": {""matched"": 34, ""n_gt"": 62, ""n_pred"": 94}, ""0.5"": {""matched"": 25, ""n_gt"": 62, ""n_pred"": 94}, ""0.7"": {""matched"": 11, ""n_gt"": 62, ""n_pred"": 94}}",94,0,1,5.463227046000611,True,True
d06-code-editor_dpr1_light_V02,d06-code-editor_dpr1_light,d06-code-editor,desktop,1,light,V02,jpeg,95,1.0,1280,800,167255,1.30668,chromium,easyocr,ok,0.592,"{""0.3"": {""matched"": 32, ""n_gt"": 62, ""n_pred"": 97}, ""0.5"": {""matched"": 26, ""n_gt"": 62, ""n_pred"": 97}, ""0.7"": {""matched"": 9, ""n_gt"": 62, ""n_pred"": 97}}",97,0,2,5.21512790000088,True,True
d06-code-editor_dpr1_light_V03,d06-code-editor_dpr1_light,d06-code-editor,desktop,1,light,V03,jpeg,85,1.0,1280,800,106546,0.832391,chromium,easyocr,ok,0.5882352941176471,"{""0.3"": {""matched"": 32, ""n_gt"": 62, ""n_pred"": 96}, ""0.5"": {""matched"": 25, ""n_gt"": 62, ""n_pred"": 96}, ""0.7"": {""matched"": 7, ""n_gt"": 62, ""n_pred"": 96}}",96,0,1,5.172736894000991,True,True
d06-code-editor_dpr1_light_V04,d06-code-editor_dpr1_light,d06-code-editor,desktop,1,light,V04,jpeg,75,1.0,1280,800,84396,0.659344,chromium,easyocr,ok,0.5904255319148937,"{""0.3"": {""matched"": 33, ""n_gt"": 62, ""n_pred"": 95}, ""0.5"": {""matched"": 26, ""n_gt"": 62, ""n_pred"": 95}, ""0.7"": {""matched"": 11, ""n_gt"": 62, ""n_pred"": 95}}",95,0,1,5.273516479001046,True,True
d06-code-editor_dpr1_light_V05,d06-code-editor_dpr1_light,d06-code-editor,desktop,1,light,V05,jpeg,60,1.0,1280,800,68337,0.533883,chromium,easyocr,ok,0.5722070844686649,"{""0.3"": {""matched"": 34, ""n_gt"": 62, ""n_pred"": 90}, ""0.5"": {""matched"": 26, ""n_gt"": 62, ""n_pred"": 90}, ""0.7"": {""matched"": 8, ""n_gt"": 62, ""n_pred"": 90}}",90,0,1,5.145895957999528,True,True
d06-code-editor_dpr1_light_V06,d06-code-editor_dpr1_light,d06-code-editor,desktop,1,light,V06,jpeg,85,1.0,1280,800,157132,1.227594,chromium,easyocr,ok,0.6058981233243967,"{""0.3"": {""matched"": 32, ""n_gt"": 62, ""n_pred"": 96}, ""0.5"": {""matched"": 26, ""n_gt"": 62, ""n_pred"": 96}, ""0.7"": {""matched"": 10, ""n_gt"": 62, ""n_pred"": 96}}",96,0,1,5.147899854999196,True,True
d06-code-editor_dpr1_light_V07,d06-code-editor_dpr1_light,d06-code-editor,desktop,1,light,V07,webp,90,1.0,1280,800,76380,0.596719,chromium,easyocr,ok,0.5698924731182796,"{""0.3"": {""matched"": 32, ""n_gt"": 62, ""n_pred"": 99}, ""0.5"": {""matched"": 24, ""n_gt"": 62, ""n_pred"": 99}, ""0.7"": {""matched"": 7, ""n_gt"": 62, ""n_pred"": 99}}",99,0,1,5.253596151000238,True,True
d06-code-editor_dpr1_light_V08,d06-code-editor_dpr1_light,d06-code-editor,desktop,1,light,V08,webp,75,1.0,1280,800,48802,0.381266,chromium,easyocr,ok,0.5768194070080862,"{""0.3"": {""matched"": 33, ""n_gt"": 62, ""n_pred"": 95}, ""0.5"": {""matched"": 24, ""n_gt"": 62, ""n_pred"": 95}, ""0.7"": {""matched"": 9, ""n_gt"": 62, ""n_pred"": 95}}",95,0,1,5.254840280998906,True,True
d06-code-editor_dpr1_light_V09,d06-code-editor_dpr1_light,d06-code-editor,desktop,1,light,V09,webp,50,1.0,1280,800,39824,0.311125,chromium,easyocr,ok,0.5714285714285713,"{""0.3"": {""matched"": 35, ""n_gt"": 62, ""n_pred"": 94}, ""0.5"": {""matched"": 26, ""n_gt"": 62, ""n_pred"": 94}, ""0.7"": {""matched"": 5, ""n_gt"": 62, ""n_pred"": 94}}",94,0,1,4.969933753000078,True,True
d06-code-editor_dpr1_light_V10,d06-code-editor_dpr1_light,d06-code-editor,desktop,1,light,V10,avif,80,1.0,1280,800,45800,0.357812,chromium,easyocr,ok,0.574468085106383,"{""0.3"": {""matched"": 32, ""n_gt"": 62, ""n_pred"": 99}, ""0.5"": {""matched"": 24, ""n_gt"": 62, ""n_pred"": 99}, ""0.7"": {""matched"": 9, ""n_gt"": 62, ""n_pred"": 99}}",99,0,2,5.295389418999548,True,True
d06-code-editor_dpr1_light_V11,d06-code-editor_dpr1_light,d06-code-editor,desktop,1,light,V11,avif,60,1.0,1280,800,31820,0.248594,chromium,easyocr,ok,0.5790884718498661,"{""0.3"": {""matched"": 33, ""n_gt"": 62, ""n_pred"": 97}, ""0.5"": {""matched"": 25, ""n_gt"": 62, ""n_pred"": 97}, ""0.7"": {""matched"": 10, ""n_gt"": 62, ""n_pred"": 97}}",97,0,2,5.320407211000202,True,True
d06-code-editor_dpr1_light_V12,d06-code-editor_dpr1_light,d06-code-editor,desktop,1,light,V12,png,,0.5,640,400,86228,2.694625,chromium,easyocr,ok,0.013793103448275864,"{""0.3"": {""matched"": 23, ""n_gt"": 62, ""n_pred"": 48}, ""0.5"": {""matched"": 14, ""n_gt"": 62, ""n_pred"": 48}, ""0.7"": {""matched"": 9, ""n_gt"": 62, ""n_pred"": 48}}",48,0,1,4.6340855970011035,True,True
d06-code-editor_dpr1_light_V13,d06-code-editor_dpr1_light,d06-code-editor,desktop,1,light,V13,jpeg,75,0.5,640,400,25320,0.79125,chromium,easyocr,ok,0.0627177700348432,"{""0.3"": {""matched"": 17, ""n_gt"": 62, ""n_pred"": 45}, ""0.5"": {""matched"": 7, ""n_gt"": 62, ""n_pred"": 45}, ""0.7"": {""matched"": 3, ""n_gt"": 62, ""n_pred"": 45}}",45,0,2,4.027347543998985,True,True
d06-code-editor_dpr1p5_dark_V00,d06-code-editor_dpr1p5_dark,d06-code-editor,desktop,1.5,dark,V00,png,,1.0,1920,1200,192228,0.667458,chromium,easyocr,ok,0.7299999999999999,"{""0.3"": {""matched"": 49, ""n_gt"": 62, ""n_pred"": 93}, ""0.5"": {""matched"": 28, ""n_gt"": 62, ""n_pred"": 93}, ""0.7"": {""matched"": 5, ""n_gt"": 62, ""n_pred"": 93}}",93,0,1,9.752433456998915,True,True
d06-code-editor_dpr1p5_dark_V02,d06-code-editor_dpr1p5_dark,d06-code-editor,desktop,1.5,dark,V02,jpeg,95,1.0,1920,1200,303347,1.053288,chromium,easyocr,ok,0.7263681592039801,"{""0.3"": {""matched"": 50, ""n_gt"": 62, ""n_pred"": 91}, ""0.5"": {""matched"": 28, ""n_gt"": 62, ""n_pred"": 91}, ""0.7"": {""matched"": 4, ""n_gt"": 62, ""n_pred"": 91}}",91,0,1,8.93091683000057,True,True
d06-code-editor_dpr1p5_dark_V03,d06-code-editor_dpr1p5_dark,d06-code-editor,desktop,1.5,dark,V03,jpeg,85,1.0,1920,1200,193508,0.671903,chromium,easyocr,ok,0.713216957605985,"{""0.3"": {""matched"": 49, ""n_gt"": 62, ""n_pred"": 88}, ""0.5"": {""matched"": 29, ""n_gt"": 62, ""n_pred"": 88}, ""0.7"": {""matched"": 4, ""n_gt"": 62, ""n_pred"": 88}}",88,0,1,8.739867236999999,True,True
d06-code-editor_dpr1p5_dark_V04,d06-code-editor_dpr1p5_dark,d06-code-editor,desktop,1.5,dark,V04,jpeg,75,1.0,1920,1200,154854,0.537687,chromium,easyocr,ok,0.7344913151364765,"{""0.3"": {""matched"": 49, ""n_gt"": 62, ""n_pred"": 83}, ""0.5"": {""matched"": 29, ""n_gt"": 62, ""n_pred"": 83}, ""0.7"": {""matched"": 5, ""n_gt"": 62, ""n_pred"": 83}}",83,0,1,9.007144361999963,True,True
d06-code-editor_dpr1p5_dark_V05,d06-code-editor_dpr1p5_dark,d06-code-editor,desktop,1.5,dark,V05,jpeg,60,1.0,1920,1200,126848,0.440444,chromium,easyocr,ok,0.7331670822942644,"{""0.3"": {""matched"": 49, ""n_gt"": 62, ""n_pred"": 81}, ""0.5"": {""matched"": 31, ""n_gt"": 62, ""n_pred"": 81}, ""0.7"": {""matched"": 5, ""n_gt"": 62, ""n_pred"": 81}}",81,0,1,8.906628201000785,True,True
d06-code-editor_dpr1p5_dark_V06,d06-code-editor_dpr1p5_dark,d06-code-editor,desktop,1.5,dark,V06,jpeg,85,1.0,1920,1200,280676,0.974569,chromium,easyocr,ok,0.745,"{""0.3"": {""matched"": 51, ""n_gt"": 62, ""n_pred"": 86}, ""0.5"": {""matched"": 28, ""n_gt"": 62, ""n_pred"": 86}, ""0.7"": {""matched"": 3, ""n_gt"": 62, ""n_pred"": 86}}",86,0,1,8.978330603000359,True,True
d06-code-editor_dpr1p5_dark_V07,d06-code-editor_dpr1p5_dark,d06-code-editor,desktop,1.5,dark,V07,webp,90,1.0,1920,1200,131710,0.457326,chromium,easyocr,ok,0.7424242424242425,"{""0.3"": {""matched"": 50, ""n_gt"": 62, ""n_pred"": 89}, ""0.5"": {""matched"": 28, ""n_gt"": 62, ""n_pred"": 89}, ""0.7"": {""matched"": 4, ""n_gt"": 62, ""n_pred"": 89}}",89,0,1,8.681164450999859,True,True
d06-code-editor_dpr1p5_dark_V08,d06-code-editor_dpr1p5_dark,d06-code-editor,desktop,1.5,dark,V08,webp,75,1.0,1920,1200,85822,0.297993,chromium,easyocr,ok,0.745,"{""0.3"": {""matched"": 50, ""n_gt"": 62, ""n_pred"": 84}, ""0.5"": {""matched"": 31, ""n_gt"": 62, ""n_pred"": 84}, ""0.7"": {""matched"": 1, ""n_gt"": 62, ""n_pred"": 84}}",84,0,1,8.94743900100002,True,True
d06-code-editor_dpr1p5_dark_V09,d06-code-editor_dpr1p5_dark,d06-code-editor,desktop,1.5,dark,V09,webp,50,1.0,1920,1200,70284,0.244042,chromium,easyocr,ok,0.7185929648241206,"{""0.3"": {""matched"": 51, ""n_gt"": 62, ""n_pred"": 83}, ""0.5"": {""matched"": 31, ""n_gt"": 62, ""n_pred"": 83}, ""0.7"": {""matched"": 2, ""n_gt"": 62, ""n_pred"": 83}}",83,0,1,9.096798497999771,True,True
d06-code-editor_dpr1p5_dark_V10,d06-code-editor_dpr1p5_dark,d06-code-editor,desktop,1.5,dark,V10,avif,80,1.0,1920,1200,118369,0.411003,chromium,easyocr,ok,0.7368421052631577,"{""0.3"": {""matched"": 50, ""n_gt"": 62, ""n_pred"": 92}, ""0.5"": {""matched"": 28, ""n_gt"": 62, ""n_pred"": 92}, ""0.7"": {""matched"": 3, ""n_gt"": 62, ""n_pred"": 92}}",92,0,1,9.614235345999987,True,True
d06-code-editor_dpr1p5_dark_V11,d06-code-editor_dpr1p5_dark,d06-code-editor,desktop,1.5,dark,V11,avif,60,1.0,1920,1200,78215,0.27158,chromium,easyocr,ok,0.7363184079601991,"{""0.3"": {""matched"": 50, ""n_gt"": 62, ""n_pred"": 91}, ""0.5"": {""matched"": 29, ""n_gt"": 62, ""n_pred"": 91}, ""0.7"": {""matched"": 5, ""n_gt"": 62, ""n_pred"": 91}}",91,0,1,9.637204299999212,True,True
d06-code-editor_dpr1p5_dark_V12,d06-code-editor_dpr1p5_dark,d06-code-editor,desktop,1.5,dark,V12,png,,0.5,960,600,171260,2.378611,chromium,easyocr,ok,0.37746478873239436,"{""0.3"": {""matched"": 30, ""n_gt"": 62, ""n_pred"": 89}, ""0.5"": {""matched"": 22, ""n_gt"": 62, ""n_pred"": 89}, ""0.7"": {""matched"": 12, ""n_gt"": 62, ""n_pred"": 89}}",89,0,2,5.346560125999531,True,True
d06-code-editor_dpr1p5_dark_V13,d06-code-editor_dpr1p5_dark,d06-code-editor,desktop,1.5,dark,V13,jpeg,75,0.5,960,600,54085,0.751181,chromium,easyocr,ok,0.3814713896457766,"{""0.3"": {""matched"": 34, ""n_gt"": 62, ""n_pred"": 83}, ""0.5"": {""matched"": 22, ""n_gt"": 62, ""n_pred"": 83}, ""0.7"": {""matched"": 9, ""n_gt"": 62, ""n_pred"": 83}}",83,0,1,4.670285384001545,True,True
d06-code-editor_dpr1p5_light_V00,d06-code-editor_dpr1p5_light,d06-code-editor,desktop,1.5,light,V00,png,,1.0,1920,1200,191593,0.665253,chromium,easyocr,ok,0.7167919799498746,"{""0.3"": {""matched"": 49, ""n_gt"": 62, ""n_pred"": 94}, ""0.5"": {""matched"": 34, ""n_gt"": 62, ""n_pred"": 94}, ""0.7"": {""matched"": 9, ""n_gt"": 62, ""n_pred"": 94}}",94,0,1,9.65455506699982,True,True
d06-code-editor_dpr1p5_light_V02,d06-code-editor_dpr1p5_light,d06-code-editor,desktop,1.5,light,V02,jpeg,95,1.0,1920,1200,305897,1.062142,chromium,easyocr,ok,0.7103274559193954,"{""0.3"": {""matched"": 48, ""n_gt"": 62, ""n_pred"": 98}, ""0.5"": {""matched"": 32, ""n_gt"": 62, ""n_pred"": 98}, ""0.7"": {""matched"": 5, ""n_gt"": 62, ""n_pred"": 98}}",98,0,1,10.422583026000211,True,True
d06-code-editor_dpr1p5_light_V03,d06-code-editor_dpr1p5_light,d06-code-editor,desktop,1.5,light,V03,jpeg,85,1.0,1920,1200,195629,0.679267,chromium,easyocr,ok,0.7299999999999999,"{""0.3"": {""matched"": 49, ""n_gt"": 62, ""n_pred"": 92}, ""0.5"": {""matched"": 34, ""n_gt"": 62, ""n_pred"": 92}, ""0.7"": {""matched"": 4, ""n_gt"": 62, ""n_pred"": 92}}",92,0,1,10.466954325000188,True,True
d06-code-editor_dpr1p5_light_V04,d06-code-editor_dpr1p5_light,d06-code-editor,desktop,1.5,light,V04,jpeg,75,1.0,1920,1200,156030,0.541771,chromium,easyocr,ok,0.715,"{""0.3"": {""matched"": 49, ""n_gt"": 62, ""n_pred"": 92}, ""0.5"": {""matched"": 32, ""n_gt"": 62, ""n_pred"": 92}, ""0.7"": {""matched"": 6, ""n_gt"": 62, ""n_pred"": 92}}",92,0,1,9.255408245999206,True,True
d06-code-editor_dpr1p5_light_V05,d06-code-editor_dpr1p5_light,d06-code-editor,desktop,1.5,light,V05,jpeg,60,1.0,1920,1200,128284,0.445431,chromium,easyocr,ok,0.706766917293233,"{""0.3"": {""matched"": 48, ""n_gt"": 62, ""n_pred"": 93}, ""0.5"": {""matched"": 33, ""n_gt"": 62, ""n_pred"": 93}, ""0.7"": {""matched"": 5, ""n_gt"": 62, ""n_pred"": 93}}",93,0,1,9.371975730000486,True,True
d06-code-editor_dpr1p5_light_V06,d06-code-editor_dpr1p5_light,d06-code-editor,desktop,1.5,light,V06,jpeg,85,1.0,1920,1200,285179,0.990205,chromium,easyocr,ok,0.7135678391959798,"{""0.3"": {""matched"": 50, ""n_gt"": 62, ""n_pred"": 91}, ""0.5"": {""matched"": 33, ""n_gt"": 62, ""n_pred"": 91}, ""0.7"": {""matched"": 3, ""n_gt"": 62, ""n_pred"": 91}}",91,0,1,8.70167708199915,True,True
d06-code-editor_dpr1p5_light_V07,d06-code-editor_dpr1p5_light,d06-code-editor,desktop,1.5,light,V07,webp,90,1.0,1920,1200,133164,0.462375,chromium,easyocr,ok,0.7304785894206549,"{""0.3"": {""matched"": 49, ""n_gt"": 62, ""n_pred"": 96}, ""0.5"": {""matched"": 31, ""n_gt"": 62, ""n_pred"": 96}, ""0.7"": {""matched"": 7, ""n_gt"": 62, ""n_pred"": 96}}",96,0,1,10.296305636000397,True,True
d06-code-editor_dpr1p5_light_V08,d06-code-editor_dpr1p5_light,d06-code-editor,desktop,1.5,light,V08,webp,75,1.0,1920,1200,86962,0.301951,chromium,easyocr,ok,0.7245657568238213,"{""0.3"": {""matched"": 49, ""n_gt"": 62, ""n_pred"": 97}, ""0.5"": {""matched"": 31, ""n_gt"": 62, ""n_pred"": 97}, ""0.7"": {""matched"": 2, ""n_gt"": 62, ""n_pred"": 97}}",97,0,2,9.97723945800135,True,True
d06-code-editor_dpr1p5_light_V09,d06-code-editor_dpr1p5_light,d06-code-editor,desktop,1.5,light,V09,webp,50,1.0,1920,1200,71132,0.246986,chromium,easyocr,ok,0.7204030226700252,"{""0.3"": {""matched"": 49, ""n_gt"": 62, ""n_pred"": 93}, ""0.5"": {""matched"": 31, ""n_gt"": 62, ""n_pred"": 93}, ""0.7"": {""matched"": 3, ""n_gt"": 62, ""n_pred"": 93}}",93,0,1,10.04029857400019,True,True
d06-code-editor_dpr1p5_light_V10,d06-code-editor_dpr1p5_light,d06-code-editor,desktop,1.5,light,V10,avif,80,1.0,1920,1200,79024,0.274389,chromium,easyocr,ok,0.7185929648241206,"{""0.3"": {""matched"": 49, ""n_gt"": 62, ""n_pred"": 96}, ""0.5"": {""matched"": 32, ""n_gt"": 62, ""n_pred"": 96}, ""0.7"": {""matched"": 7, ""n_gt"": 62, ""n_pred"": 96}}",96,0,1,9.304936978000114,True,True
d06-code-editor_dpr1p5_light_V11,d06-code-editor_dpr1p5_light,d06-code-editor,desktop,1.5,light,V11,avif,60,1.0,1920,1200,53767,0.186691,chromium,easyocr,ok,0.7304785894206549,"{""0.3"": {""matched"": 49, ""n_gt"": 62, ""n_pred"": 98}, ""0.5"": {""matched"": 33, ""n_gt"": 62, ""n_pred"": 98}, ""0.7"": {""matched"": 6, ""n_gt"": 62, ""n_pred"": 98}}",98,0,1,9.833755591000227,True,True
d06-code-editor_dpr1p5_light_V12,d06-code-editor_dpr1p5_light,d06-code-editor,desktop,1.5,light,V12,png,,0.5,960,600,153224,2.128111,chromium,easyocr,ok,0.36464088397790057,"{""0.3"": {""matched"": 28, ""n_gt"": 62, ""n_pred"": 90}, ""0.5"": {""matched"": 19, ""n_gt"": 62, ""n_pred"": 90}, ""0.7"": {""matched"": 11, ""n_gt"": 62, ""n_pred"": 90}}",90,0,2,6.41592368000056,True,True
d06-code-editor_dpr1p5_light_V13,d06-code-editor_dpr1p5_light,d06-code-editor,desktop,1.5,light,V13,jpeg,75,0.5,960,600,52798,0.733306,chromium,easyocr,ok,0.37325905292479106,"{""0.3"": {""matched"": 29, ""n_gt"": 62, ""n_pred"": 87}, ""0.5"": {""matched"": 18, ""n_gt"": 62, ""n_pred"": 87}, ""0.7"": {""matched"": 5, ""n_gt"": 62, ""n_pred"": 87}}",87,0,2,4.630395408999902,True,True
d06-code-editor_dpr2_dark_V00,d06-code-editor_dpr2_dark,d06-code-editor,desktop,2,dark,V00,png,,1.0,2560,1600,267340,0.522148,chromium,easyocr,ok,0.7228915662650603,"{""0.3"": {""matched"": 55, ""n_gt"": 62, ""n_pred"": 119}, ""0.5"": {""matched"": 44, ""n_gt"": 62, ""n_pred"": 119}, ""0.7"": {""matched"": 13, ""n_gt"": 62, ""n_pred"": 119}}",119,0,1,15.694750611999552,True,True
d06-code-editor_dpr2_dark_V02,d06-code-editor_dpr2_dark,d06-code-editor,desktop,2,dark,V02,jpeg,95,1.0,2560,1600,454623,0.887936,chromium,easyocr,ok,0.7338129496402876,"{""0.3"": {""matched"": 55, ""n_gt"": 62, ""n_pred"": 119}, ""0.5"": {""matched"": 45, ""n_gt"": 62, ""n_pred"": 119}, ""0.7"": {""matched"": 9, ""n_gt"": 62, ""n_pred"": 119}}",119,0,1,15.533260546999372,True,True
d06-code-editor_dpr2_dark_V03,d06-code-editor_dpr2_dark,d06-code-editor,desktop,2,dark,V03,jpeg,85,1.0,2560,1600,292896,0.572063,chromium,easyocr,ok,0.7536231884057971,"{""0.3"": {""matched"": 57, ""n_gt"": 62, ""n_pred"": 118}, ""0.5"": {""matched"": 39, ""n_gt"": 62, ""n_pred"": 118}, ""0.7"": {""matched"": 6, ""n_gt"": 62, ""n_pred"": 118}}",118,0,1,15.199151376998998,True,True
d06-code-editor_dpr2_dark_V04,d06-code-editor_dpr2_dark,d06-code-editor,desktop,2,dark,V04,jpeg,75,1.0,2560,1600,236073,0.46108,chromium,easyocr,ok,0.754257907542579,"{""0.3"": {""matched"": 56, ""n_gt"": 62, ""n_pred"": 112}, ""0.5"": {""matched"": 41, ""n_gt"": 62, ""n_pred"": 112}, ""0.7"": {""matched"": 5, ""n_gt"": 62, ""n_pred"": 112}}",112,0,1,15.884588876000635,True,True
d06-code-editor_dpr2_dark_V05,d06-code-editor_dpr2_dark,d06-code-editor,desktop,2,dark,V05,jpeg,60,1.0,2560,1600,195753,0.38233,chromium,easyocr,ok,0.7541766109785203,"{""0.3"": {""matched"": 61, ""n_gt"": 62, ""n_pred"": 107}, ""0.5"": {""matched"": 43, ""n_gt"": 62, ""n_pred"": 107}, ""0.7"": {""matched"": 8, ""n_gt"": 62, ""n_pred"": 107}}",107,0,1,15.885026745998402,True,True
d06-code-editor_dpr2_dark_V06,d06-code-editor_dpr2_dark,d06-code-editor,desktop,2,dark,V06,jpeg,85,1.0,2560,1600,423694,0.827527,chromium,easyocr,ok,0.7651331719128329,"{""0.3"": {""matched"": 57, ""n_gt"": 62, ""n_pred"": 110}, ""0.5"": {""matched"": 47, ""n_gt"": 62, ""n_pred"": 110}, ""0.7"": {""matched"": 9, ""n_gt"": 62, ""n_pred"": 110}}",110,0,1,16.40839397200034,True,True
d06-code-editor_dpr2_dark_V07,d06-code-editor_dpr2_dark,d06-code-editor,desktop,2,dark,V07,webp,90,1.0,2560,1600,186992,0.365219,chromium,easyocr,ok,0.7403846153846153,"{""0.3"": {""matched"": 55, ""n_gt"": 62, ""n_pred"": 118}, ""0.5"": {""matched"": 44, ""n_gt"": 62, ""n_pred"": 118}, ""0.7"": {""matched"": 12, ""n_gt"": 62, ""n_pred"": 118}}",118,0,1,17.24314140000024,True,True
d06-code-editor_dpr2_dark_V08,d06-code-editor_dpr2_dark,d06-code-editor,desktop,2,dark,V08,webp,75,1.0,2560,1600,120144,0.234656,chromium,easyocr,ok,0.7487922705314011,"{""0.3"": {""matched"": 58, ""n_gt"": 62, ""n_pred"": 114}, ""0.5"": {""matched"": 44, ""n_gt"": 62, ""n_pred"": 114}, ""0.7"": {""matched"": 11, ""n_gt"": 62, ""n_pred"": 114}}",114,0,1,15.675470214999223,True,True
d06-code-editor_dpr2_dark_V09,d06-code-editor_dpr2_dark,d06-code-editor,desktop,2,dark,V09,webp,50,1.0,2560,1600,98196,0.191789,chromium,easyocr,ok,0.7464114832535885,"{""0.3"": {""matched"": 57, ""n_gt"": 62, ""n_pred"": 112}, ""0.5"": {""matched"": 43, ""n_gt"": 62, ""n_pred"": 112}, ""0.7"": {""matched"": 10, ""n_gt"": 62, ""n_pred"": 112}}",112,0,1,15.787936221999189,True,True
d06-code-editor_dpr2_dark_V10,d06-code-editor_dpr2_dark,d06-code-editor,desktop,2,dark,V10,avif,80,1.0,2560,1600,169442,0.330941,chromium,easyocr,ok,0.7290167865707434,"{""0.3"": {""matched"": 54, ""n_gt"": 62, ""n_pred"": 121}, ""0.5"": {""matched"": 46, ""n_gt"": 62, ""n_pred"": 121}, ""0.7"": {""matched"": 12, ""n_gt"": 62, ""n_pred"": 121}}",121,0,1,16.78049473899955,True,True
d06-code-editor_dpr2_dark_V11,d06-code-editor_dpr2_dark,d06-code-editor,desktop,2,dark,V11,avif,60,1.0,2560,1600,110428,0.21568,chromium,easyocr,ok,0.735576923076923,"{""0.3"": {""matched"": 55, ""n_gt"": 62, ""n_pred"": 118}, ""0.5"": {""matched"": 43, ""n_gt"": 62, ""n_pred"": 118}, ""0.7"": {""matched"": 12, ""n_gt"": 62, ""n_pred"": 118}}",118,0,1,16.226601340000343,True,True
d06-code-editor_dpr2_dark_V12,d06-code-editor_dpr2_dark,d06-code-editor,desktop,2,dark,V12,png,,0.5,1280,800,219115,1.711836,chromium,easyocr,ok,0.6456692913385828,"{""0.3"": {""matched"": 37, ""n_gt"": 62, ""n_pred"": 94}, ""0.5"": {""matched"": 27, ""n_gt"": 62, ""n_pred"": 94}, ""0.7"": {""matched"": 11, ""n_gt"": 62, ""n_pred"": 94}}",94,0,3,5.437267993000205,True,True
d06-code-editor_dpr2_dark_V13,d06-code-editor_dpr2_dark,d06-code-editor,desktop,2,dark,V13,jpeg,75,0.5,1280,800,84964,0.663781,chromium,easyocr,ok,0.6382978723404256,"{""0.3"": {""matched"": 35, ""n_gt"": 62, ""n_pred"": 85}, ""0.5"": {""matched"": 25, ""n_gt"": 62, ""n_pred"": 85}, ""0.7"": {""matched"": 9, ""n_gt"": 62, ""n_pred"": 85}}",85,0,1,6.814273824000338,True,True
d06-code-editor_dpr2_light_V00,d06-code-editor_dpr2_light,d06-code-editor,desktop,2,light,V00,png,,1.0,2560,1600,266402,0.520316,chromium,easyocr,ok,0.7004830917874396,"{""0.3"": {""matched"": 52, ""n_gt"": 62, ""n_pred"": 125}, ""0.5"": {""matched"": 45, ""n_gt"": 62, ""n_pred"": 125}, ""0.7"": {""matched"": 14, ""n_gt"": 62, ""n_pred"": 125}}",125,0,1,19.083466007001334,True,True
d06-code-editor_dpr2_light_V02,d06-code-editor_dpr2_light,d06-code-editor,desktop,2,light,V02,jpeg,95,1.0,2560,1600,458672,0.895844,chromium,easyocr,ok,0.722488038277512,"{""0.3"": {""matched"": 54, ""n_gt"": 62, ""n_pred"": 128}, ""0.5"": {""matched"": 47, ""n_gt"": 62, ""n_pred"": 128}, ""0.7"": {""matched"": 15, ""n_gt"": 62, ""n_pred"": 128}}",128,0,2,15.542424221999681,True,True
d06-code-editor_dpr2_light_V03,d06-code-editor_dpr2_light,d06-code-editor,desktop,2,light,V03,jpeg,85,1.0,2560,1600,295735,0.577607,chromium,easyocr,ok,0.7129186602870814,"{""0.3"": {""matched"": 54, ""n_gt"": 62, ""n_pred"": 131}, ""0.5"": {""matched"": 45, ""n_gt"": 62, ""n_pred"": 131}, ""0.7"": {""matched"": 13, ""n_gt"": 62, ""n_pred"": 131}}",131,0,1,15.60991594999905,True,True
d06-code-editor_dpr2_light_V04,d06-code-editor_dpr2_light,d06-code-editor,desktop,2,light,V04,jpeg,75,1.0,2560,1600,237552,0.463969,chromium,easyocr,ok,0.7255369928400954,"{""0.3"": {""matched"": 54, ""n_gt"": 62, ""n_pred"": 130}, ""0.5"": {""matched"": 45, ""n_gt"": 62, ""n_pred"": 130}, ""0.7"": {""matched"": 13, ""n_gt"": 62, ""n_pred"": 130}}",130,0,1,15.899376710998695,True,True
d06-code-editor_dpr2_light_V05,d06-code-editor_dpr2_light,d06-code-editor,desktop,2,light,V05,jpeg,60,1.0,2560,1600,197444,0.385633,chromium,easyocr,ok,0.7067307692307692,"{""0.3"": {""matched"": 54, ""n_gt"": 62, ""n_pred"": 130}, ""0.5"": {""matched"": 44, ""n_gt"": 62, ""n_pred"": 130}, ""0.7"": {""matched"": 12, ""n_gt"": 62, ""n_pred"": 130}}",130,0,1,15.640535119999186,True,True
d06-code-editor_dpr2_light_V06,d06-code-editor_dpr2_light,d06-code-editor,desktop,2,light,V06,jpeg,85,1.0,2560,1600,429903,0.839654,chromium,easyocr,ok,0.7277108433734941,"{""0.3"": {""matched"": 54, ""n_gt"": 62, ""n_pred"": 124}, ""0.5"": {""matched"": 46, ""n_gt"": 62, ""n_pred"": 124}, ""0.7"": {""matched"": 13, ""n_gt"": 62, ""n_pred"": 124}}",124,0,1,16.041591019000407,True,True
d06-code-editor_dpr2_light_V07,d06-code-editor_dpr2_light,d06-code-editor,desktop,2,light,V07,webp,90,1.0,2560,1600,188544,0.36825,chromium,easyocr,ok,0.7098321342925661,"{""0.3"": {""matched"": 53, ""n_gt"": 62, ""n_pred"": 126}, ""0.5"": {""matched"": 42, ""n_gt"": 62, ""n_pred"": 126}, ""0.7"": {""matched"": 15, ""n_gt"": 62, ""n_pred"": 126}}",126,0,1,15.72927200399863,True,True
d06-code-editor_dpr2_light_V08,d06-code-editor_dpr2_light,d06-code-editor,desktop,2,light,V08,webp,75,1.0,2560,1600,121978,0.238238,chromium,easyocr,ok,0.7536231884057971,"{""0.3"": {""matched"": 54, ""n_gt"": 62, ""n_pred"": 127}, ""0.5"": {""matched"": 44, ""n_gt"": 62, ""n_pred"": 127}, ""0.7"": {""matched"": 13, ""n_gt"": 62, ""n_pred"": 127}}",127,0,1,15.950385011001345,True,True
d06-code-editor_dpr2_light_V09,d06-code-editor_dpr2_light,d06-code-editor,desktop,2,light,V09,webp,50,1.0,2560,1600,99612,0.194555,chromium,easyocr,ok,0.722488038277512,"{""0.3"": {""matched"": 53, ""n_gt"": 62, ""n_pred"": 131}, ""0.5"": {""matched"": 46, ""n_gt"": 62, ""n_pred"": 131}, ""0.7"": {""matched"": 16, ""n_gt"": 62, ""n_pred"": 131}}",131,0,1,15.556103191000147,True,True
d06-code-editor_dpr2_light_V10,d06-code-editor_dpr2_light,d06-code-editor,desktop,2,light,V10,avif,80,1.0,2560,1600,167988,0.328102,chromium,easyocr,ok,0.7146282973621102,"{""0.3"": {""matched"": 52, ""n_gt"": 62, ""n_pred"": 129}, ""0.5"": {""matched"": 44, ""n_gt"": 62, ""n_pred"": 129}, ""0.7"": {""matched"": 14, ""n_gt"": 62, ""n_pred"": 129}}",129,0,2,14.978367126999728,True,True
d06-code-editor_dpr2_light_V11,d06-code-editor_dpr2_light,d06-code-editor,desktop,2,light,V11,avif,60,1.0,2560,1600,110442,0.215707,chromium,easyocr,ok,0.7242206235011989,"{""0.3"": {""matched"": 52, ""n_gt"": 62, ""n_pred"": 133}, ""0.5"": {""matched"": 45, ""n_gt"": 62, ""n_pred"": 133}, ""0.7"": {""matched"": 16, ""n_gt"": 62, ""n_pred"": 133}}",133,0,1,15.657091688999571,True,True
d06-code-editor_dpr2_light_V12,d06-code-editor_dpr2_light,d06-code-editor,desktop,2,light,V12,png,,0.5,1280,800,199725,1.560352,chromium,easyocr,ok,0.5888594164456233,"{""0.3"": {""matched"": 32, ""n_gt"": 62, ""n_pred"": 95}, ""0.5"": {""matched"": 23, ""n_gt"": 62, ""n_pred"": 95}, ""0.7"": {""matched"": 10, ""n_gt"": 62, ""n_pred"": 95}}",95,0,1,5.694947858999512,True,True
d06-code-editor_dpr2_light_V13,d06-code-editor_dpr2_light,d06-code-editor,desktop,2,light,V13,jpeg,75,0.5,1280,800,84773,0.662289,chromium,easyocr,ok,0.5935828877005349,"{""0.3"": {""matched"": 33, ""n_gt"": 62, ""n_pred"": 95}, ""0.5"": {""matched"": 25, ""n_gt"": 62, ""n_pred"": 95}, ""0.7"": {""matched"": 9, ""n_gt"": 62, ""n_pred"": 95}}",95,0,1,5.504611278998709,True,True
m01-settings_dpr1_dark_V00,m01-settings_dpr1_dark,m01-settings,mobile,1,dark,V00,png,,1.0,390,844,44933,1.092065,chromium,easyocr,ok,0.8823529411764706,"{""0.3"": {""matched"": 27, ""n_gt"": 27, ""n_pred"": 29}, ""0.5"": {""matched"": 26, ""n_gt"": 27, ""n_pred"": 29}, ""0.7"": {""matched"": 4, ""n_gt"": 27, ""n_pred"": 29}}",29,0,0,1.7810797940001066,True,True
m01-settings_dpr1_dark_V02,m01-settings_dpr1_dark,m01-settings,mobile,1,dark,V02,jpeg,95,1.0,390,844,59902,1.455876,chromium,easyocr,ok,0.8823529411764706,"{""0.3"": {""matched"": 27, ""n_gt"": 27, ""n_pred"": 29}, ""0.5"": {""matched"": 24, ""n_gt"": 27, ""n_pred"": 29}, ""0.7"": {""matched"": 4, ""n_gt"": 27, ""n_pred"": 29}}",29,0,0,1.7467363830000977,True,True
m01-settings_dpr1_dark_V03,m01-settings_dpr1_dark,m01-settings,mobile,1,dark,V03,jpeg,85,1.0,390,844,38077,0.925434,chromium,easyocr,ok,0.8932038834951457,"{""0.3"": {""matched"": 27, ""n_gt"": 27, ""n_pred"": 29}, ""0.5"": {""matched"": 22, ""n_gt"": 27, ""n_pred"": 29}, ""0.7"": {""matched"": 3, ""n_gt"": 27, ""n_pred"": 29}}",29,0,0,1.7841104520002773,True,True
m01-settings_dpr1_dark_V04,m01-settings_dpr1_dark,m01-settings,mobile,1,dark,V04,jpeg,75,1.0,390,844,30455,0.740187,chromium,easyocr,ok,0.854368932038835,"{""0.3"": {""matched"": 27, ""n_gt"": 27, ""n_pred"": 29}, ""0.5"": {""matched"": 23, ""n_gt"": 27, ""n_pred"": 29}, ""0.7"": {""matched"": 2, ""n_gt"": 27, ""n_pred"": 29}}",29,0,0,1.646380379999755,True,True
m01-settings_dpr1_dark_V05,m01-settings_dpr1_dark,m01-settings,mobile,1,dark,V05,jpeg,60,1.0,390,844,24257,0.589549,chromium,easyocr,ok,0.8431372549019607,"{""0.3"": {""matched"": 27, ""n_gt"": 27, ""n_pred"": 30}, ""0.5"": {""matched"": 22, ""n_gt"": 27, ""n_pred"": 30}, ""0.7"": {""matched"": 2, ""n_gt"": 27, ""n_pred"": 30}}",30,0,0,1.6620492539996121,True,True
m01-settings_dpr1_dark_V06,m01-settings_dpr1_dark,m01-settings,mobile,1,dark,V06,jpeg,85,1.0,390,844,51350,1.248025,chromium,easyocr,ok,0.9019607843137255,"{""0.3"": {""matched"": 27, ""n_gt"": 27, ""n_pred"": 29}, ""0.5"": {""matched"": 24, ""n_gt"": 27, ""n_pred"": 29}, ""0.7"": {""matched"": 3, ""n_gt"": 27, ""n_pred"": 29}}",29,0,0,1.6366762710003968,True,True
m01-settings_dpr1_dark_V07,m01-settings_dpr1_dark,m01-settings,mobile,1,dark,V07,webp,90,1.0,390,844,24582,0.597448,chromium,easyocr,ok,0.8823529411764706,"{""0.3"": {""matched"": 27, ""n_gt"": 27, ""n_pred"": 29}, ""0.5"": {""matched"": 26, ""n_gt"": 27, ""n_pred"": 29}, ""0.7"": {""matched"": 5, ""n_gt"": 27, ""n_pred"": 29}}",29,0,0,1.650434744999984,True,True
m01-settings_dpr1_dark_V08,m01-settings_dpr1_dark,m01-settings,mobile,1,dark,V08,webp,75,1.0,390,844,15544,0.377786,chromium,easyocr,ok,0.8823529411764706,"{""0.3"": {""matched"": 27, ""n_gt"": 27, ""n_pred"": 29}, ""0.5"": {""matched"": 26, ""n_gt"": 27, ""n_pred"": 29}, ""0.7"": {""matched"": 5, ""n_gt"": 27, ""n_pred"": 29}}",29,0,0,1.5883454360000542,True,True
m01-settings_dpr1_dark_V09,m01-settings_dpr1_dark,m01-settings,mobile,1,dark,V09,webp,50,1.0,390,844,12634,0.30706,chromium,easyocr,ok,0.9019607843137255,"{""0.3"": {""matched"": 27, ""n_gt"": 27, ""n_pred"": 29}, ""0.5"": {""matched"": 25, ""n_gt"": 27, ""n_pred"": 29}, ""0.7"": {""matched"": 4, ""n_gt"": 27, ""n_pred"": 29}}",29,0,0,1.6548473749999175,True,True
m01-settings_dpr1_dark_V10,m01-settings_dpr1_dark,m01-settings,mobile,1,dark,V10,avif,80,1.0,390,844,19919,0.484117,chromium,easyocr,ok,0.8823529411764706,"{""0.3"": {""matched"": 27, ""n_gt"": 27, ""n_pred"": 29}, ""0.5"": {""matched"": 26, ""n_gt"": 27, ""n_pred"": 29}, ""0.7"": {""matched"": 4, ""n_gt"": 27, ""n_pred"": 29}}",29,0,0,1.6642142229993624,True,True
m01-settings_dpr1_dark_V11,m01-settings_dpr1_dark,m01-settings,mobile,1,dark,V11,avif,60,1.0,390,844,14086,0.34235,chromium,easyocr,ok,0.9019607843137255,"{""0.3"": {""matched"": 27, ""n_gt"": 27, ""n_pred"": 29}, ""0.5"": {""matched"": 26, ""n_gt"": 27, ""n_pred"": 29}, ""0.7"": {""matched"": 4, ""n_gt"": 27, ""n_pred"": 29}}",29,0,0,1.6695209569998042,True,True
m01-settings_dpr1_dark_V12,m01-settings_dpr1_dark,m01-settings,mobile,1,dark,V12,png,,0.5,195,422,32889,3.197375,chromium,easyocr,ok,0.050632911392405056,"{""0.3"": {""matched"": 19, ""n_gt"": 27, ""n_pred"": 21}, ""0.5"": {""matched"": 16, ""n_gt"": 27, ""n_pred"": 21}, ""0.7"": {""matched"": 10, ""n_gt"": 27, ""n_pred"": 21}}",21,0,0,1.4202242890005436,True,True
m01-settings_dpr1_dark_V13,m01-settings_dpr1_dark,m01-settings,mobile,1,dark,V13,jpeg,75,0.5,195,422,10771,1.047126,chromium,easyocr,ok,0.050632911392405056,"{""0.3"": {""matched"": 18, ""n_gt"": 27, ""n_pred"": 19}, ""0.5"": {""matched"": 15, ""n_gt"": 27, ""n_pred"": 19}, ""0.7"": {""matched"": 4, ""n_gt"": 27, ""n_pred"": 19}}",19,0,0,0.9409290570001758,True,True
m01-settings_dpr1_light_V00,m01-settings_dpr1_light,m01-settings,mobile,1,light,V00,png,,1.0,390,844,45204,1.098651,chromium,easyocr,ok,0.9019607843137255,"{""0.3"": {""matched"": 27, ""n_gt"": 27, ""n_pred"": 29}, ""0.5"": {""matched"": 26, ""n_gt"": 27, ""n_pred"": 29}, ""0.7"": {""matched"": 8, ""n_gt"": 27, ""n_pred"": 29}}",29,0,0,1.7077031239996359,True,True
m01-settings_dpr1_light_V02,m01-settings_dpr1_light,m01-settings,mobile,1,light,V02,jpeg,95,1.0,390,844,60261,1.464601,chromium,easyocr,ok,0.8627450980392157,"{""0.3"": {""matched"": 27, ""n_gt"": 27, ""n_pred"": 29}, ""0.5"": {""matched"": 26, ""n_gt"": 27, ""n_pred"": 29}, ""0.7"": {""matched"": 7, ""n_gt"": 27, ""n_pred"": 29}}",29,0,0,1.6444801130000997,True,True
m01-settings_dpr1_light_V03,m01-settings_dpr1_light,m01-settings,mobile,1,light,V03,jpeg,85,1.0,390,844,37989,0.923296,chromium,easyocr,ok,0.8627450980392157,"{""0.3"": {""matched"": 27, ""n_gt"": 27, ""n_pred"": 29}, ""0.5"": {""matched"": 24, ""n_gt"": 27, ""n_pred"": 29}, ""0.7"": {""matched"": 6, ""n_gt"": 27, ""n_pred"": 29}}",29,0,0,1.750124546000734,True,True
m01-settings_dpr1_light_V04,m01-settings_dpr1_light,m01-settings,mobile,1,light,V04,jpeg,75,1.0,390,844,30013,0.729445,chromium,easyocr,ok,0.8910891089108911,"{""0.3"": {""matched"": 27, ""n_gt"": 27, ""n_pred"": 29}, ""0.5"": {""matched"": 25, ""n_gt"": 27, ""n_pred"": 29}, ""0.7"": {""matched"": 3, ""n_gt"": 27, ""n_pred"": 29}}",29,0,0,1.668339515000298,True,True
m01-settings_dpr1_light_V05,m01-settings_dpr1_light,m01-settings,mobile,1,light,V05,jpeg,60,1.0,390,844,24658,0.599295,chromium,easyocr,ok,0.854368932038835,"{""0.3"": {""matched"": 27, ""n_gt"": 27, ""n_pred"": 28}, ""0.5"": {""matched"": 24, ""n_gt"": 27, ""n_pred"": 28}, ""0.7"": {""matched"": 5, ""n_gt"": 27, ""n_pred"": 28}}",28,0,0,1.5806691060006415,True,True
m01-settings_dpr1_light_V06,m01-settings_dpr1_light,m01-settings,mobile,1,light,V06,jpeg,85,1.0,390,844,51944,1.262462,chromium,easyocr,ok,0.8627450980392157,"{""0.3"": {""matched"": 27, ""n_gt"": 27, ""n_pred"": 29}, ""0.5"": {""matched"": 25, ""n_gt"": 27, ""n_pred"": 29}, ""0.7"": {""matched"": 8, ""n_gt"": 27, ""n_pred"": 29}}",29,0,0,1.5445836910002981,True,True
m01-settings_dpr1_light_V07,m01-settings_dpr1_light,m01-settings,mobile,1,light,V07,webp,90,1.0,390,844,24980,0.607121,chromium,easyocr,ok,0.8910891089108911,"{""0.3"": {""matched"": 27, ""n_gt"": 27, ""n_pred"": 29}, ""0.5"": {""matched"": 26, ""n_gt"": 27, ""n_pred"": 29}, ""0.7"": {""matched"": 6, ""n_gt"": 27, ""n_pred"": 29}}",29,0,0,1.7247258260003946,True,True
m01-settings_dpr1_light_V08,m01-settings_dpr1_light,m01-settings,mobile,1,light,V08,webp,75,1.0,390,844,15988,0.388577,chromium,easyocr,ok,0.8627450980392157,"{""0.3"": {""matched"": 27, ""n_gt"": 27, ""n_pred"": 29}, ""0.5"": {""matched"": 26, ""n_gt"": 27, ""n_pred"": 29}, ""0.7"": {""matched"": 6, ""n_gt"": 27, ""n_pred"": 29}}",29,0,0,1.625046652000492,True,True
m01-settings_dpr1_light_V09,m01-settings_dpr1_light,m01-settings,mobile,1,light,V09,webp,50,1.0,390,844,13048,0.317122,chromium,easyocr,ok,0.8627450980392157,"{""0.3"": {""matched"": 27, ""n_gt"": 27, ""n_pred"": 29}, ""0.5"": {""matched"": 26, ""n_gt"": 27, ""n_pred"": 29}, ""0.7"": {""matched"": 6, ""n_gt"": 27, ""n_pred"": 29}}",29,0,0,1.706616712000141,True,True
m01-settings_dpr1_light_V10,m01-settings_dpr1_light,m01-settings,mobile,1,light,V10,avif,80,1.0,390,844,20031,0.486839,chromium,easyocr,ok,0.9108910891089109,"{""0.3"": {""matched"": 27, ""n_gt"": 27, ""n_pred"": 29}, ""0.5"": {""matched"": 26, ""n_gt"": 27, ""n_pred"": 29}, ""0.7"": {""matched"": 6, ""n_gt"": 27, ""n_pred"": 29}}",29,0,0,1.6015984770001523,True,True
m01-settings_dpr1_light_V11,m01-settings_dpr1_light,m01-settings,mobile,1,light,V11,avif,60,1.0,390,844,14265,0.346701,chromium,easyocr,ok,0.9019607843137255,"{""0.3"": {""matched"": 27, ""n_gt"": 27, ""n_pred"": 29}, ""0.5"": {""matched"": 26, ""n_gt"": 27, ""n_pred"": 29}, ""0.7"": {""matched"": 6, ""n_gt"": 27, ""n_pred"": 29}}",29,0,0,1.7071668930002488,True,True
m01-settings_dpr1_light_V12,m01-settings_dpr1_light,m01-settings,mobile,1,light,V12,png,,0.5,195,422,31346,3.047369,chromium,easyocr,ok,0.09523809523809525,"{""0.3"": {""matched"": 19, ""n_gt"": 27, ""n_pred"": 21}, ""0.5"": {""matched"": 16, ""n_gt"": 27, ""n_pred"": 21}, ""0.7"": {""matched"": 9, ""n_gt"": 27, ""n_pred"": 21}}",21,0,0,1.2734462849994088,True,True
m01-settings_dpr1_light_V13,m01-settings_dpr1_light,m01-settings,mobile,1,light,V13,jpeg,75,0.5,195,422,10318,1.003087,chromium,easyocr,ok,0.04878048780487805,"{""0.3"": {""matched"": 19, ""n_gt"": 27, ""n_pred"": 22}, ""0.5"": {""matched"": 15, ""n_gt"": 27, ""n_pred"": 22}, ""0.7"": {""matched"": 8, ""n_gt"": 27, ""n_pred"": 22}}",22,0,0,1.2083749589992294,True,True
m01-settings_dpr2_dark_V00,m01-settings_dpr2_dark,m01-settings,mobile,2,dark,V00,png,,1.0,780,1688,101728,0.618107,chromium,easyocr,ok,0.9607843137254902,"{""0.3"": {""matched"": 27, ""n_gt"": 27, ""n_pred"": 28}, ""0.5"": {""matched"": 26, ""n_gt"": 27, ""n_pred"": 28}, ""0.7"": {""matched"": 5, ""n_gt"": 27, ""n_pred"": 28}}",28,0,0,4.586154104999878,True,True
m01-settings_dpr2_dark_V02,m01-settings_dpr2_dark,m01-settings,mobile,2,dark,V02,jpeg,95,1.0,780,1688,148333,0.901282,chromium,easyocr,ok,0.9423076923076923,"{""0.3"": {""matched"": 27, ""n_gt"": 27, ""n_pred"": 27}, ""0.5"": {""matched"": 27, ""n_gt"": 27, ""n_pred"": 27}, ""0.7"": {""matched"": 2, ""n_gt"": 27, ""n_pred"": 27}}",27,0,0,4.275625240999943,True,True
m01-settings_dpr2_dark_V03,m01-settings_dpr2_dark,m01-settings,mobile,2,dark,V03,jpeg,85,1.0,780,1688,96051,0.583613,chromium,easyocr,ok,0.9514563106796117,"{""0.3"": {""matched"": 27, ""n_gt"": 27, ""n_pred"": 27}, ""0.5"": {""matched"": 27, ""n_gt"": 27, ""n_pred"": 27}, ""0.7"": {""matched"": 3, ""n_gt"": 27, ""n_pred"": 27}}",27,0,0,4.225223211999946,True,True
m01-settings_dpr2_dark_V04,m01-settings_dpr2_dark,m01-settings,mobile,2,dark,V04,jpeg,75,1.0,780,1688,77659,0.471862,chromium,easyocr,ok,0.9320388349514563,"{""0.3"": {""matched"": 27, ""n_gt"": 27, ""n_pred"": 27}, ""0.5"": {""matched"": 27, ""n_gt"": 27, ""n_pred"": 27}, ""0.7"": {""matched"": 3, ""n_gt"": 27, ""n_pred"": 27}}",27,0,0,4.318020734000129,True,True
m01-settings_dpr2_dark_V05,m01-settings_dpr2_dark,m01-settings,mobile,2,dark,V05,jpeg,60,1.0,780,1688,64195,0.390053,chromium,easyocr,ok,0.9607843137254902,"{""0.3"": {""matched"": 27, ""n_gt"": 27, ""n_pred"": 28}, ""0.5"": {""matched"": 26, ""n_gt"": 27, ""n_pred"": 28}, ""0.7"": {""matched"": 2, ""n_gt"": 27, ""n_pred"": 28}}",28,0,0,4.290111148000506,True,True
m01-settings_dpr2_dark_V06,m01-settings_dpr2_dark,m01-settings,mobile,2,dark,V06,jpeg,85,1.0,780,1688,131225,0.797333,chromium,easyocr,ok,0.9514563106796117,"{""0.3"": {""matched"": 27, ""n_gt"": 27, ""n_pred"": 27}, ""0.5"": {""matched"": 27, ""n_gt"": 27, ""n_pred"": 27}, ""0.7"": {""matched"": 2, ""n_gt"": 27, ""n_pred"": 27}}",27,0,0,4.425014082000416,True,True
m01-settings_dpr2_dark_V07,m01-settings_dpr2_dark,m01-settings,mobile,2,dark,V07,webp,90,1.0,780,1688,56082,0.340758,chromium,easyocr,ok,0.9514563106796117,"{""0.3"": {""matched"": 27, ""n_gt"": 27, ""n_pred"": 27}, ""0.5"": {""matched"": 27, ""n_gt"": 27, ""n_pred"": 27}, ""0.7"": {""matched"": 2, ""n_gt"": 27, ""n_pred"": 27}}",27,0,0,4.176173836000089,True,True
m01-settings_dpr2_dark_V08,m01-settings_dpr2_dark,m01-settings,mobile,2,dark,V08,webp,75,1.0,780,1688,35134,0.213477,chromium,easyocr,ok,0.9514563106796117,"{""0.3"": {""matched"": 27, ""n_gt"": 27, ""n_pred"": 27}, ""0.5"": {""matched"": 27, ""n_gt"": 27, ""n_pred"": 27}, ""0.7"": {""matched"": 1, ""n_gt"": 27, ""n_pred"": 27}}",27,0,0,4.156162074999884,True,True
m01-settings_dpr2_dark_V09,m01-settings_dpr2_dark,m01-settings,mobile,2,dark,V09,webp,50,1.0,780,1688,28356,0.172293,chromium,easyocr,ok,0.9514563106796117,"{""0.3"": {""matched"": 27, ""n_gt"": 27, ""n_pred"": 27}, ""0.5"": {""matched"": 27, ""n_gt"": 27, ""n_pred"": 27}, ""0.7"": {""matched"": 2, ""n_gt"": 27, ""n_pred"": 27}}",27,0,0,4.330547460000162,True,True
m01-settings_dpr2_dark_V10,m01-settings_dpr2_dark,m01-settings,mobile,2,dark,V10,avif,80,1.0,780,1688,38797,0.235733,chromium,easyocr,ok,0.9514563106796117,"{""0.3"": {""matched"": 27, ""n_gt"": 27, ""n_pred"": 27}, ""0.5"": {""matched"": 27, ""n_gt"": 27, ""n_pred"": 27}, ""0.7"": {""matched"": 3, ""n_gt"": 27, ""n_pred"": 27}}",27,0,0,4.287417166000523,True,True
m01-settings_dpr2_dark_V11,m01-settings_dpr2_dark,m01-settings,mobile,2,dark,V11,avif,60,1.0,780,1688,27309,0.165931,chromium,easyocr,ok,0.9423076923076923,"{""0.3"": {""matched"": 27, ""n_gt"": 27, ""n_pred"": 27}, ""0.5"": {""matched"": 27, ""n_gt"": 27, ""n_pred"": 27}, ""0.7"": {""matched"": 3, ""n_gt"": 27, ""n_pred"": 27}}",27,0,0,4.183165827999801,True,True
m01-settings_dpr2_dark_V12,m01-settings_dpr2_dark,m01-settings,mobile,2,dark,V12,png,,0.5,390,844,77665,1.887593,chromium,easyocr,ok,0.8932038834951457,"{""0.3"": {""matched"": 27, ""n_gt"": 27, ""n_pred"": 29}, ""0.5"": {""matched"": 26, ""n_gt"": 27, ""n_pred"": 29}, ""0.7"": {""matched"": 5, ""n_gt"": 27, ""n_pred"": 29}}",29,0,0,1.5538175619994945,True,True
m01-settings_dpr2_dark_V13,m01-settings_dpr2_dark,m01-settings,mobile,2,dark,V13,jpeg,75,0.5,390,844,29494,0.716831,chromium,easyocr,ok,0.8349514563106797,"{""0.3"": {""matched"": 27, ""n_gt"": 27, ""n_pred"": 29}, ""0.5"": {""matched"": 24, ""n_gt"": 27, ""n_pred"": 29}, ""0.7"": {""matched"": 3, ""n_gt"": 27, ""n_pred"": 29}}",29,0,0,1.5250577899996642,True,True
m01-settings_dpr2_light_V00,m01-settings_dpr2_light,m01-settings,mobile,2,light,V00,png,,1.0,780,1688,103144,0.62671,chromium,easyocr,ok,0.9411764705882353,"{""0.3"": {""matched"": 27, ""n_gt"": 27, ""n_pred"": 30}, ""0.5"": {""matched"": 25, ""n_gt"": 27, ""n_pred"": 30}, ""0.7"": {""matched"": 7, ""n_gt"": 27, ""n_pred"": 30}}",30,0,0,4.300528697000118,True,True
m01-settings_dpr2_light_V02,m01-settings_dpr2_light,m01-settings,mobile,2,light,V02,jpeg,95,1.0,780,1688,150575,0.914905,chromium,easyocr,ok,0.9411764705882353,"{""0.3"": {""matched"": 27, ""n_gt"": 27, ""n_pred"": 30}, ""0.5"": {""matched"": 25, ""n_gt"": 27, ""n_pred"": 30}, ""0.7"": {""matched"": 4, ""n_gt"": 27, ""n_pred"": 30}}",30,0,0,5.379401368000799,True,True
m01-settings_dpr2_light_V03,m01-settings_dpr2_light,m01-settings,mobile,2,light,V03,jpeg,85,1.0,780,1688,97641,0.593274,chromium,easyocr,ok,0.9411764705882353,"{""0.3"": {""matched"": 27, ""n_gt"": 27, ""n_pred"": 30}, ""0.5"": {""matched"": 25, ""n_gt"": 27, ""n_pred"": 30}, ""0.7"": {""matched"": 2, ""n_gt"": 27, ""n_pred"": 30}}",30,0,0,4.5362211370002115,True,True
m01-settings_dpr2_light_V04,m01-settings_dpr2_light,m01-settings,mobile,2,light,V04,jpeg,75,1.0,780,1688,77675,0.471959,chromium,easyocr,ok,0.9411764705882353,"{""0.3"": {""matched"": 27, ""n_gt"": 27, ""n_pred"": 30}, ""0.5"": {""matched"": 25, ""n_gt"": 27, ""n_pred"": 30}, ""0.7"": {""matched"": 3, ""n_gt"": 27, ""n_pred"": 30}}",30,0,0,4.206077265000204,True,True
m01-settings_dpr2_light_V05,m01-settings_dpr2_light,m01-settings,mobile,2,light,V05,jpeg,60,1.0,780,1688,64649,0.392812,chromium,easyocr,ok,0.9607843137254902,"{""0.3"": {""matched"": 27, ""n_gt"": 27, ""n_pred"": 28}, ""0.5"": {""matched"": 26, ""n_gt"": 27, ""n_pred"": 28}, ""0.7"": {""matched"": 3, ""n_gt"": 27, ""n_pred"": 28}}",28,0,0,4.27928743800021,True,True
m01-settings_dpr2_light_V06,m01-settings_dpr2_light,m01-settings,mobile,2,light,V06,jpeg,85,1.0,780,1688,133980,0.814072,chromium,easyocr,ok,0.9411764705882353,"{""0.3"": {""matched"": 27, ""n_gt"": 27, ""n_pred"": 30}, ""0.5"": {""matched"": 25, ""n_gt"": 27, ""n_pred"": 30}, ""0.7"": {""matched"": 2, ""n_gt"": 27, ""n_pred"": 30}}",30,0,0,4.297255071000109,True,True
m01-settings_dpr2_light_V07,m01-settings_dpr2_light,m01-settings,mobile,2,light,V07,webp,90,1.0,780,1688,57856,0.351537,chromium,easyocr,ok,0.9411764705882353,"{""0.3"": {""matched"": 27, ""n_gt"": 27, ""n_pred"": 30}, ""0.5"": {""matched"": 25, ""n_gt"": 27, ""n_pred"": 30}, ""0.7"": {""matched"": 5, ""n_gt"": 27, ""n_pred"": 30}}",30,0,0,4.2311049390000335,True,True
m01-settings_dpr2_light_V08,m01-settings_dpr2_light,m01-settings,mobile,2,light,V08,webp,75,1.0,780,1688,36216,0.220051,chromium,easyocr,ok,0.9411764705882353,"{""0.3"": {""matched"": 27, ""n_gt"": 27, ""n_pred"": 30}, ""0.5"": {""matched"": 25, ""n_gt"": 27, ""n_pred"": 30}, ""0.7"": {""matched"": 3, ""n_gt"": 27, ""n_pred"": 30}}",30,0,0,4.41724169400004,True,True
m01-settings_dpr2_light_V09,m01-settings_dpr2_light,m01-settings,mobile,2,light,V09,webp,50,1.0,780,1688,29596,0.179827,chromium,easyocr,ok,0.9504950495049505,"{""0.3"": {""matched"": 27, ""n_gt"": 27, ""n_pred"": 29}, ""0.5"": {""matched"": 25, ""n_gt"": 27, ""n_pred"": 29}, ""0.7"": {""matched"": 3, ""n_gt"": 27, ""n_pred"": 29}}",29,0,0,4.4299279629995,True,True
m01-settings_dpr2_light_V10,m01-settings_dpr2_light,m01-settings,mobile,2,light,V10,avif,80,1.0,780,1688,38673,0.23498,chromium,easyocr,ok,0.9411764705882353,"{""0.3"": {""matched"": 27, ""n_gt"": 27, ""n_pred"": 30}, ""0.5"": {""matched"": 25, ""n_gt"": 27, ""n_pred"": 30}, ""0.7"": {""matched"": 6, ""n_gt"": 27, ""n_pred"": 30}}",30,0,0,4.480301929999769,True,True
m01-settings_dpr2_light_V11,m01-settings_dpr2_light,m01-settings,mobile,2,light,V11,avif,60,1.0,780,1688,27575,0.167548,chromium,easyocr,ok,0.9411764705882353,"{""0.3"": {""matched"": 27, ""n_gt"": 27, ""n_pred"": 30}, ""0.5"": {""matched"": 25, ""n_gt"": 27, ""n_pred"": 30}, ""0.7"": {""matched"": 6, ""n_gt"": 27, ""n_pred"": 30}}",30,0,0,4.231138426000143,True,True
m01-settings_dpr2_light_V12,m01-settings_dpr2_light,m01-settings,mobile,2,light,V12,png,,0.5,390,844,75348,1.83128,chromium,easyocr,ok,0.8910891089108911,"{""0.3"": {""matched"": 27, ""n_gt"": 27, ""n_pred"": 29}, ""0.5"": {""matched"": 26, ""n_gt"": 27, ""n_pred"": 29}, ""0.7"": {""matched"": 7, ""n_gt"": 27, ""n_pred"": 29}}",29,0,0,1.8576838639992275,True,True
m01-settings_dpr2_light_V13,m01-settings_dpr2_light,m01-settings,mobile,2,light,V13,jpeg,75,0.5,390,844,29923,0.727257,chromium,easyocr,ok,0.8712871287128714,"{""0.3"": {""matched"": 27, ""n_gt"": 27, ""n_pred"": 29}, ""0.5"": {""matched"": 25, ""n_gt"": 27, ""n_pred"": 29}, ""0.7"": {""matched"": 6, ""n_gt"": 27, ""n_pred"": 29}}",29,0,0,1.595996514000035,True,True
m01-settings_dpr3_dark_V00,m01-settings_dpr3_dark,m01-settings,mobile,3,dark,V00,png,,1.0,1170,2532,158258,0.427372,chromium,easyocr,ok,0.9514563106796117,"{""0.3"": {""matched"": 27, ""n_gt"": 27, ""n_pred"": 29}, ""0.5"": {""matched"": 26, ""n_gt"": 27, ""n_pred"": 29}, ""0.7"": {""matched"": 7, ""n_gt"": 27, ""n_pred"": 29}}",29,0,0,9.443612989999565,True,True
m01-settings_dpr3_dark_V02,m01-settings_dpr3_dark,m01-settings,mobile,3,dark,V02,jpeg,95,1.0,1170,2532,259931,0.701938,chromium,easyocr,ok,0.9514563106796117,"{""0.3"": {""matched"": 27, ""n_gt"": 27, ""n_pred"": 29}, ""0.5"": {""matched"": 26, ""n_gt"": 27, ""n_pred"": 29}, ""0.7"": {""matched"": 4, ""n_gt"": 27, ""n_pred"": 29}}",29,0,0,8.96573148599964,True,True
m01-settings_dpr3_dark_V03,m01-settings_dpr3_dark,m01-settings,mobile,3,dark,V03,jpeg,85,1.0,1170,2532,173589,0.468773,chromium,easyocr,ok,0.9423076923076923,"{""0.3"": {""matched"": 27, ""n_gt"": 27, ""n_pred"": 29}, ""0.5"": {""matched"": 26, ""n_gt"": 27, ""n_pred"": 29}, ""0.7"": {""matched"": 5, ""n_gt"": 27, ""n_pred"": 29}}",29,0,0,8.455427177999809,True,True
m01-settings_dpr3_dark_V04,m01-settings_dpr3_dark,m01-settings,mobile,3,dark,V04,jpeg,75,1.0,1170,2532,143354,0.387124,chromium,easyocr,ok,0.9514563106796117,"{""0.3"": {""matched"": 27, ""n_gt"": 27, ""n_pred"": 30}, ""0.5"": {""matched"": 25, ""n_gt"": 27, ""n_pred"": 30}, ""0.7"": {""matched"": 4, ""n_gt"": 27, ""n_pred"": 30}}",30,0,0,8.697415609000018,True,True
m01-settings_dpr3_dark_V05,m01-settings_dpr3_dark,m01-settings,mobile,3,dark,V05,jpeg,60,1.0,1170,2532,121982,0.32941,chromium,easyocr,ok,0.9514563106796117,"{""0.3"": {""matched"": 27, ""n_gt"": 27, ""n_pred"": 29}, ""0.5"": {""matched"": 26, ""n_gt"": 27, ""n_pred"": 29}, ""0.7"": {""matched"": 4, ""n_gt"": 27, ""n_pred"": 29}}",29,0,0,8.783370436000041,True,True
m01-settings_dpr3_dark_V06,m01-settings_dpr3_dark,m01-settings,mobile,3,dark,V06,jpeg,85,1.0,1170,2532,238035,0.642808,chromium,easyocr,ok,0.9514563106796117,"{""0.3"": {""matched"": 27, ""n_gt"": 27, ""n_pred"": 29}, ""0.5"": {""matched"": 26, ""n_gt"": 27, ""n_pred"": 29}, ""0.7"": {""matched"": 4, ""n_gt"": 27, ""n_pred"": 29}}",29,0,0,8.593656796000687,True,True
m01-settings_dpr3_dark_V07,m01-settings_dpr3_dark,m01-settings,mobile,3,dark,V07,webp,90,1.0,1170,2532,88344,0.238571,chromium,easyocr,ok,0.9514563106796117,"{""0.3"": {""matched"": 27, ""n_gt"": 27, ""n_pred"": 29}, ""0.5"": {""matched"": 26, ""n_gt"": 27, ""n_pred"": 29}, ""0.7"": {""matched"": 5, ""n_gt"": 27, ""n_pred"": 29}}",29,0,0,8.487483606999376,True,True
m01-settings_dpr3_dark_V08,m01-settings_dpr3_dark,m01-settings,mobile,3,dark,V08,webp,75,1.0,1170,2532,54258,0.146522,chromium,easyocr,ok,0.9514563106796117,"{""0.3"": {""matched"": 27, ""n_gt"": 27, ""n_pred"": 29}, ""0.5"": {""matched"": 26, ""n_gt"": 27, ""n_pred"": 29}, ""0.7"": {""matched"": 3, ""n_gt"": 27, ""n_pred"": 29}}",29,0,0,8.575947253999402,True,True
m01-settings_dpr3_dark_V09,m01-settings_dpr3_dark,m01-settings,mobile,3,dark,V09,webp,50,1.0,1170,2532,44070,0.11901,chromium,easyocr,ok,0.9514563106796117,"{""0.3"": {""matched"": 27, ""n_gt"": 27, ""n_pred"": 29}, ""0.5"": {""matched"": 26, ""n_gt"": 27, ""n_pred"": 29}, ""0.7"": {""matched"": 3, ""n_gt"": 27, ""n_pred"": 29}}",29,0,0,8.536585159999959,True,True
m01-settings_dpr3_dark_V10,m01-settings_dpr3_dark,m01-settings,mobile,3,dark,V10,avif,80,1.0,1170,2532,53603,0.144754,chromium,easyocr,ok,0.9514563106796117,"{""0.3"": {""matched"": 27, ""n_gt"": 27, ""n_pred"": 29}, ""0.5"": {""matched"": 26, ""n_gt"": 27, ""n_pred"": 29}, ""0.7"": {""matched"": 4, ""n_gt"": 27, ""n_pred"": 29}}",29,0,0,8.354990118999922,True,True
m01-settings_dpr3_dark_V11,m01-settings_dpr3_dark,m01-settings,mobile,3,dark,V11,avif,60,1.0,1170,2532,37511,0.101298,chromium,easyocr,ok,0.9514563106796117,"{""0.3"": {""matched"": 27, ""n_gt"": 27, ""n_pred"": 29}, ""0.5"": {""matched"": 26, ""n_gt"": 27, ""n_pred"": 29}, ""0.7"": {""matched"": 3, ""n_gt"": 27, ""n_pred"": 29}}",29,0,0,8.551597527000013,True,True
m01-settings_dpr3_dark_V12,m01-settings_dpr3_dark,m01-settings,mobile,3,dark,V12,png,,0.5,585,1266,138608,1.497231,chromium,easyocr,ok,0.9607843137254902,"{""0.3"": {""matched"": 27, ""n_gt"": 27, ""n_pred"": 28}, ""0.5"": {""matched"": 26, ""n_gt"": 27, ""n_pred"": 28}, ""0.7"": {""matched"": 7, ""n_gt"": 27, ""n_pred"": 28}}",28,0,0,2.6458455399997547,True,True
m01-settings_dpr3_dark_V13,m01-settings_dpr3_dark,m01-settings,mobile,3,dark,V13,jpeg,75,0.5,585,1266,52796,0.570297,chromium,easyocr,ok,0.9514563106796117,"{""0.3"": {""matched"": 27, ""n_gt"": 27, ""n_pred"": 27}, ""0.5"": {""matched"": 27, ""n_gt"": 27, ""n_pred"": 27}, ""0.7"": {""matched"": 5, ""n_gt"": 27, ""n_pred"": 27}}",27,0,0,2.8833415240005706,True,True
m01-settings_dpr3_light_V00,m01-settings_dpr3_light,m01-settings,mobile,3,light,V00,png,,1.0,1170,2532,159695,0.431253,chromium,easyocr,ok,0.9514563106796117,"{""0.3"": {""matched"": 27, ""n_gt"": 27, ""n_pred"": 29}, ""0.5"": {""matched"": 26, ""n_gt"": 27, ""n_pred"": 29}, ""0.7"": {""matched"": 7, ""n_gt"": 27, ""n_pred"": 29}}",29,0,0,8.394390702999772,True,True
m01-settings_dpr3_light_V02,m01-settings_dpr3_light,m01-settings,mobile,3,light,V02,jpeg,95,1.0,1170,2532,262612,0.709178,chromium,easyocr,ok,0.9514563106796117,"{""0.3"": {""matched"": 27, ""n_gt"": 27, ""n_pred"": 29}, ""0.5"": {""matched"": 26, ""n_gt"": 27, ""n_pred"": 29}, ""0.7"": {""matched"": 6, ""n_gt"": 27, ""n_pred"": 29}}",29,0,0,8.584561430000576,True,True
m01-settings_dpr3_light_V03,m01-settings_dpr3_light,m01-settings,mobile,3,light,V03,jpeg,85,1.0,1170,2532,174238,0.470526,chromium,easyocr,ok,0.9514563106796117,"{""0.3"": {""matched"": 27, ""n_gt"": 27, ""n_pred"": 29}, ""0.5"": {""matched"": 26, ""n_gt"": 27, ""n_pred"": 29}, ""0.7"": {""matched"": 4, ""n_gt"": 27, ""n_pred"": 29}}",29,0,0,8.707197433000147,True,True
m01-settings_dpr3_light_V04,m01-settings_dpr3_light,m01-settings,mobile,3,light,V04,jpeg,75,1.0,1170,2532,146034,0.394361,chromium,easyocr,ok,0.9514563106796117,"{""0.3"": {""matched"": 27, ""n_gt"": 27, ""n_pred"": 29}, ""0.5"": {""matched"": 26, ""n_gt"": 27, ""n_pred"": 29}, ""0.7"": {""matched"": 3, ""n_gt"": 27, ""n_pred"": 29}}",29,0,0,8.543533923999348,True,True
m01-settings_dpr3_light_V05,m01-settings_dpr3_light,m01-settings,mobile,3,light,V05,jpeg,60,1.0,1170,2532,121484,0.328065,chromium,easyocr,ok,0.9514563106796117,"{""0.3"": {""matched"": 27, ""n_gt"": 27, ""n_pred"": 30}, ""0.5"": {""matched"": 25, ""n_gt"": 27, ""n_pred"": 30}, ""0.7"": {""matched"": 3, ""n_gt"": 27, ""n_pred"": 30}}",30,0,0,8.819265780000023,True,True
m01-settings_dpr3_light_V06,m01-settings_dpr3_light,m01-settings,mobile,3,light,V06,jpeg,85,1.0,1170,2532,241210,0.651382,chromium,easyocr,ok,0.9514563106796117,"{""0.3"": {""matched"": 27, ""n_gt"": 27, ""n_pred"": 29}, ""0.5"": {""matched"": 26, ""n_gt"": 27, ""n_pred"": 29}, ""0.7"": {""matched"": 4, ""n_gt"": 27, ""n_pred"": 29}}",29,0,0,8.655353905999618,True,True
m01-settings_dpr3_light_V07,m01-settings_dpr3_light,m01-settings,mobile,3,light,V07,webp,90,1.0,1170,2532,91344,0.246672,chromium,easyocr,ok,0.9514563106796117,"{""0.3"": {""matched"": 27, ""n_gt"": 27, ""n_pred"": 29}, ""0.5"": {""matched"": 26, ""n_gt"": 27, ""n_pred"": 29}, ""0.7"": {""matched"": 7, ""n_gt"": 27, ""n_pred"": 29}}",29,0,0,8.853218207999817,True,True
m01-settings_dpr3_light_V08,m01-settings_dpr3_light,m01-settings,mobile,3,light,V08,webp,75,1.0,1170,2532,56674,0.153047,chromium,easyocr,ok,0.9514563106796117,"{""0.3"": {""matched"": 27, ""n_gt"": 27, ""n_pred"": 29}, ""0.5"": {""matched"": 26, ""n_gt"": 27, ""n_pred"": 29}, ""0.7"": {""matched"": 4, ""n_gt"": 27, ""n_pred"": 29}}",29,0,0,8.633154887999808,True,True
m01-settings_dpr3_light_V09,m01-settings_dpr3_light,m01-settings,mobile,3,light,V09,webp,50,1.0,1170,2532,46096,0.124481,chromium,easyocr,ok,0.9514563106796117,"{""0.3"": {""matched"": 27, ""n_gt"": 27, ""n_pred"": 29}, ""0.5"": {""matched"": 26, ""n_gt"": 27, ""n_pred"": 29}, ""0.7"": {""matched"": 4, ""n_gt"": 27, ""n_pred"": 29}}",29,0,0,8.504288662999897,True,True
m01-settings_dpr3_light_V10,m01-settings_dpr3_light,m01-settings,mobile,3,light,V10,avif,80,1.0,1170,2532,54311,0.146666,chromium,easyocr,ok,0.9514563106796117,"{""0.3"": {""matched"": 27, ""n_gt"": 27, ""n_pred"": 29}, ""0.5"": {""matched"": 26, ""n_gt"": 27, ""n_pred"": 29}, ""0.7"": {""matched"": 7, ""n_gt"": 27, ""n_pred"": 29}}",29,0,0,8.479892672999995,True,True
m01-settings_dpr3_light_V11,m01-settings_dpr3_light,m01-settings,mobile,3,light,V11,avif,60,1.0,1170,2532,37751,0.101946,chromium,easyocr,ok,0.9320388349514563,"{""0.3"": {""matched"": 27, ""n_gt"": 27, ""n_pred"": 29}, ""0.5"": {""matched"": 26, ""n_gt"": 27, ""n_pred"": 29}, ""0.7"": {""matched"": 6, ""n_gt"": 27, ""n_pred"": 29}}",29,0,0,8.702665869999691,True,True
m01-settings_dpr3_light_V12,m01-settings_dpr3_light,m01-settings,mobile,3,light,V12,png,,0.5,585,1266,132638,1.432743,chromium,easyocr,ok,0.9607843137254902,"{""0.3"": {""matched"": 27, ""n_gt"": 27, ""n_pred"": 28}, ""0.5"": {""matched"": 26, ""n_gt"": 27, ""n_pred"": 28}, ""0.7"": {""matched"": 6, ""n_gt"": 27, ""n_pred"": 28}}",28,0,0,2.7677617979998104,True,True
m01-settings_dpr3_light_V13,m01-settings_dpr3_light,m01-settings,mobile,3,light,V13,jpeg,75,0.5,585,1266,52654,0.568764,chromium,easyocr,ok,0.9607843137254902,"{""0.3"": {""matched"": 27, ""n_gt"": 27, ""n_pred"": 28}, ""0.5"": {""matched"": 26, ""n_gt"": 27, ""n_pred"": 28}, ""0.7"": {""matched"": 8, ""n_gt"": 27, ""n_pred"": 28}}",28,0,0,2.8135532699998294,True,True
m05-chat_dpr1_dark_V00,m05-chat_dpr1_dark,m05-chat,mobile,1,dark,V00,png,,1.0,390,844,48409,1.176546,chromium,easyocr,ok,0.7173913043478262,"{""0.3"": {""matched"": 26, ""n_gt"": 26, ""n_pred"": 30}, ""0.5"": {""matched"": 23, ""n_gt"": 26, ""n_pred"": 30}, ""0.7"": {""matched"": 11, ""n_gt"": 26, ""n_pred"": 30}}",30,0,1,1.8014534730000378,True,True
m05-chat_dpr1_dark_V02,m05-chat_dpr1_dark,m05-chat,mobile,1,dark,V02,jpeg,95,1.0,390,844,77343,1.879767,chromium,easyocr,ok,0.745945945945946,"{""0.3"": {""matched"": 26, ""n_gt"": 26, ""n_pred"": 31}, ""0.5"": {""matched"": 23, ""n_gt"": 26, ""n_pred"": 31}, ""0.7"": {""matched"": 7, ""n_gt"": 26, ""n_pred"": 31}}",31,0,1,1.8265349089997471,True,True
m05-chat_dpr1_dark_V03,m05-chat_dpr1_dark,m05-chat,mobile,1,dark,V03,jpeg,85,1.0,390,844,48882,1.188042,chromium,easyocr,ok,0.7608695652173912,"{""0.3"": {""matched"": 26, ""n_gt"": 26, ""n_pred"": 32}, ""0.5"": {""matched"": 22, ""n_gt"": 26, ""n_pred"": 32}, ""0.7"": {""matched"": 5, ""n_gt"": 26, ""n_pred"": 32}}",32,0,1,1.8720806840001387,True,True
m05-chat_dpr1_dark_V04,m05-chat_dpr1_dark,m05-chat,mobile,1,dark,V04,jpeg,75,1.0,390,844,38233,0.929226,chromium,easyocr,ok,0.7391304347826088,"{""0.3"": {""matched"": 26, ""n_gt"": 26, ""n_pred"": 30}, ""0.5"": {""matched"": 22, ""n_gt"": 26, ""n_pred"": 30}, ""0.7"": {""matched"": 5, ""n_gt"": 26, ""n_pred"": 30}}",30,0,1,1.7606938599992645,True,True
m05-chat_dpr1_dark_V05,m05-chat_dpr1_dark,m05-chat,mobile,1,dark,V05,jpeg,60,1.0,390,844,30166,0.733163,chromium,easyocr,ok,0.7135135135135136,"{""0.3"": {""matched"": 26, ""n_gt"": 26, ""n_pred"": 27}, ""0.5"": {""matched"": 25, ""n_gt"": 26, ""n_pred"": 27}, ""0.7"": {""matched"": 5, ""n_gt"": 26, ""n_pred"": 27}}",27,0,1,1.797523359000479,True,True
m05-chat_dpr1_dark_V06,m05-chat_dpr1_dark,m05-chat,mobile,1,dark,V06,jpeg,85,1.0,390,844,67565,1.642119,chromium,easyocr,ok,0.7675675675675676,"{""0.3"": {""matched"": 26, ""n_gt"": 26, ""n_pred"": 29}, ""0.5"": {""matched"": 23, ""n_gt"": 26, ""n_pred"": 29}, ""0.7"": {""matched"": 6, ""n_gt"": 26, ""n_pred"": 29}}",29,0,1,1.7407532460001676,True,True
m05-chat_dpr1_dark_V07,m05-chat_dpr1_dark,m05-chat,mobile,1,dark,V07,webp,90,1.0,390,844,33252,0.808166,chromium,easyocr,ok,0.7717391304347826,"{""0.3"": {""matched"": 26, ""n_gt"": 26, ""n_pred"": 30}, ""0.5"": {""matched"": 23, ""n_gt"": 26, ""n_pred"": 30}, ""0.7"": {""matched"": 9, ""n_gt"": 26, ""n_pred"": 30}}",30,0,1,1.8385908260006545,True,True
m05-chat_dpr1_dark_V08,m05-chat_dpr1_dark,m05-chat,mobile,1,dark,V08,webp,75,1.0,390,844,21494,0.522396,chromium,easyocr,ok,0.7717391304347826,"{""0.3"": {""matched"": 26, ""n_gt"": 26, ""n_pred"": 30}, ""0.5"": {""matched"": 22, ""n_gt"": 26, ""n_pred"": 30}, ""0.7"": {""matched"": 5, ""n_gt"": 26, ""n_pred"": 30}}",30,0,1,1.6882751150005788,True,True
m05-chat_dpr1_dark_V09,m05-chat_dpr1_dark,m05-chat,mobile,1,dark,V09,webp,50,1.0,390,844,17616,0.428144,chromium,easyocr,ok,0.7567567567567567,"{""0.3"": {""matched"": 26, ""n_gt"": 26, ""n_pred"": 30}, ""0.5"": {""matched"": 23, ""n_gt"": 26, ""n_pred"": 30}, ""0.7"": {""matched"": 8, ""n_gt"": 26, ""n_pred"": 30}}",30,0,1,1.726503904999845,True,True
m05-chat_dpr1_dark_V10,m05-chat_dpr1_dark,m05-chat,mobile,1,dark,V10,avif,80,1.0,390,844,23583,0.573168,chromium,easyocr,ok,0.745945945945946,"{""0.3"": {""matched"": 26, ""n_gt"": 26, ""n_pred"": 29}, ""0.5"": {""matched"": 23, ""n_gt"": 26, ""n_pred"": 29}, ""0.7"": {""matched"": 10, ""n_gt"": 26, ""n_pred"": 29}}",29,0,1,1.7931479710005078,True,True
m05-chat_dpr1_dark_V11,m05-chat_dpr1_dark,m05-chat,mobile,1,dark,V11,avif,60,1.0,390,844,16639,0.404399,chromium,easyocr,ok,0.7675675675675676,"{""0.3"": {""matched"": 26, ""n_gt"": 26, ""n_pred"": 30}, ""0.5"": {""matched"": 23, ""n_gt"": 26, ""n_pred"": 30}, ""0.7"": {""matched"": 9, ""n_gt"": 26, ""n_pred"": 30}}",30,0,1,1.8260349700003644,True,True
m05-chat_dpr1_dark_V12,m05-chat_dpr1_dark,m05-chat,mobile,1,dark,V12,png,,0.5,195,422,44437,4.320039,chromium,easyocr,ok,0.04316546762589927,"{""0.3"": {""matched"": 23, ""n_gt"": 26, ""n_pred"": 25}, ""0.5"": {""matched"": 19, ""n_gt"": 26, ""n_pred"": 25}, ""0.7"": {""matched"": 11, ""n_gt"": 26, ""n_pred"": 25}}",25,0,0,1.9359221360000447,True,True
m05-chat_dpr1_dark_V13,m05-chat_dpr1_dark,m05-chat,mobile,1,dark,V13,jpeg,75,0.5,195,422,12870,1.251185,chromium,easyocr,ok,0.015267175572519083,"{""0.3"": {""matched"": 15, ""n_gt"": 26, ""n_pred"": 19}, ""0.5"": {""matched"": 11, ""n_gt"": 26, ""n_pred"": 19}, ""0.7"": {""matched"": 9, ""n_gt"": 26, ""n_pred"": 19}}",19,0,0,1.401745371999823,True,True
m05-chat_dpr1_light_V00,m05-chat_dpr1_light,m05-chat,mobile,1,light,V00,png,,1.0,390,844,47470,1.153725,chromium,easyocr,ok,0.7675675675675676,"{""0.3"": {""matched"": 26, ""n_gt"": 26, ""n_pred"": 29}, ""0.5"": {""matched"": 23, ""n_gt"": 26, ""n_pred"": 29}, ""0.7"": {""matched"": 12, ""n_gt"": 26, ""n_pred"": 29}}",29,0,1,1.738758430999951,True,True
m05-chat_dpr1_light_V02,m05-chat_dpr1_light,m05-chat,mobile,1,light,V02,jpeg,95,1.0,390,844,79330,1.928059,chromium,easyocr,ok,0.7675675675675676,"{""0.3"": {""matched"": 26, ""n_gt"": 26, ""n_pred"": 29}, ""0.5"": {""matched"": 23, ""n_gt"": 26, ""n_pred"": 29}, ""0.7"": {""matched"": 11, ""n_gt"": 26, ""n_pred"": 29}}",29,0,1,1.7542800179999176,True,True
m05-chat_dpr1_light_V03,m05-chat_dpr1_light,m05-chat,mobile,1,light,V03,jpeg,85,1.0,390,844,50229,1.22078,chromium,easyocr,ok,0.75,"{""0.3"": {""matched"": 26, ""n_gt"": 26, ""n_pred"": 29}, ""0.5"": {""matched"": 23, ""n_gt"": 26, ""n_pred"": 29}, ""0.7"": {""matched"": 6, ""n_gt"": 26, ""n_pred"": 29}}",29,0,1,1.9323140040005455,True,True
m05-chat_dpr1_light_V04,m05-chat_dpr1_light,m05-chat,mobile,1,light,V04,jpeg,75,1.0,390,844,39032,0.948645,chromium,easyocr,ok,0.75,"{""0.3"": {""matched"": 26, ""n_gt"": 26, ""n_pred"": 31}, ""0.5"": {""matched"": 22, ""n_gt"": 26, ""n_pred"": 31}, ""0.7"": {""matched"": 5, ""n_gt"": 26, ""n_pred"": 31}}",31,0,1,1.765299201999369,True,True
m05-chat_dpr1_light_V05,m05-chat_dpr1_light,m05-chat,mobile,1,light,V05,jpeg,60,1.0,390,844,31107,0.756034,chromium,easyocr,ok,0.7027027027027027,"{""0.3"": {""matched"": 26, ""n_gt"": 26, ""n_pred"": 28}, ""0.5"": {""matched"": 24, ""n_gt"": 26, ""n_pred"": 28}, ""0.7"": {""matched"": 5, ""n_gt"": 26, ""n_pred"": 28}}",28,0,1,1.701658134000354,True,True
m05-chat_dpr1_light_V06,m05-chat_dpr1_light,m05-chat,mobile,1,light,V06,jpeg,85,1.0,390,844,70736,1.719188,chromium,easyocr,ok,0.7567567567567567,"{""0.3"": {""matched"": 26, ""n_gt"": 26, ""n_pred"": 32}, ""0.5"": {""matched"": 22, ""n_gt"": 26, ""n_pred"": 32}, ""0.7"": {""matched"": 8, ""n_gt"": 26, ""n_pred"": 32}}",32,0,1,1.8698576289998527,True,True
m05-chat_dpr1_light_V07,m05-chat_dpr1_light,m05-chat,mobile,1,light,V07,webp,90,1.0,390,844,34446,0.837186,chromium,easyocr,ok,0.7634408602150538,"{""0.3"": {""matched"": 26, ""n_gt"": 26, ""n_pred"": 28}, ""0.5"": {""matched"": 24, ""n_gt"": 26, ""n_pred"": 28}, ""0.7"": {""matched"": 11, ""n_gt"": 26, ""n_pred"": 28}}",28,0,1,1.7506181779999679,True,True
m05-chat_dpr1_light_V08,m05-chat_dpr1_light,m05-chat,mobile,1,light,V08,webp,75,1.0,390,844,22722,0.552242,chromium,easyocr,ok,0.7351351351351353,"{""0.3"": {""matched"": 26, ""n_gt"": 26, ""n_pred"": 29}, ""0.5"": {""matched"": 23, ""n_gt"": 26, ""n_pred"": 29}, ""0.7"": {""matched"": 8, ""n_gt"": 26, ""n_pred"": 29}}",29,0,1,1.7530099269997663,True,True
m05-chat_dpr1_light_V09,m05-chat_dpr1_light,m05-chat,mobile,1,light,V09,webp,50,1.0,390,844,18592,0.451865,chromium,easyocr,ok,0.7135135135135136,"{""0.3"": {""matched"": 26, ""n_gt"": 26, ""n_pred"": 29}, ""0.5"": {""matched"": 23, ""n_gt"": 26, ""n_pred"": 29}, ""0.7"": {""matched"": 7, ""n_gt"": 26, ""n_pred"": 29}}",29,0,1,1.8124367720001828,True,True
m05-chat_dpr1_light_V10,m05-chat_dpr1_light,m05-chat,mobile,1,light,V10,avif,80,1.0,390,844,23933,0.581675,chromium,easyocr,ok,0.7608695652173912,"{""0.3"": {""matched"": 26, ""n_gt"": 26, ""n_pred"": 29}, ""0.5"": {""matched"": 23, ""n_gt"": 26, ""n_pred"": 29}, ""0.7"": {""matched"": 10, ""n_gt"": 26, ""n_pred"": 29}}",29,0,1,1.7769840520004436,True,True
m05-chat_dpr1_light_V11,m05-chat_dpr1_light,m05-chat,mobile,1,light,V11,avif,60,1.0,390,844,16979,0.412663,chromium,easyocr,ok,0.7431693989071038,"{""0.3"": {""matched"": 26, ""n_gt"": 26, ""n_pred"": 30}, ""0.5"": {""matched"": 22, ""n_gt"": 26, ""n_pred"": 30}, ""0.7"": {""matched"": 9, ""n_gt"": 26, ""n_pred"": 30}}",30,0,1,1.7103722980000384,True,True
m05-chat_dpr1_light_V12,m05-chat_dpr1_light,m05-chat,mobile,1,light,V12,png,,0.5,195,422,42669,4.148159,chromium,easyocr,ok,0.02777777777777778,"{""0.3"": {""matched"": 22, ""n_gt"": 26, ""n_pred"": 23}, ""0.5"": {""matched"": 17, ""n_gt"": 26, ""n_pred"": 23}, ""0.7"": {""matched"": 12, ""n_gt"": 26, ""n_pred"": 23}}",23,0,0,1.8045658999999432,True,True
m05-chat_dpr1_light_V13,m05-chat_dpr1_light,m05-chat,mobile,1,light,V13,jpeg,75,0.5,195,422,13076,1.271212,chromium,easyocr,ok,0.014705882352941175,"{""0.3"": {""matched"": 18, ""n_gt"": 26, ""n_pred"": 20}, ""0.5"": {""matched"": 16, ""n_gt"": 26, ""n_pred"": 20}, ""0.7"": {""matched"": 11, ""n_gt"": 26, ""n_pred"": 20}}",20,0,0,1.5054630730001008,True,True
m05-chat_dpr2_dark_V00,m05-chat_dpr2_dark,m05-chat,mobile,2,dark,V00,png,,1.0,780,1688,124765,0.758081,chromium,easyocr,ok,0.8128342245989305,"{""0.3"": {""matched"": 26, ""n_gt"": 26, ""n_pred"": 28}, ""0.5"": {""matched"": 24, ""n_gt"": 26, ""n_pred"": 28}, ""0.7"": {""matched"": 5, ""n_gt"": 26, ""n_pred"": 28}}",28,0,1,4.4888987269996505,True,True
m05-chat_dpr2_dark_V02,m05-chat_dpr2_dark,m05-chat,mobile,2,dark,V02,jpeg,95,1.0,780,1688,190795,1.159284,chromium,easyocr,ok,0.8021390374331551,"{""0.3"": {""matched"": 26, ""n_gt"": 26, ""n_pred"": 28}, ""0.5"": {""matched"": 24, ""n_gt"": 26, ""n_pred"": 28}, ""0.7"": {""matched"": 6, ""n_gt"": 26, ""n_pred"": 28}}",28,0,1,4.3656035960002555,True,True
m05-chat_dpr2_dark_V03,m05-chat_dpr2_dark,m05-chat,mobile,2,dark,V03,jpeg,85,1.0,780,1688,121021,0.735332,chromium,easyocr,ok,0.795698924731183,"{""0.3"": {""matched"": 26, ""n_gt"": 26, ""n_pred"": 31}, ""0.5"": {""matched"": 24, ""n_gt"": 26, ""n_pred"": 31}, ""0.7"": {""matched"": 5, ""n_gt"": 26, ""n_pred"": 31}}",31,0,1,4.68621657300082,True,True
m05-chat_dpr2_dark_V04,m05-chat_dpr2_dark,m05-chat,mobile,2,dark,V04,jpeg,75,1.0,780,1688,95649,0.58117,chromium,easyocr,ok,0.795698924731183,"{""0.3"": {""matched"": 26, ""n_gt"": 26, ""n_pred"": 31}, ""0.5"": {""matched"": 24, ""n_gt"": 26, ""n_pred"": 31}, ""0.7"": {""matched"": 6, ""n_gt"": 26, ""n_pred"": 31}}",31,0,1,4.423946937999972,True,True
m05-chat_dpr2_dark_V05,m05-chat_dpr2_dark,m05-chat,mobile,2,dark,V05,jpeg,60,1.0,780,1688,78417,0.476467,chromium,easyocr,ok,0.7741935483870968,"{""0.3"": {""matched"": 26, ""n_gt"": 26, ""n_pred"": 31}, ""0.5"": {""matched"": 24, ""n_gt"": 26, ""n_pred"": 31}, ""0.7"": {""matched"": 7, ""n_gt"": 26, ""n_pred"": 31}}",31,0,1,4.728997629999867,True,True
m05-chat_dpr2_dark_V06,m05-chat_dpr2_dark,m05-chat,mobile,2,dark,V06,jpeg,85,1.0,780,1688,167702,1.018969,chromium,easyocr,ok,0.7914438502673796,"{""0.3"": {""matched"": 26, ""n_gt"": 26, ""n_pred"": 29}, ""0.5"": {""matched"": 24, ""n_gt"": 26, ""n_pred"": 29}, ""0.7"": {""matched"": 5, ""n_gt"": 26, ""n_pred"": 29}}",29,0,1,4.430612708999433,True,True
m05-chat_dpr2_dark_V07,m05-chat_dpr2_dark,m05-chat,mobile,2,dark,V07,webp,90,1.0,780,1688,80064,0.486475,chromium,easyocr,ok,0.7914438502673796,"{""0.3"": {""matched"": 26, ""n_gt"": 26, ""n_pred"": 28}, ""0.5"": {""matched"": 24, ""n_gt"": 26, ""n_pred"": 28}, ""0.7"": {""matched"": 6, ""n_gt"": 26, ""n_pred"": 28}}",28,0,1,4.513971929000036,True,True
m05-chat_dpr2_dark_V08,m05-chat_dpr2_dark,m05-chat,mobile,2,dark,V08,webp,75,1.0,780,1688,50838,0.308895,chromium,easyocr,ok,0.7914438502673796,"{""0.3"": {""matched"": 26, ""n_gt"": 26, ""n_pred"": 28}, ""0.5"": {""matched"": 24, ""n_gt"": 26, ""n_pred"": 28}, ""0.7"": {""matched"": 6, ""n_gt"": 26, ""n_pred"": 28}}",28,0,1,4.463238590999936,True,True
m05-chat_dpr2_dark_V09,m05-chat_dpr2_dark,m05-chat,mobile,2,dark,V09,webp,50,1.0,780,1688,41130,0.249909,chromium,easyocr,ok,0.8342245989304814,"{""0.3"": {""matched"": 26, ""n_gt"": 26, ""n_pred"": 29}, ""0.5"": {""matched"": 24, ""n_gt"": 26, ""n_pred"": 29}, ""0.7"": {""matched"": 7, ""n_gt"": 26, ""n_pred"": 29}}",29,0,1,4.320313864000127,True,True
m05-chat_dpr2_dark_V10,m05-chat_dpr2_dark,m05-chat,mobile,2,dark,V10,avif,80,1.0,780,1688,50657,0.307796,chromium,easyocr,ok,0.7914438502673796,"{""0.3"": {""matched"": 26, ""n_gt"": 26, ""n_pred"": 28}, ""0.5"": {""matched"": 24, ""n_gt"": 26, ""n_pred"": 28}, ""0.7"": {""matched"": 7, ""n_gt"": 26, ""n_pred"": 28}}",28,0,1,4.478864960000465,True,True
m05-chat_dpr2_dark_V11,m05-chat_dpr2_dark,m05-chat,mobile,2,dark,V11,avif,60,1.0,780,1688,35339,0.214722,chromium,easyocr,ok,0.8021390374331551,"{""0.3"": {""matched"": 26, ""n_gt"": 26, ""n_pred"": 28}, ""0.5"": {""matched"": 24, ""n_gt"": 26, ""n_pred"": 28}, ""0.7"": {""matched"": 7, ""n_gt"": 26, ""n_pred"": 28}}",28,0,1,4.402915149999899,True,True
m05-chat_dpr2_dark_V12,m05-chat_dpr2_dark,m05-chat,mobile,2,dark,V12,png,,0.5,390,844,93291,2.267371,chromium,easyocr,ok,0.7322404371584699,"{""0.3"": {""matched"": 26, ""n_gt"": 26, ""n_pred"": 31}, ""0.5"": {""matched"": 22, ""n_gt"": 26, ""n_pred"": 31}, ""0.7"": {""matched"": 7, ""n_gt"": 26, ""n_pred"": 31}}",31,0,1,1.889307271000689,True,True
m05-chat_dpr2_dark_V13,m05-chat_dpr2_dark,m05-chat,mobile,2,dark,V13,jpeg,75,0.5,390,844,38252,0.929688,chromium,easyocr,ok,0.7540983606557377,"{""0.3"": {""matched"": 26, ""n_gt"": 26, ""n_pred"": 30}, ""0.5"": {""matched"": 21, ""n_gt"": 26, ""n_pred"": 30}, ""0.7"": {""matched"": 6, ""n_gt"": 26, ""n_pred"": 30}}",30,0,1,1.749173262000113,True,True
m05-chat_dpr2_light_V00,m05-chat_dpr2_light,m05-chat,mobile,2,light,V00,png,,1.0,780,1688,123094,0.747928,chromium,easyocr,ok,0.8064516129032258,"{""0.3"": {""matched"": 26, ""n_gt"": 26, ""n_pred"": 29}, ""0.5"": {""matched"": 23, ""n_gt"": 26, ""n_pred"": 29}, ""0.7"": {""matched"": 4, ""n_gt"": 26, ""n_pred"": 29}}",29,0,1,4.429072807000011,True,True
m05-chat_dpr2_light_V02,m05-chat_dpr2_light,m05-chat,mobile,2,light,V02,jpeg,95,1.0,780,1688,196897,1.19636,chromium,easyocr,ok,0.8172043010752688,"{""0.3"": {""matched"": 26, ""n_gt"": 26, ""n_pred"": 30}, ""0.5"": {""matched"": 23, ""n_gt"": 26, ""n_pred"": 30}, ""0.7"": {""matched"": 4, ""n_gt"": 26, ""n_pred"": 30}}",30,0,1,4.68531959899974,True,True
m05-chat_dpr2_light_V03,m05-chat_dpr2_light,m05-chat,mobile,2,light,V03,jpeg,85,1.0,780,1688,124872,0.758731,chromium,easyocr,ok,0.8172043010752688,"{""0.3"": {""matched"": 26, ""n_gt"": 26, ""n_pred"": 30}, ""0.5"": {""matched"": 23, ""n_gt"": 26, ""n_pred"": 30}, ""0.7"": {""matched"": 5, ""n_gt"": 26, ""n_pred"": 30}}",30,0,1,4.59380581700043,True,True
m05-chat_dpr2_light_V04,m05-chat_dpr2_light,m05-chat,mobile,2,light,V04,jpeg,75,1.0,780,1688,98751,0.600018,chromium,easyocr,ok,0.8108108108108109,"{""0.3"": {""matched"": 26, ""n_gt"": 26, ""n_pred"": 29}, ""0.5"": {""matched"": 23, ""n_gt"": 26, ""n_pred"": 29}, ""0.7"": {""matched"": 6, ""n_gt"": 26, ""n_pred"": 29}}",29,0,1,4.590086209999754,True,True
m05-chat_dpr2_light_V05,m05-chat_dpr2_light,m05-chat,mobile,2,light,V05,jpeg,60,1.0,780,1688,80945,0.491828,chromium,easyocr,ok,0.8279569892473119,"{""0.3"": {""matched"": 26, ""n_gt"": 26, ""n_pred"": 33}, ""0.5"": {""matched"": 24, ""n_gt"": 26, ""n_pred"": 33}, ""0.7"": {""matched"": 6, ""n_gt"": 26, ""n_pred"": 33}}",33,0,1,4.534917049999422,True,True
m05-chat_dpr2_light_V06,m05-chat_dpr2_light,m05-chat,mobile,2,light,V06,jpeg,85,1.0,780,1688,175156,1.064261,chromium,easyocr,ok,0.8172043010752688,"{""0.3"": {""matched"": 26, ""n_gt"": 26, ""n_pred"": 30}, ""0.5"": {""matched"": 23, ""n_gt"": 26, ""n_pred"": 30}, ""0.7"": {""matched"": 5, ""n_gt"": 26, ""n_pred"": 30}}",30,0,1,4.49574289300017,True,True
m05-chat_dpr2_light_V07,m05-chat_dpr2_light,m05-chat,mobile,2,light,V07,webp,90,1.0,780,1688,83430,0.506927,chromium,easyocr,ok,0.8064516129032258,"{""0.3"": {""matched"": 26, ""n_gt"": 26, ""n_pred"": 30}, ""0.5"": {""matched"": 23, ""n_gt"": 26, ""n_pred"": 30}, ""0.7"": {""matched"": 5, ""n_gt"": 26, ""n_pred"": 30}}",30,0,1,4.575365388000137,True,True
m05-chat_dpr2_light_V08,m05-chat_dpr2_light,m05-chat,mobile,2,light,V08,webp,75,1.0,780,1688,53676,0.326139,chromium,easyocr,ok,0.8216216216216216,"{""0.3"": {""matched"": 26, ""n_gt"": 26, ""n_pred"": 30}, ""0.5"": {""matched"": 23, ""n_gt"": 26, ""n_pred"": 30}, ""0.7"": {""matched"": 4, ""n_gt"": 26, ""n_pred"": 30}}",30,0,1,4.421691773999555,True,True
m05-chat_dpr2_light_V09,m05-chat_dpr2_light,m05-chat,mobile,2,light,V09,webp,50,1.0,780,1688,43970,0.267165,chromium,easyocr,ok,0.8324324324324325,"{""0.3"": {""matched"": 26, ""n_gt"": 26, ""n_pred"": 30}, ""0.5"": {""matched"": 23, ""n_gt"": 26, ""n_pred"": 30}, ""0.7"": {""matched"": 5, ""n_gt"": 26, ""n_pred"": 30}}",30,0,1,4.571072299999287,True,True
m05-chat_dpr2_light_V10,m05-chat_dpr2_light,m05-chat,mobile,2,light,V10,avif,80,1.0,780,1688,51376,0.312164,chromium,easyocr,ok,0.8064516129032258,"{""0.3"": {""matched"": 26, ""n_gt"": 26, ""n_pred"": 29}, ""0.5"": {""matched"": 23, ""n_gt"": 26, ""n_pred"": 29}, ""0.7"": {""matched"": 5, ""n_gt"": 26, ""n_pred"": 29}}",29,0,1,4.673772380000628,True,True
m05-chat_dpr2_light_V11,m05-chat_dpr2_light,m05-chat,mobile,2,light,V11,avif,60,1.0,780,1688,36025,0.218891,chromium,easyocr,ok,0.8064516129032258,"{""0.3"": {""matched"": 26, ""n_gt"": 26, ""n_pred"": 29}, ""0.5"": {""matched"": 23, ""n_gt"": 26, ""n_pred"": 29}, ""0.7"": {""matched"": 5, ""n_gt"": 26, ""n_pred"": 29}}",29,0,1,4.692670079000891,True,True
m05-chat_dpr2_light_V12,m05-chat_dpr2_light,m05-chat,mobile,2,light,V12,png,,0.5,390,844,89958,2.186365,chromium,easyocr,ok,0.75,"{""0.3"": {""matched"": 26, ""n_gt"": 26, ""n_pred"": 30}, ""0.5"": {""matched"": 23, ""n_gt"": 26, ""n_pred"": 30}, ""0.7"": {""matched"": 12, ""n_gt"": 26, ""n_pred"": 30}}",30,0,1,1.794491977000689,True,True
m05-chat_dpr2_light_V13,m05-chat_dpr2_light,m05-chat,mobile,2,light,V13,jpeg,75,0.5,390,844,39582,0.962012,chromium,easyocr,ok,0.7891891891891892,"{""0.3"": {""matched"": 26, ""n_gt"": 26, ""n_pred"": 31}, ""0.5"": {""matched"": 22, ""n_gt"": 26, ""n_pred"": 31}, ""0.7"": {""matched"": 6, ""n_gt"": 26, ""n_pred"": 31}}",31,0,1,1.7139236650000385,True,True
m05-chat_dpr3_dark_V00,m05-chat_dpr3_dark,m05-chat,mobile,3,dark,V00,png,,1.0,1170,2532,193687,0.523047,chromium,easyocr,ok,0.8128342245989305,"{""0.3"": {""matched"": 26, ""n_gt"": 26, ""n_pred"": 28}, ""0.5"": {""matched"": 24, ""n_gt"": 26, ""n_pred"": 28}, ""0.7"": {""matched"": 6, ""n_gt"": 26, ""n_pred"": 28}}",28,0,1,9.029668719000256,True,True
m05-chat_dpr3_dark_V02,m05-chat_dpr3_dark,m05-chat,mobile,3,dark,V02,jpeg,95,1.0,1170,2532,342688,0.925421,chromium,easyocr,ok,0.823529411764706,"{""0.3"": {""matched"": 26, ""n_gt"": 26, ""n_pred"": 30}, ""0.5"": {""matched"": 24, ""n_gt"": 26, ""n_pred"": 30}, ""0.7"": {""matched"": 6, ""n_gt"": 26, ""n_pred"": 30}}",30,0,1,9.013729377000345,True,True
m05-chat_dpr3_dark_V03,m05-chat_dpr3_dark,m05-chat,mobile,3,dark,V03,jpeg,85,1.0,1170,2532,222286,0.600278,chromium,easyocr,ok,0.8279569892473119,"{""0.3"": {""matched"": 26, ""n_gt"": 26, ""n_pred"": 30}, ""0.5"": {""matched"": 24, ""n_gt"": 26, ""n_pred"": 30}, ""0.7"": {""matched"": 7, ""n_gt"": 26, ""n_pred"": 30}}",30,0,1,9.021088366000185,True,True
m05-chat_dpr3_dark_V04,m05-chat_dpr3_dark,m05-chat,mobile,3,dark,V04,jpeg,75,1.0,1170,2532,180398,0.487161,chromium,easyocr,ok,0.8064516129032258,"{""0.3"": {""matched"": 26, ""n_gt"": 26, ""n_pred"": 30}, ""0.5"": {""matched"": 24, ""n_gt"": 26, ""n_pred"": 30}, ""0.7"": {""matched"": 5, ""n_gt"": 26, ""n_pred"": 30}}",30,0,1,8.893059142999846,True,True
m05-chat_dpr3_dark_V05,m05-chat_dpr3_dark,m05-chat,mobile,3,dark,V05,jpeg,60,1.0,1170,2532,149063,0.402541,chromium,easyocr,ok,0.8064516129032258,"{""0.3"": {""matched"": 26, ""n_gt"": 26, ""n_pred"": 33}, ""0.5"": {""matched"": 24, ""n_gt"": 26, ""n_pred"": 33}, ""0.7"": {""matched"": 7, ""n_gt"": 26, ""n_pred"": 33}}",33,0,1,9.019843062000291,True,True
m05-chat_dpr3_dark_V06,m05-chat_dpr3_dark,m05-chat,mobile,3,dark,V06,jpeg,85,1.0,1170,2532,310547,0.838625,chromium,easyocr,ok,0.823529411764706,"{""0.3"": {""matched"": 26, ""n_gt"": 26, ""n_pred"": 28}, ""0.5"": {""matched"": 24, ""n_gt"": 26, ""n_pred"": 28}, ""0.7"": {""matched"": 5, ""n_gt"": 26, ""n_pred"": 28}}",28,0,1,8.856462146000013,True,True
m05-chat_dpr3_dark_V07,m05-chat_dpr3_dark,m05-chat,mobile,3,dark,V07,webp,90,1.0,1170,2532,128572,0.347206,chromium,easyocr,ok,0.8021390374331551,"{""0.3"": {""matched"": 26, ""n_gt"": 26, ""n_pred"": 30}, ""0.5"": {""matched"": 24, ""n_gt"": 26, ""n_pred"": 30}, ""0.7"": {""matched"": 6, ""n_gt"": 26, ""n_pred"": 30}}",30,0,1,9.040841383999577,True,True
m05-chat_dpr3_dark_V08,m05-chat_dpr3_dark,m05-chat,mobile,3,dark,V08,webp,75,1.0,1170,2532,80086,0.21627,chromium,easyocr,ok,0.823529411764706,"{""0.3"": {""matched"": 26, ""n_gt"": 26, ""n_pred"": 32}, ""0.5"": {""matched"": 23, ""n_gt"": 26, ""n_pred"": 32}, ""0.7"": {""matched"": 5, ""n_gt"": 26, ""n_pred"": 32}}",32,0,1,8.868966014999387,True,True
m05-chat_dpr3_dark_V09,m05-chat_dpr3_dark,m05-chat,mobile,3,dark,V09,webp,50,1.0,1170,2532,64852,0.175131,chromium,easyocr,ok,0.8342245989304814,"{""0.3"": {""matched"": 26, ""n_gt"": 26, ""n_pred"": 31}, ""0.5"": {""matched"": 24, ""n_gt"": 26, ""n_pred"": 31}, ""0.7"": {""matched"": 6, ""n_gt"": 26, ""n_pred"": 31}}",31,0,1,9.055931509999937,True,True
m05-chat_dpr3_dark_V10,m05-chat_dpr3_dark,m05-chat,mobile,3,dark,V10,avif,80,1.0,1170,2532,76440,0.206424,chromium,easyocr,ok,0.8021390374331551,"{""0.3"": {""matched"": 26, ""n_gt"": 26, ""n_pred"": 30}, ""0.5"": {""matched"": 24, ""n_gt"": 26, ""n_pred"": 30}, ""0.7"": {""matched"": 7, ""n_gt"": 26, ""n_pred"": 30}}",30,0,1,8.942541909999818,True,True
m05-chat_dpr3_dark_V11,m05-chat_dpr3_dark,m05-chat,mobile,3,dark,V11,avif,60,1.0,1170,2532,52822,0.142645,chromium,easyocr,ok,0.823529411764706,"{""0.3"": {""matched"": 26, ""n_gt"": 26, ""n_pred"": 30}, ""0.5"": {""matched"": 24, ""n_gt"": 26, ""n_pred"": 30}, ""0.7"": {""matched"": 6, ""n_gt"": 26, ""n_pred"": 30}}",30,0,1,8.746969265000189,True,True
m05-chat_dpr3_dark_V12,m05-chat_dpr3_dark,m05-chat,mobile,3,dark,V12,png,,0.5,585,1266,175279,1.893347,chromium,easyocr,ok,0.8128342245989305,"{""0.3"": {""matched"": 26, ""n_gt"": 26, ""n_pred"": 30}, ""0.5"": {""matched"": 25, ""n_gt"": 26, ""n_pred"": 30}, ""0.7"": {""matched"": 10, ""n_gt"": 26, ""n_pred"": 30}}",30,0,1,3.0707512199996927,True,True
m05-chat_dpr3_dark_V13,m05-chat_dpr3_dark,m05-chat,mobile,3,dark,V13,jpeg,75,0.5,585,1266,67116,0.724981,chromium,easyocr,ok,0.770053475935829,"{""0.3"": {""matched"": 26, ""n_gt"": 26, ""n_pred"": 32}, ""0.5"": {""matched"": 24, ""n_gt"": 26, ""n_pred"": 32}, ""0.7"": {""matched"": 11, ""n_gt"": 26, ""n_pred"": 32}}",32,0,1,3.1295465129996956,True,True
m05-chat_dpr3_light_V00,m05-chat_dpr3_light,m05-chat,mobile,3,light,V00,png,,1.0,1170,2532,191237,0.516431,chromium,easyocr,ok,0.8324324324324325,"{""0.3"": {""matched"": 26, ""n_gt"": 26, ""n_pred"": 32}, ""0.5"": {""matched"": 23, ""n_gt"": 26, ""n_pred"": 32}, ""0.7"": {""matched"": 7, ""n_gt"": 26, ""n_pred"": 32}}",32,0,1,8.927442100000007,True,True
m05-chat_dpr3_light_V02,m05-chat_dpr3_light,m05-chat,mobile,3,light,V02,jpeg,95,1.0,1170,2532,352533,0.952007,chromium,easyocr,ok,0.8324324324324325,"{""0.3"": {""matched"": 26, ""n_gt"": 26, ""n_pred"": 32}, ""0.5"": {""matched"": 23, ""n_gt"": 26, ""n_pred"": 32}, ""0.7"": {""matched"": 6, ""n_gt"": 26, ""n_pred"": 32}}",32,0,1,8.971371262000503,True,True
m05-chat_dpr3_light_V03,m05-chat_dpr3_light,m05-chat,mobile,3,light,V03,jpeg,85,1.0,1170,2532,228871,0.618061,chromium,easyocr,ok,0.8172043010752688,"{""0.3"": {""matched"": 26, ""n_gt"": 26, ""n_pred"": 32}, ""0.5"": {""matched"": 23, ""n_gt"": 26, ""n_pred"": 32}, ""0.7"": {""matched"": 6, ""n_gt"": 26, ""n_pred"": 32}}",32,0,1,9.059732445000009,True,True
m05-chat_dpr3_light_V04,m05-chat_dpr3_light,m05-chat,mobile,3,light,V04,jpeg,75,1.0,1170,2532,184827,0.499121,chromium,easyocr,ok,0.8432432432432433,"{""0.3"": {""matched"": 26, ""n_gt"": 26, ""n_pred"": 30}, ""0.5"": {""matched"": 23, ""n_gt"": 26, ""n_pred"": 30}, ""0.7"": {""matched"": 5, ""n_gt"": 26, ""n_pred"": 30}}",30,0,1,8.950653447999684,True,True
m05-chat_dpr3_light_V05,m05-chat_dpr3_light,m05-chat,mobile,3,light,V05,jpeg,60,1.0,1170,2532,153852,0.415474,chromium,easyocr,ok,0.8216216216216216,"{""0.3"": {""matched"": 26, ""n_gt"": 26, ""n_pred"": 32}, ""0.5"": {""matched"": 22, ""n_gt"": 26, ""n_pred"": 32}, ""0.7"": {""matched"": 5, ""n_gt"": 26, ""n_pred"": 32}}",32,0,1,8.963357088000521,True,True
m05-chat_dpr3_light_V06,m05-chat_dpr3_light,m05-chat,mobile,3,light,V06,jpeg,85,1.0,1170,2532,323570,0.873793,chromium,easyocr,ok,0.8108108108108109,"{""0.3"": {""matched"": 26, ""n_gt"": 26, ""n_pred"": 32}, ""0.5"": {""matched"": 23, ""n_gt"": 26, ""n_pred"": 32}, ""0.7"": {""matched"": 5, ""n_gt"": 26, ""n_pred"": 32}}",32,0,1,8.909310652000386,True,True
m05-chat_dpr3_light_V07,m05-chat_dpr3_light,m05-chat,mobile,3,light,V07,webp,90,1.0,1170,2532,134100,0.362134,chromium,easyocr,ok,0.8108108108108109,"{""0.3"": {""matched"": 26, ""n_gt"": 26, ""n_pred"": 32}, ""0.5"": {""matched"": 23, ""n_gt"": 26, ""n_pred"": 32}, ""0.7"": {""matched"": 7, ""n_gt"": 26, ""n_pred"": 32}}",32,0,1,9.11971081000047,True,True
m05-chat_dpr3_light_V08,m05-chat_dpr3_light,m05-chat,mobile,3,light,V08,webp,75,1.0,1170,2532,84860,0.229162,chromium,easyocr,ok,0.8172043010752688,"{""0.3"": {""matched"": 26, ""n_gt"": 26, ""n_pred"": 32}, ""0.5"": {""matched"": 23, ""n_gt"": 26, ""n_pred"": 32}, ""0.7"": {""matched"": 3, ""n_gt"": 26, ""n_pred"": 32}}",32,0,1,9.087161839000146,True,True
m05-chat_dpr3_light_V09,m05-chat_dpr3_light,m05-chat,mobile,3,light,V09,webp,50,1.0,1170,2532,69628,0.188029,chromium,easyocr,ok,0.8172043010752688,"{""0.3"": {""matched"": 26, ""n_gt"": 26, ""n_pred"": 32}, ""0.5"": {""matched"": 23, ""n_gt"": 26, ""n_pred"": 32}, ""0.7"": {""matched"": 5, ""n_gt"": 26, ""n_pred"": 32}}",32,0,1,8.815479331999995,True,True
m05-chat_dpr3_light_V10,m05-chat_dpr3_light,m05-chat,mobile,3,light,V10,avif,80,1.0,1170,2532,77697,0.209819,chromium,easyocr,ok,0.8324324324324325,"{""0.3"": {""matched"": 26, ""n_gt"": 26, ""n_pred"": 32}, ""0.5"": {""matched"": 23, ""n_gt"": 26, ""n_pred"": 32}, ""0.7"": {""matched"": 7, ""n_gt"": 26, ""n_pred"": 32}}",32,0,1,8.879527117999714,True,True
m05-chat_dpr3_light_V11,m05-chat_dpr3_light,m05-chat,mobile,3,light,V11,avif,60,1.0,1170,2532,53869,0.145472,chromium,easyocr,ok,0.7999999999999999,"{""0.3"": {""matched"": 26, ""n_gt"": 26, ""n_pred"": 32}, ""0.5"": {""matched"": 23, ""n_gt"": 26, ""n_pred"": 32}, ""0.7"": {""matched"": 7, ""n_gt"": 26, ""n_pred"": 32}}",32,0,1,8.925465431000703,True,True
m05-chat_dpr3_light_V12,m05-chat_dpr3_light,m05-chat,mobile,3,light,V12,png,,0.5,585,1266,169956,1.835849,chromium,easyocr,ok,0.8172043010752688,"{""0.3"": {""matched"": 26, ""n_gt"": 26, ""n_pred"": 33}, ""0.5"": {""matched"": 24, ""n_gt"": 26, ""n_pred"": 33}, ""0.7"": {""matched"": 11, ""n_gt"": 26, ""n_pred"": 33}}",33,0,1,2.9918947139995,True,True
m05-chat_dpr3_light_V13,m05-chat_dpr3_light,m05-chat,mobile,3,light,V13,jpeg,75,0.5,585,1266,69221,0.747719,chromium,easyocr,ok,0.8064516129032258,"{""0.3"": {""matched"": 26, ""n_gt"": 26, ""n_pred"": 32}, ""0.5"": {""matched"": 23, ""n_gt"": 26, ""n_pred"": 32}, ""0.7"": {""matched"": 11, ""n_gt"": 26, ""n_pred"": 32}}",32,0,1,2.852953458999764,True,True
d01-dashboard_dpr1_dark_V00,d01-dashboard_dpr1_dark,d01-dashboard,desktop,1,dark,V00,png,,1.0,1280,800,73416,0.573562,chromium,paddle_v5_mobile,ok,0.9367088607594937,"{""0.3"": {""matched"": 61, ""n_gt"": 63, ""n_pred"": 67}, ""0.5"": {""matched"": 51, ""n_gt"": 63, ""n_pred"": 67}, ""0.7"": {""matched"": 17, ""n_gt"": 63, ""n_pred"": 67}}",67,0,0,21.854553569000018,True,True
d01-dashboard_dpr1_dark_V02,d01-dashboard_dpr1_dark,d01-dashboard,desktop,1,dark,V02,jpeg,95,1.0,1280,800,120706,0.943016,chromium,paddle_v5_mobile,ok,0.9152542372881356,"{""0.3"": {""matched"": 63, ""n_gt"": 63, ""n_pred"": 67}, ""0.5"": {""matched"": 48, ""n_gt"": 63, ""n_pred"": 67}, ""0.7"": {""matched"": 10, ""n_gt"": 63, ""n_pred"": 67}}",67,0,0,16.999660188000234,True,True
d01-dashboard_dpr1_dark_V03,d01-dashboard_dpr1_dark,d01-dashboard,desktop,1,dark,V03,jpeg,85,1.0,1280,800,79053,0.617602,chromium,paddle_v5_mobile,ok,0.8908296943231442,"{""0.3"": {""matched"": 63, ""n_gt"": 63, ""n_pred"": 67}, ""0.5"": {""matched"": 47, ""n_gt"": 63, ""n_pred"": 67}, ""0.7"": {""matched"": 6, ""n_gt"": 63, ""n_pred"": 67}}",67,0,0,31.536915049000072,True,True
d01-dashboard_dpr1_dark_V04,d01-dashboard_dpr1_dark,d01-dashboard,desktop,1,dark,V04,jpeg,75,1.0,1280,800,64255,0.501992,chromium,paddle_v5_mobile,ok,0.8421052631578947,"{""0.3"": {""matched"": 63, ""n_gt"": 63, ""n_pred"": 68}, ""0.5"": {""matched"": 38, ""n_gt"": 63, ""n_pred"": 68}, ""0.7"": {""matched"": 7, ""n_gt"": 63, ""n_pred"": 68}}",68,0,0,28.3215962510003,True,True
d01-dashboard_dpr1_dark_V05,d01-dashboard_dpr1_dark,d01-dashboard,desktop,1,dark,V05,jpeg,60,1.0,1280,800,53000,0.414062,chromium,paddle_v5_mobile,ok,0.8782608695652175,"{""0.3"": {""matched"": 61, ""n_gt"": 63, ""n_pred"": 68}, ""0.5"": {""matched"": 39, ""n_gt"": 63, ""n_pred"": 68}, ""0.7"": {""matched"": 9, ""n_gt"": 63, ""n_pred"": 68}}",68,0,0,15.240325005000159,True,True
d01-dashboard_dpr1_dark_V06,d01-dashboard_dpr1_dark,d01-dashboard,desktop,1,dark,V06,jpeg,85,1.0,1280,800,111149,0.868352,chromium,paddle_v5_mobile,ok,0.9137931034482759,"{""0.3"": {""matched"": 62, ""n_gt"": 63, ""n_pred"": 68}, ""0.5"": {""matched"": 47, ""n_gt"": 63, ""n_pred"": 68}, ""0.7"": {""matched"": 8, ""n_gt"": 63, ""n_pred"": 68}}",68,0,0,23.542923542999688,True,True
d01-dashboard_dpr1_dark_V07,d01-dashboard_dpr1_dark,d01-dashboard,desktop,1,dark,V07,webp,90,1.0,1280,800,46776,0.365438,chromium,paddle_v5_mobile,ok,0.9491525423728814,"{""0.3"": {""matched"": 62, ""n_gt"": 63, ""n_pred"": 68}, ""0.5"": {""matched"": 49, ""n_gt"": 63, ""n_pred"": 68}, ""0.7"": {""matched"": 8, ""n_gt"": 63, ""n_pred"": 68}}",68,0,0,29.61825138999984,True,True
d01-dashboard_dpr1_dark_V08,d01-dashboard_dpr1_dark,d01-dashboard,desktop,1,dark,V08,webp,75,1.0,1280,800,30498,0.238266,chromium,paddle_v5_mobile,ok,0.9137931034482759,"{""0.3"": {""matched"": 63, ""n_gt"": 63, ""n_pred"": 68}, ""0.5"": {""matched"": 50, ""n_gt"": 63, ""n_pred"": 68}, ""0.7"": {""matched"": 8, ""n_gt"": 63, ""n_pred"": 68}}",68,0,0,15.882078051999997,True,True
d01-dashboard_dpr1_dark_V09,d01-dashboard_dpr1_dark,d01-dashboard,desktop,1,dark,V09,webp,50,1.0,1280,800,25222,0.197047,chromium,paddle_v5_mobile,ok,0.9043478260869565,"{""0.3"": {""matched"": 63, ""n_gt"": 63, ""n_pred"": 68}, ""0.5"": {""matched"": 49, ""n_gt"": 63, ""n_pred"": 68}, ""0.7"": {""matched"": 8, ""n_gt"": 63, ""n_pred"": 68}}",68,0,0,24.47819181099976,True,True
d01-dashboard_dpr1_dark_V10,d01-dashboard_dpr1_dark,d01-dashboard,desktop,1,dark,V10,avif,80,1.0,1280,800,31095,0.24293,chromium,paddle_v5_mobile,ok,0.9576271186440679,"{""0.3"": {""matched"": 61, ""n_gt"": 63, ""n_pred"": 68}, ""0.5"": {""matched"": 49, ""n_gt"": 63, ""n_pred"": 68}, ""0.7"": {""matched"": 10, ""n_gt"": 63, ""n_pred"": 68}}",68,0,0,18.40518902699978,True,True
d01-dashboard_dpr1_dark_V11,d01-dashboard_dpr1_dark,d01-dashboard,desktop,1,dark,V11,avif,60,1.0,1280,800,22099,0.172648,chromium,paddle_v5_mobile,ok,0.9446808510638298,"{""0.3"": {""matched"": 62, ""n_gt"": 63, ""n_pred"": 67}, ""0.5"": {""matched"": 49, ""n_gt"": 63, ""n_pred"": 67}, ""0.7"": {""matched"": 12, ""n_gt"": 63, ""n_pred"": 67}}",67,0,0,17.409019265000097,True,True
d01-dashboard_dpr1_dark_V12,d01-dashboard_dpr1_dark,d01-dashboard,desktop,1,dark,V12,png,,0.5,640,400,66396,2.074875,chromium,paddle_v5_mobile,ok,0.5408163265306122,"{""0.3"": {""matched"": 48, ""n_gt"": 63, ""n_pred"": 52}, ""0.5"": {""matched"": 33, ""n_gt"": 63, ""n_pred"": 52}, ""0.7"": {""matched"": 9, ""n_gt"": 63, ""n_pred"": 52}}",52,1,0,16.10093523600017,True,True
d01-dashboard_dpr1_dark_V13,d01-dashboard_dpr1_dark,d01-dashboard,desktop,1,dark,V13,jpeg,75,0.5,640,400,21378,0.668063,chromium,paddle_v5_mobile,ok,0.45,"{""0.3"": {""matched"": 49, ""n_gt"": 63, ""n_pred"": 54}, ""0.5"": {""matched"": 36, ""n_gt"": 63, ""n_pred"": 54}, ""0.7"": {""matched"": 8, ""n_gt"": 63, ""n_pred"": 54}}",54,0,0,11.529581217999748,True,True
d01-dashboard_dpr1_light_V00,d01-dashboard_dpr1_light,d01-dashboard,desktop,1,light,V00,png,,1.0,1280,800,72672,0.56775,chromium,paddle_v5_mobile,ok,0.923728813559322,"{""0.3"": {""matched"": 52, ""n_gt"": 63, ""n_pred"": 64}, ""0.5"": {""matched"": 18, ""n_gt"": 63, ""n_pred"": 64}, ""0.7"": {""matched"": 3, ""n_gt"": 63, ""n_pred"": 64}}",64,0,0,23.67177981099985,True,True
d01-dashboard_dpr1_light_V02,d01-dashboard_dpr1_light,d01-dashboard,desktop,1,light,V02,jpeg,95,1.0,1280,800,124624,0.973625,chromium,paddle_v5_mobile,ok,0.940677966101695,"{""0.3"": {""matched"": 49, ""n_gt"": 63, ""n_pred"": 64}, ""0.5"": {""matched"": 15, ""n_gt"": 63, ""n_pred"": 64}, ""0.7"": {""matched"": 1, ""n_gt"": 63, ""n_pred"": 64}}",64,0,0,19.0752860460002,True,True
d01-dashboard_dpr1_light_V03,d01-dashboard_dpr1_light,d01-dashboard,desktop,1,light,V03,jpeg,85,1.0,1280,800,81700,0.638281,chromium,paddle_v5_mobile,ok,0.8771929824561404,"{""0.3"": {""matched"": 47, ""n_gt"": 63, ""n_pred"": 64}, ""0.5"": {""matched"": 16, ""n_gt"": 63, ""n_pred"": 64}, ""0.7"": {""matched"": 1, ""n_gt"": 63, ""n_pred"": 64}}",64,0,0,15.587446375000127,True,True
d01-dashboard_dpr1_light_V04,d01-dashboard_dpr1_light,d01-dashboard,desktop,1,light,V04,jpeg,75,1.0,1280,800,66482,0.519391,chromium,paddle_v5_mobile,ok,0.8198198198198199,"{""0.3"": {""matched"": 47, ""n_gt"": 63, ""n_pred"": 64}, ""0.5"": {""matched"": 15, ""n_gt"": 63, ""n_pred"": 64}, ""0.7"": {""matched"": 2, ""n_gt"": 63, ""n_pred"": 64}}",64,0,0,19.655198041999938,True,True
d01-dashboard_dpr1_light_V05,d01-dashboard_dpr1_light,d01-dashboard,desktop,1,light,V05,jpeg,60,1.0,1280,800,55460,0.433281,chromium,paddle_v5_mobile,ok,0.776255707762557,"{""0.3"": {""matched"": 46, ""n_gt"": 63, ""n_pred"": 64}, ""0.5"": {""matched"": 13, ""n_gt"": 63, ""n_pred"": 64}, ""0.7"": {""matched"": 2, ""n_gt"": 63, ""n_pred"": 64}}",64,0,0,17.632946123000238,True,True
d01-dashboard_dpr1_light_V06,d01-dashboard_dpr1_light,d01-dashboard,desktop,1,light,V06,jpeg,85,1.0,1280,800,116916,0.913406,chromium,paddle_v5_mobile,ok,0.9051724137931034,"{""0.3"": {""matched"": 49, ""n_gt"": 63, ""n_pred"": 65}, ""0.5"": {""matched"": 14, ""n_gt"": 63, ""n_pred"": 65}, ""0.7"": {""matched"": 2, ""n_gt"": 63, ""n_pred"": 65}}",65,0,0,13.910585500999787,True,True
d01-dashboard_dpr1_light_V07,d01-dashboard_dpr1_light,d01-dashboard,desktop,1,light,V07,webp,90,1.0,1280,800,48016,0.375125,chromium,paddle_v5_mobile,ok,0.9531914893617022,"{""0.3"": {""matched"": 50, ""n_gt"": 63, ""n_pred"": 65}, ""0.5"": {""matched"": 11, ""n_gt"": 63, ""n_pred"": 65}, ""0.7"": {""matched"": 2, ""n_gt"": 63, ""n_pred"": 65}}",65,0,0,23.991270211000028,True,True
d01-dashboard_dpr1_light_V08,d01-dashboard_dpr1_light,d01-dashboard,desktop,1,light,V08,webp,75,1.0,1280,800,31934,0.249484,chromium,paddle_v5_mobile,ok,0.9137931034482759,"{""0.3"": {""matched"": 49, ""n_gt"": 63, ""n_pred"": 65}, ""0.5"": {""matched"": 13, ""n_gt"": 63, ""n_pred"": 65}, ""0.7"": {""matched"": 2, ""n_gt"": 63, ""n_pred"": 65}}",65,0,0,15.753430628999922,True,True
d01-dashboard_dpr1_light_V09,d01-dashboard_dpr1_light,d01-dashboard,desktop,1,light,V09,webp,50,1.0,1280,800,26486,0.206922,chromium,paddle_v5_mobile,ok,0.8849557522123894,"{""0.3"": {""matched"": 51, ""n_gt"": 63, ""n_pred"": 65}, ""0.5"": {""matched"": 13, ""n_gt"": 63, ""n_pred"": 65}, ""0.7"": {""matched"": 2, ""n_gt"": 63, ""n_pred"": 65}}",65,0,0,24.557445632000054,True,True
d01-dashboard_dpr1_light_V10,d01-dashboard_dpr1_light,d01-dashboard,desktop,1,light,V10,avif,80,1.0,1280,800,32413,0.253227,chromium,paddle_v5_mobile,ok,0.9322033898305085,"{""0.3"": {""matched"": 52, ""n_gt"": 63, ""n_pred"": 65}, ""0.5"": {""matched"": 15, ""n_gt"": 63, ""n_pred"": 65}, ""0.7"": {""matched"": 2, ""n_gt"": 63, ""n_pred"": 65}}",65,0,0,28.755377877000228,True,True
d01-dashboard_dpr1_light_V11,d01-dashboard_dpr1_light,d01-dashboard,desktop,1,light,V11,avif,60,1.0,1280,800,22808,0.178187,chromium,paddle_v5_mobile,ok,0.9282700421940927,"{""0.3"": {""matched"": 54, ""n_gt"": 63, ""n_pred"": 65}, ""0.5"": {""matched"": 17, ""n_gt"": 63, ""n_pred"": 65}, ""0.7"": {""matched"": 2, ""n_gt"": 63, ""n_pred"": 65}}",65,0,0,14.412231407000036,True,True
d01-dashboard_dpr1_light_V12,d01-dashboard_dpr1_light,d01-dashboard,desktop,1,light,V12,png,,0.5,640,400,59482,1.858812,chromium,paddle_v5_mobile,ok,0.5454545454545454,"{""0.3"": {""matched"": 37, ""n_gt"": 63, ""n_pred"": 59}, ""0.5"": {""matched"": 1, ""n_gt"": 63, ""n_pred"": 59}, ""0.7"": {""matched"": 0, ""n_gt"": 63, ""n_pred"": 59}}",59,0,0,15.052902089999861,True,True
d01-dashboard_dpr1_light_V13,d01-dashboard_dpr1_light,d01-dashboard,desktop,1,light,V13,jpeg,75,0.5,640,400,21672,0.67725,chromium,paddle_v5_mobile,ok,0.2647058823529412,"{""0.3"": {""matched"": 16, ""n_gt"": 63, ""n_pred"": 52}, ""0.5"": {""matched"": 1, ""n_gt"": 63, ""n_pred"": 52}, ""0.7"": {""matched"": 0, ""n_gt"": 63, ""n_pred"": 52}}",52,2,0,19.902115833999687,True,True
d01-dashboard_dpr1p5_dark_V00,d01-dashboard_dpr1p5_dark,d01-dashboard,desktop,1.5,dark,V00,png,,1.0,1920,1200,124895,0.433663,chromium,paddle_v5_mobile,ok,0.8728813559322034,"{""0.3"": {""matched"": 63, ""n_gt"": 63, ""n_pred"": 64}, ""0.5"": {""matched"": 56, ""n_gt"": 63, ""n_pred"": 64}, ""0.7"": {""matched"": 16, ""n_gt"": 63, ""n_pred"": 64}}",64,1,0,18.315818070000205,True,True
d01-dashboard_dpr1p5_dark_V02,d01-dashboard_dpr1p5_dark,d01-dashboard,desktop,1.5,dark,V02,jpeg,95,1.0,1920,1200,217858,0.756451,chromium,paddle_v5_mobile,ok,0.8813559322033899,"{""0.3"": {""matched"": 63, ""n_gt"": 63, ""n_pred"": 65}, ""0.5"": {""matched"": 42, ""n_gt"": 63, ""n_pred"": 65}, ""0.7"": {""matched"": 9, ""n_gt"": 63, ""n_pred"": 65}}",65,0,0,24.483899224999732,True,True
d01-dashboard_dpr1p5_dark_V03,d01-dashboard_dpr1p5_dark,d01-dashboard,desktop,1.5,dark,V03,jpeg,85,1.0,1920,1200,143655,0.498802,chromium,paddle_v5_mobile,ok,0.8947368421052632,"{""0.3"": {""matched"": 63, ""n_gt"": 63, ""n_pred"": 64}, ""0.5"": {""matched"": 40, ""n_gt"": 63, ""n_pred"": 64}, ""0.7"": {""matched"": 8, ""n_gt"": 63, ""n_pred"": 64}}",64,0,0,21.079860314000143,True,True
d01-dashboard_dpr1p5_dark_V04,d01-dashboard_dpr1p5_dark,d01-dashboard,desktop,1.5,dark,V04,jpeg,75,1.0,1920,1200,116697,0.405198,chromium,paddle_v5_mobile,ok,0.8995633187772927,"{""0.3"": {""matched"": 63, ""n_gt"": 63, ""n_pred"": 63}, ""0.5"": {""matched"": 38, ""n_gt"": 63, ""n_pred"": 63}, ""0.7"": {""matched"": 10, ""n_gt"": 63, ""n_pred"": 63}}",63,0,0,18.185975863000294,True,True
d01-dashboard_dpr1p5_dark_V05,d01-dashboard_dpr1p5_dark,d01-dashboard,desktop,1.5,dark,V05,jpeg,60,1.0,1920,1200,97432,0.338306,chromium,paddle_v5_mobile,ok,0.8546255506607929,"{""0.3"": {""matched"": 60, ""n_gt"": 63, ""n_pred"": 63}, ""0.5"": {""matched"": 37, ""n_gt"": 63, ""n_pred"": 63}, ""0.7"": {""matched"": 7, ""n_gt"": 63, ""n_pred"": 63}}",63,0,0,21.33551998499979,True,True
d01-dashboard_dpr1p5_dark_V06,d01-dashboard_dpr1p5_dark,d01-dashboard,desktop,1.5,dark,V06,jpeg,85,1.0,1920,1200,202450,0.702951,chromium,paddle_v5_mobile,ok,0.8965517241379309,"{""0.3"": {""matched"": 63, ""n_gt"": 63, ""n_pred"": 66}, ""0.5"": {""matched"": 45, ""n_gt"": 63, ""n_pred"": 66}, ""0.7"": {""matched"": 8, ""n_gt"": 63, ""n_pred"": 66}}",66,0,0,25.677122228999906,True,True
d01-dashboard_dpr1p5_dark_V07,d01-dashboard_dpr1p5_dark,d01-dashboard,desktop,1.5,dark,V07,webp,90,1.0,1920,1200,81192,0.281917,chromium,paddle_v5_mobile,ok,0.905982905982906,"{""0.3"": {""matched"": 63, ""n_gt"": 63, ""n_pred"": 65}, ""0.5"": {""matched"": 44, ""n_gt"": 63, ""n_pred"": 65}, ""0.7"": {""matched"": 11, ""n_gt"": 63, ""n_pred"": 65}}",65,0,0,19.157634071999837,True,True
d01-dashboard_dpr1p5_dark_V08,d01-dashboard_dpr1p5_dark,d01-dashboard,desktop,1.5,dark,V08,webp,75,1.0,1920,1200,51534,0.178937,chromium,paddle_v5_mobile,ok,0.9432314410480349,"{""0.3"": {""matched"": 63, ""n_gt"": 63, ""n_pred"": 63}, ""0.5"": {""matched"": 46, ""n_gt"": 63, ""n_pred"": 63}, ""0.7"": {""matched"": 10, ""n_gt"": 63, ""n_pred"": 63}}",63,2,0,24.04290261899996,True,True
d01-dashboard_dpr1p5_dark_V09,d01-dashboard_dpr1p5_dark,d01-dashboard,desktop,1.5,dark,V09,webp,50,1.0,1920,1200,42338,0.147007,chromium,paddle_v5_mobile,ok,0.9170305676855894,"{""0.3"": {""matched"": 63, ""n_gt"": 63, ""n_pred"": 64}, ""0.5"": {""matched"": 46, ""n_gt"": 63, ""n_pred"": 64}, ""0.7"": {""matched"": 13, ""n_gt"": 63, ""n_pred"": 64}}",64,1,0,21.101286155999787,True,True
d01-dashboard_dpr1p5_dark_V10,d01-dashboard_dpr1p5_dark,d01-dashboard,desktop,1.5,dark,V10,avif,80,1.0,1920,1200,56788,0.197181,chromium,paddle_v5_mobile,ok,0.8888888888888888,"{""0.3"": {""matched"": 63, ""n_gt"": 63, ""n_pred"": 65}, ""0.5"": {""matched"": 50, ""n_gt"": 63, ""n_pred"": 65}, ""0.7"": {""matched"": 14, ""n_gt"": 63, ""n_pred"": 65}}",65,0,0,88.00770365399967,True,True
d01-dashboard_dpr1p5_dark_V11,d01-dashboard_dpr1p5_dark,d01-dashboard,desktop,1.5,dark,V11,avif,60,1.0,1920,1200,40260,0.139792,chromium,paddle_v5_mobile,ok,0.8813559322033899,"{""0.3"": {""matched"": 63, ""n_gt"": 63, ""n_pred"": 64}, ""0.5"": {""matched"": 48, ""n_gt"": 63, ""n_pred"": 64}, ""0.7"": {""matched"": 16, ""n_gt"": 63, ""n_pred"": 64}}",64,0,0,68.7041620519999,True,True
d01-dashboard_dpr1p5_dark_V12,d01-dashboard_dpr1p5_dark,d01-dashboard,desktop,1.5,dark,V12,png,,0.5,960,600,112413,1.561292,chromium,paddle_v5_mobile,ok,0.9137931034482759,"{""0.3"": {""matched"": 60, ""n_gt"": 63, ""n_pred"": 65}, ""0.5"": {""matched"": 51, ""n_gt"": 63, ""n_pred"": 65}, ""0.7"": {""matched"": 23, ""n_gt"": 63, ""n_pred"": 65}}",65,1,0,93.30119170499984,True,True
d01-dashboard_dpr1p5_dark_V13,d01-dashboard_dpr1p5_dark,d01-dashboard,desktop,1.5,dark,V13,jpeg,75,0.5,960,600,41052,0.570167,chromium,paddle_v5_mobile,ok,0.8584070796460177,"{""0.3"": {""matched"": 59, ""n_gt"": 63, ""n_pred"": 62}, ""0.5"": {""matched"": 37, ""n_gt"": 63, ""n_pred"": 62}, ""0.7"": {""matched"": 8, ""n_gt"": 63, ""n_pred"": 62}}",62,0,0,42.35881073099972,True,True
d01-dashboard_dpr1p5_light_V00,d01-dashboard_dpr1p5_light,d01-dashboard,desktop,1.5,light,V00,png,,1.0,1920,1200,123904,0.430222,chromium,paddle_v5_mobile,ok,0.8559322033898306,"{""0.3"": {""matched"": 56, ""n_gt"": 63, ""n_pred"": 64}, ""0.5"": {""matched"": 33, ""n_gt"": 63, ""n_pred"": 64}, ""0.7"": {""matched"": 6, ""n_gt"": 63, ""n_pred"": 64}}",64,0,0,79.1128467450003,True,True
d01-dashboard_dpr1p5_light_V02,d01-dashboard_dpr1p5_light,d01-dashboard,desktop,1.5,light,V02,jpeg,95,1.0,1920,1200,226374,0.786021,chromium,paddle_v5_mobile,ok,0.8523206751054851,"{""0.3"": {""matched"": 54, ""n_gt"": 63, ""n_pred"": 66}, ""0.5"": {""matched"": 24, ""n_gt"": 63, ""n_pred"": 66}, ""0.7"": {""matched"": 4, ""n_gt"": 63, ""n_pred"": 66}}",66,1,0,10.989747982999688,True,True
d01-dashboard_dpr1p5_light_V03,d01-dashboard_dpr1p5_light,d01-dashboard,desktop,1.5,light,V03,jpeg,85,1.0,1920,1200,150234,0.521646,chromium,paddle_v5_mobile,ok,0.8793103448275862,"{""0.3"": {""matched"": 54, ""n_gt"": 63, ""n_pred"": 67}, ""0.5"": {""matched"": 21, ""n_gt"": 63, ""n_pred"": 67}, ""0.7"": {""matched"": 4, ""n_gt"": 63, ""n_pred"": 67}}",67,1,0,10.566166224999506,True,True
d01-dashboard_dpr1p5_light_V04,d01-dashboard_dpr1p5_light,d01-dashboard,desktop,1.5,light,V04,jpeg,75,1.0,1920,1200,122072,0.423861,chromium,paddle_v5_mobile,ok,0.8841201716738197,"{""0.3"": {""matched"": 51, ""n_gt"": 63, ""n_pred"": 68}, ""0.5"": {""matched"": 20, ""n_gt"": 63, ""n_pred"": 68}, ""0.7"": {""matched"": 3, ""n_gt"": 63, ""n_pred"": 68}}",68,0,0,10.178794884000126,True,True
d01-dashboard_dpr1p5_light_V05,d01-dashboard_dpr1p5_light,d01-dashboard,desktop,1.5,light,V05,jpeg,60,1.0,1920,1200,101932,0.353931,chromium,paddle_v5_mobile,ok,0.8744588744588744,"{""0.3"": {""matched"": 51, ""n_gt"": 63, ""n_pred"": 68}, ""0.5"": {""matched"": 23, ""n_gt"": 63, ""n_pred"": 68}, ""0.7"": {""matched"": 4, ""n_gt"": 63, ""n_pred"": 68}}",68,0,0,10.214816781000081,True,True
d01-dashboard_dpr1p5_light_V06,d01-dashboard_dpr1p5_light,d01-dashboard,desktop,1.5,light,V06,jpeg,85,1.0,1920,1200,213071,0.73983,chromium,paddle_v5_mobile,ok,0.8898305084745762,"{""0.3"": {""matched"": 54, ""n_gt"": 63, ""n_pred"": 67}, ""0.5"": {""matched"": 26, ""n_gt"": 63, ""n_pred"": 67}, ""0.7"": {""matched"": 5, ""n_gt"": 63, ""n_pred"": 67}}",67,0,0,10.039498019999883,True,True
d01-dashboard_dpr1p5_light_V07,d01-dashboard_dpr1p5_light,d01-dashboard,desktop,1.5,light,V07,webp,90,1.0,1920,1200,83020,0.288264,chromium,paddle_v5_mobile,ok,0.8739495798319328,"{""0.3"": {""matched"": 55, ""n_gt"": 63, ""n_pred"": 67}, ""0.5"": {""matched"": 23, ""n_gt"": 63, ""n_pred"": 67}, ""0.7"": {""matched"": 2, ""n_gt"": 63, ""n_pred"": 67}}",67,1,0,10.20247328000005,True,True
d01-dashboard_dpr1p5_light_V08,d01-dashboard_dpr1p5_light,d01-dashboard,desktop,1.5,light,V08,webp,75,1.0,1920,1200,54068,0.187736,chromium,paddle_v5_mobile,ok,0.8793103448275862,"{""0.3"": {""matched"": 56, ""n_gt"": 63, ""n_pred"": 67}, ""0.5"": {""matched"": 22, ""n_gt"": 63, ""n_pred"": 67}, ""0.7"": {""matched"": 4, ""n_gt"": 63, ""n_pred"": 67}}",67,1,0,10.435481769000035,True,True
d01-dashboard_dpr1p5_light_V09,d01-dashboard_dpr1p5_light,d01-dashboard,desktop,1.5,light,V09,webp,50,1.0,1920,1200,44676,0.155125,chromium,paddle_v5_mobile,ok,0.8793103448275862,"{""0.3"": {""matched"": 59, ""n_gt"": 63, ""n_pred"": 66}, ""0.5"": {""matched"": 28, ""n_gt"": 63, ""n_pred"": 66}, ""0.7"": {""matched"": 4, ""n_gt"": 63, ""n_pred"": 66}}",66,0,0,10.809148380999432,True,True
d01-dashboard_dpr1p5_light_V10,d01-dashboard_dpr1p5_light,d01-dashboard,desktop,1.5,light,V10,avif,80,1.0,1920,1200,59819,0.207705,chromium,paddle_v5_mobile,ok,0.8776371308016878,"{""0.3"": {""matched"": 55, ""n_gt"": 63, ""n_pred"": 66}, ""0.5"": {""matched"": 24, ""n_gt"": 63, ""n_pred"": 66}, ""0.7"": {""matched"": 4, ""n_gt"": 63, ""n_pred"": 66}}",66,0,0,10.758587702000113,True,True
d01-dashboard_dpr1p5_light_V11,d01-dashboard_dpr1p5_light,d01-dashboard,desktop,1.5,light,V11,avif,60,1.0,1920,1200,41647,0.144608,chromium,paddle_v5_mobile,ok,0.8776371308016878,"{""0.3"": {""matched"": 55, ""n_gt"": 63, ""n_pred"": 67}, ""0.5"": {""matched"": 23, ""n_gt"": 63, ""n_pred"": 67}, ""0.7"": {""matched"": 3, ""n_gt"": 63, ""n_pred"": 67}}",67,1,0,9.650241297999855,True,True
d01-dashboard_dpr1p5_light_V12,d01-dashboard_dpr1p5_light,d01-dashboard,desktop,1.5,light,V12,png,,0.5,960,600,102671,1.425986,chromium,paddle_v5_mobile,ok,0.8869565217391304,"{""0.3"": {""matched"": 43, ""n_gt"": 63, ""n_pred"": 62}, ""0.5"": {""matched"": 12, ""n_gt"": 63, ""n_pred"": 62}, ""0.7"": {""matched"": 1, ""n_gt"": 63, ""n_pred"": 62}}",62,0,0,7.344665169000109,True,True
d01-dashboard_dpr1p5_light_V13,d01-dashboard_dpr1p5_light,d01-dashboard,desktop,1.5,light,V13,jpeg,75,0.5,960,600,42869,0.595403,chromium,paddle_v5_mobile,ok,0.7377777777777778,"{""0.3"": {""matched"": 31, ""n_gt"": 63, ""n_pred"": 57}, ""0.5"": {""matched"": 4, ""n_gt"": 63, ""n_pred"": 57}, ""0.7"": {""matched"": 0, ""n_gt"": 63, ""n_pred"": 57}}",57,0,0,6.598223824999877,True,True
d01-dashboard_dpr2_dark_V00,d01-dashboard_dpr2_dark,d01-dashboard,desktop,2,dark,V00,png,,1.0,2560,1600,171364,0.334695,chromium,paddle_v5_mobile,ok,0.9356223175965666,"{""0.3"": {""matched"": 63, ""n_gt"": 63, ""n_pred"": 66}, ""0.5"": {""matched"": 56, ""n_gt"": 63, ""n_pred"": 66}, ""0.7"": {""matched"": 21, ""n_gt"": 63, ""n_pred"": 66}}",66,0,0,14.2328683249998,True,True
d01-dashboard_dpr2_dark_V02,d01-dashboard_dpr2_dark,d01-dashboard,desktop,2,dark,V02,jpeg,95,1.0,2560,1600,313661,0.612619,chromium,paddle_v5_mobile,ok,0.9230769230769231,"{""0.3"": {""matched"": 63, ""n_gt"": 63, ""n_pred"": 65}, ""0.5"": {""matched"": 47, ""n_gt"": 63, ""n_pred"": 65}, ""0.7"": {""matched"": 13, ""n_gt"": 63, ""n_pred"": 65}}",65,1,0,12.727487340999687,True,True
d01-dashboard_dpr2_dark_V03,d01-dashboard_dpr2_dark,d01-dashboard,desktop,2,dark,V03,jpeg,85,1.0,2560,1600,213709,0.4174,chromium,paddle_v5_mobile,ok,0.9264069264069263,"{""0.3"": {""matched"": 61, ""n_gt"": 63, ""n_pred"": 65}, ""0.5"": {""matched"": 44, ""n_gt"": 63, ""n_pred"": 65}, ""0.7"": {""matched"": 9, ""n_gt"": 63, ""n_pred"": 65}}",65,0,0,13.029391488999863,True,True
d01-dashboard_dpr2_dark_V04,d01-dashboard_dpr2_dark,d01-dashboard,desktop,2,dark,V04,jpeg,75,1.0,2560,1600,176690,0.345098,chromium,paddle_v5_mobile,ok,0.9613733905579399,"{""0.3"": {""matched"": 62, ""n_gt"": 63, ""n_pred"": 65}, ""0.5"": {""matched"": 44, ""n_gt"": 63, ""n_pred"": 65}, ""0.7"": {""matched"": 9, ""n_gt"": 63, ""n_pred"": 65}}",65,0,0,12.668429964999632,True,True
d01-dashboard_dpr2_dark_V05,d01-dashboard_dpr2_dark,d01-dashboard,desktop,2,dark,V05,jpeg,60,1.0,2560,1600,149578,0.292145,chromium,paddle_v5_mobile,ok,0.9432314410480349,"{""0.3"": {""matched"": 63, ""n_gt"": 63, ""n_pred"": 64}, ""0.5"": {""matched"": 45, ""n_gt"": 63, ""n_pred"": 64}, ""0.7"": {""matched"": 8, ""n_gt"": 63, ""n_pred"": 64}}",64,0,0,12.500226703999942,True,True
d01-dashboard_dpr2_dark_V06,d01-dashboard_dpr2_dark,d01-dashboard,desktop,2,dark,V06,jpeg,85,1.0,2560,1600,301545,0.588955,chromium,paddle_v5_mobile,ok,0.9437229437229439,"{""0.3"": {""matched"": 63, ""n_gt"": 63, ""n_pred"": 65}, ""0.5"": {""matched"": 47, ""n_gt"": 63, ""n_pred"": 65}, ""0.7"": {""matched"": 13, ""n_gt"": 63, ""n_pred"": 65}}",65,0,0,12.61825306799983,True,True
d01-dashboard_dpr2_dark_V07,d01-dashboard_dpr2_dark,d01-dashboard,desktop,2,dark,V07,webp,90,1.0,2560,1600,110500,0.21582,chromium,paddle_v5_mobile,ok,0.935064935064935,"{""0.3"": {""matched"": 63, ""n_gt"": 63, ""n_pred"": 64}, ""0.5"": {""matched"": 50, ""n_gt"": 63, ""n_pred"": 64}, ""0.7"": {""matched"": 15, ""n_gt"": 63, ""n_pred"": 64}}",64,1,0,12.910868629000106,True,True
d01-dashboard_dpr2_dark_V08,d01-dashboard_dpr2_dark,d01-dashboard,desktop,2,dark,V08,webp,75,1.0,2560,1600,70512,0.137719,chromium,paddle_v5_mobile,ok,0.935064935064935,"{""0.3"": {""matched"": 63, ""n_gt"": 63, ""n_pred"": 65}, ""0.5"": {""matched"": 50, ""n_gt"": 63, ""n_pred"": 65}, ""0.7"": {""matched"": 16, ""n_gt"": 63, ""n_pred"": 65}}",65,0,0,13.028273681999963,True,True
d01-dashboard_dpr2_dark_V09,d01-dashboard_dpr2_dark,d01-dashboard,desktop,2,dark,V09,webp,50,1.0,2560,1600,58154,0.113582,chromium,paddle_v5_mobile,ok,0.9523809523809523,"{""0.3"": {""matched"": 63, ""n_gt"": 63, ""n_pred"": 66}, ""0.5"": {""matched"": 49, ""n_gt"": 63, ""n_pred"": 66}, ""0.7"": {""matched"": 13, ""n_gt"": 63, ""n_pred"": 66}}",66,0,0,13.393894406999607,True,True
d01-dashboard_dpr2_dark_V10,d01-dashboard_dpr2_dark,d01-dashboard,desktop,2,dark,V10,avif,80,1.0,2560,1600,69922,0.136566,chromium,paddle_v5_mobile,ok,0.9230769230769231,"{""0.3"": {""matched"": 63, ""n_gt"": 63, ""n_pred"": 64}, ""0.5"": {""matched"": 52, ""n_gt"": 63, ""n_pred"": 64}, ""0.7"": {""matched"": 20, ""n_gt"": 63, ""n_pred"": 64}}",64,1,0,13.156462390999877,True,True
d01-dashboard_dpr2_dark_V11,d01-dashboard_dpr2_dark,d01-dashboard,desktop,2,dark,V11,avif,60,1.0,2560,1600,49545,0.096768,chromium,paddle_v5_mobile,ok,0.905982905982906,"{""0.3"": {""matched"": 63, ""n_gt"": 63, ""n_pred"": 65}, ""0.5"": {""matched"": 54, ""n_gt"": 63, ""n_pred"": 65}, ""0.7"": {""matched"": 20, ""n_gt"": 63, ""n_pred"": 65}}",65,0,0,12.931649496999853,True,True
d01-dashboard_dpr2_dark_V12,d01-dashboard_dpr2_dark,d01-dashboard,desktop,2,dark,V12,png,,0.5,1280,800,153870,1.202109,chromium,paddle_v5_mobile,ok,0.9145299145299145,"{""0.3"": {""matched"": 63, ""n_gt"": 63, ""n_pred"": 67}, ""0.5"": {""matched"": 49, ""n_gt"": 63, ""n_pred"": 67}, ""0.7"": {""matched"": 17, ""n_gt"": 63, ""n_pred"": 67}}",67,0,0,8.496444742000676,True,True
d01-dashboard_dpr2_dark_V13,d01-dashboard_dpr2_dark,d01-dashboard,desktop,2,dark,V13,jpeg,75,0.5,1280,800,63365,0.495039,chromium,paddle_v5_mobile,ok,0.8782608695652175,"{""0.3"": {""matched"": 61, ""n_gt"": 63, ""n_pred"": 68}, ""0.5"": {""matched"": 41, ""n_gt"": 63, ""n_pred"": 68}, ""0.7"": {""matched"": 9, ""n_gt"": 63, ""n_pred"": 68}}",68,0,0,8.641840635000335,True,True
d01-dashboard_dpr2_light_V00,d01-dashboard_dpr2_light,d01-dashboard,desktop,2,light,V00,png,,1.0,2560,1600,171825,0.335596,chromium,paddle_v5_mobile,ok,0.8936170212765957,"{""0.3"": {""matched"": 63, ""n_gt"": 63, ""n_pred"": 64}, ""0.5"": {""matched"": 46, ""n_gt"": 63, ""n_pred"": 64}, ""0.7"": {""matched"": 10, ""n_gt"": 63, ""n_pred"": 64}}",64,0,0,12.164220978999765,True,True
d01-dashboard_dpr2_light_V02,d01-dashboard_dpr2_light,d01-dashboard,desktop,2,light,V02,jpeg,95,1.0,2560,1600,326771,0.638225,chromium,paddle_v5_mobile,ok,0.8860759493670886,"{""0.3"": {""matched"": 63, ""n_gt"": 63, ""n_pred"": 67}, ""0.5"": {""matched"": 39, ""n_gt"": 63, ""n_pred"": 67}, ""0.7"": {""matched"": 5, ""n_gt"": 63, ""n_pred"": 67}}",67,0,0,12.066542318999382,True,True
d01-dashboard_dpr2_light_V03,d01-dashboard_dpr2_light,d01-dashboard,desktop,2,light,V03,jpeg,85,1.0,2560,1600,222866,0.435285,chromium,paddle_v5_mobile,ok,0.9130434782608695,"{""0.3"": {""matched"": 62, ""n_gt"": 63, ""n_pred"": 65}, ""0.5"": {""matched"": 33, ""n_gt"": 63, ""n_pred"": 65}, ""0.7"": {""matched"": 3, ""n_gt"": 63, ""n_pred"": 65}}",65,0,0,12.326288655000099,True,True
d01-dashboard_dpr2_light_V04,d01-dashboard_dpr2_light,d01-dashboard,desktop,2,light,V04,jpeg,75,1.0,2560,1600,182759,0.356951,chromium,paddle_v5_mobile,ok,0.8986784140969162,"{""0.3"": {""matched"": 58, ""n_gt"": 63, ""n_pred"": 64}, ""0.5"": {""matched"": 25, ""n_gt"": 63, ""n_pred"": 64}, ""0.7"": {""matched"": 4, ""n_gt"": 63, ""n_pred"": 64}}",64,0,0,12.473173756000506,True,True
d01-dashboard_dpr2_light_V05,d01-dashboard_dpr2_light,d01-dashboard,desktop,2,light,V05,jpeg,60,1.0,2560,1600,157029,0.306697,chromium,paddle_v5_mobile,ok,0.8947368421052632,"{""0.3"": {""matched"": 57, ""n_gt"": 63, ""n_pred"": 65}, ""0.5"": {""matched"": 27, ""n_gt"": 63, ""n_pred"": 65}, ""0.7"": {""matched"": 6, ""n_gt"": 63, ""n_pred"": 65}}",65,0,0,13.006588612000087,True,True
d01-dashboard_dpr2_light_V06,d01-dashboard_dpr2_light,d01-dashboard,desktop,2,light,V06,jpeg,85,1.0,2560,1600,318647,0.622357,chromium,paddle_v5_mobile,ok,0.9304347826086956,"{""0.3"": {""matched"": 62, ""n_gt"": 63, ""n_pred"": 66}, ""0.5"": {""matched"": 42, ""n_gt"": 63, ""n_pred"": 66}, ""0.7"": {""matched"": 6, ""n_gt"": 63, ""n_pred"": 66}}",66,0,0,13.438044586000615,True,True
d01-dashboard_dpr2_light_V07,d01-dashboard_dpr2_light,d01-dashboard,desktop,2,light,V07,webp,90,1.0,2560,1600,115548,0.22568,chromium,paddle_v5_mobile,ok,0.8776371308016878,"{""0.3"": {""matched"": 61, ""n_gt"": 63, ""n_pred"": 66}, ""0.5"": {""matched"": 41, ""n_gt"": 63, ""n_pred"": 66}, ""0.7"": {""matched"": 8, ""n_gt"": 63, ""n_pred"": 66}}",66,0,0,13.343503492999844,True,True
d01-dashboard_dpr2_light_V08,d01-dashboard_dpr2_light,d01-dashboard,desktop,2,light,V08,webp,75,1.0,2560,1600,74508,0.145523,chromium,paddle_v5_mobile,ok,0.9304347826086956,"{""0.3"": {""matched"": 62, ""n_gt"": 63, ""n_pred"": 65}, ""0.5"": {""matched"": 42, ""n_gt"": 63, ""n_pred"": 65}, ""0.7"": {""matched"": 6, ""n_gt"": 63, ""n_pred"": 65}}",65,1,0,13.469971763999638,True,True
d01-dashboard_dpr2_light_V09,d01-dashboard_dpr2_light,d01-dashboard,desktop,2,light,V09,webp,50,1.0,2560,1600,61836,0.120773,chromium,paddle_v5_mobile,ok,0.8584070796460177,"{""0.3"": {""matched"": 62, ""n_gt"": 63, ""n_pred"": 66}, ""0.5"": {""matched"": 36, ""n_gt"": 63, ""n_pred"": 66}, ""0.7"": {""matched"": 7, ""n_gt"": 63, ""n_pred"": 66}}",66,0,0,17.58922839799925,True,True
d01-dashboard_dpr2_light_V10,d01-dashboard_dpr2_light,d01-dashboard,desktop,2,light,V10,avif,80,1.0,2560,1600,73339,0.14324,chromium,paddle_v5_mobile,ok,0.8728813559322034,"{""0.3"": {""matched"": 59, ""n_gt"": 63, ""n_pred"": 65}, ""0.5"": {""matched"": 40, ""n_gt"": 63, ""n_pred"": 65}, ""0.7"": {""matched"": 6, ""n_gt"": 63, ""n_pred"": 65}}",65,0,0,14.64061203700021,True,True
d01-dashboard_dpr2_light_V11,d01-dashboard_dpr2_light,d01-dashboard,desktop,2,light,V11,avif,60,1.0,2560,1600,51723,0.101021,chromium,paddle_v5_mobile,ok,0.8888888888888888,"{""0.3"": {""matched"": 59, ""n_gt"": 63, ""n_pred"": 66}, ""0.5"": {""matched"": 42, ""n_gt"": 63, ""n_pred"": 66}, ""0.7"": {""matched"": 7, ""n_gt"": 63, ""n_pred"": 66}}",66,0,0,14.582136718000584,True,True
d01-dashboard_dpr2_light_V12,d01-dashboard_dpr2_light,d01-dashboard,desktop,2,light,V12,png,,0.5,1280,800,140721,1.099383,chromium,paddle_v5_mobile,ok,0.9322033898305085,"{""0.3"": {""matched"": 51, ""n_gt"": 63, ""n_pred"": 65}, ""0.5"": {""matched"": 15, ""n_gt"": 63, ""n_pred"": 65}, ""0.7"": {""matched"": 1, ""n_gt"": 63, ""n_pred"": 65}}",65,0,0,9.235694039000009,True,True
d01-dashboard_dpr2_light_V13,d01-dashboard_dpr2_light,d01-dashboard,desktop,2,light,V13,jpeg,75,0.5,1280,800,65282,0.510016,chromium,paddle_v5_mobile,ok,0.8444444444444444,"{""0.3"": {""matched"": 46, ""n_gt"": 63, ""n_pred"": 64}, ""0.5"": {""matched"": 12, ""n_gt"": 63, ""n_pred"": 64}, ""0.7"": {""matched"": 0, ""n_gt"": 63, ""n_pred"": 64}}",64,0,0,8.739315851000356,True,True
d06-code-editor_dpr1_dark_V00,d06-code-editor_dpr1_dark,d06-code-editor,desktop,1,dark,V00,png,,1.0,1280,800,115563,0.902836,chromium,paddle_v5_mobile,ok,0.8615384615384616,"{""0.3"": {""matched"": 60, ""n_gt"": 62, ""n_pred"": 90}, ""0.5"": {""matched"": 35, ""n_gt"": 62, ""n_pred"": 90}, ""0.7"": {""matched"": 22, ""n_gt"": 62, ""n_pred"": 90}}",90,0,1,15.609435458000007,True,True
d06-code-editor_dpr1_dark_V02,d06-code-editor_dpr1_dark,d06-code-editor,desktop,1,dark,V02,jpeg,95,1.0,1280,800,167078,1.305297,chromium,paddle_v5_mobile,ok,0.8481675392670157,"{""0.3"": {""matched"": 58, ""n_gt"": 62, ""n_pred"": 59}, ""0.5"": {""matched"": 43, ""n_gt"": 62, ""n_pred"": 59}, ""0.7"": {""matched"": 25, ""n_gt"": 62, ""n_pred"": 59}}",59,0,1,13.330254405000233,True,True
d06-code-editor_dpr1_dark_V03,d06-code-editor_dpr1_dark,d06-code-editor,desktop,1,dark,V03,jpeg,85,1.0,1280,800,106846,0.834734,chromium,paddle_v5_mobile,ok,0.715909090909091,"{""0.3"": {""matched"": 57, ""n_gt"": 62, ""n_pred"": 58}, ""0.5"": {""matched"": 42, ""n_gt"": 62, ""n_pred"": 58}, ""0.7"": {""matched"": 22, ""n_gt"": 62, ""n_pred"": 58}}",58,0,1,12.80721215199992,True,True
d06-code-editor_dpr1_dark_V04,d06-code-editor_dpr1_dark,d06-code-editor,desktop,1,dark,V04,jpeg,75,1.0,1280,800,84379,0.659211,chromium,paddle_v5_mobile,ok,0.7428571428571429,"{""0.3"": {""matched"": 59, ""n_gt"": 62, ""n_pred"": 59}, ""0.5"": {""matched"": 39, ""n_gt"": 62, ""n_pred"": 59}, ""0.7"": {""matched"": 22, ""n_gt"": 62, ""n_pred"": 59}}",59,0,1,12.972115712999766,True,True
d06-code-editor_dpr1_dark_V05,d06-code-editor_dpr1_dark,d06-code-editor,desktop,1,dark,V05,jpeg,60,1.0,1280,800,68179,0.532648,chromium,paddle_v5_mobile,ok,0.7146974063400576,"{""0.3"": {""matched"": 54, ""n_gt"": 62, ""n_pred"": 57}, ""0.5"": {""matched"": 38, ""n_gt"": 62, ""n_pred"": 57}, ""0.7"": {""matched"": 22, ""n_gt"": 62, ""n_pred"": 57}}",57,0,1,12.924936839999646,True,True
d06-code-editor_dpr1_dark_V06,d06-code-editor_dpr1_dark,d06-code-editor,desktop,1,dark,V06,jpeg,85,1.0,1280,800,156807,1.225055,chromium,paddle_v5_mobile,ok,0.8191489361702129,"{""0.3"": {""matched"": 56, ""n_gt"": 62, ""n_pred"": 58}, ""0.5"": {""matched"": 40, ""n_gt"": 62, ""n_pred"": 58}, ""0.7"": {""matched"": 21, ""n_gt"": 62, ""n_pred"": 58}}",58,0,1,14.552446537999458,True,True
d06-code-editor_dpr1_dark_V07,d06-code-editor_dpr1_dark,d06-code-editor,desktop,1,dark,V07,webp,90,1.0,1280,800,76046,0.594109,chromium,paddle_v5_mobile,ok,0.8412698412698412,"{""0.3"": {""matched"": 61, ""n_gt"": 62, ""n_pred"": 62}, ""0.5"": {""matched"": 39, ""n_gt"": 62, ""n_pred"": 62}, ""0.7"": {""matched"": 25, ""n_gt"": 62, ""n_pred"": 62}}",62,0,1,13.591066682000019,True,True
d06-code-editor_dpr1_dark_V08,d06-code-editor_dpr1_dark,d06-code-editor,desktop,1,dark,V08,webp,75,1.0,1280,800,48572,0.379469,chromium,paddle_v5_mobile,ok,0.7787114845938375,"{""0.3"": {""matched"": 61, ""n_gt"": 62, ""n_pred"": 61}, ""0.5"": {""matched"": 41, ""n_gt"": 62, ""n_pred"": 61}, ""0.7"": {""matched"": 26, ""n_gt"": 62, ""n_pred"": 61}}",61,0,1,13.952507680999588,True,True
d06-code-editor_dpr1_dark_V09,d06-code-editor_dpr1_dark,d06-code-editor,desktop,1,dark,V09,webp,50,1.0,1280,800,39682,0.310016,chromium,paddle_v5_mobile,ok,0.72,"{""0.3"": {""matched"": 59, ""n_gt"": 62, ""n_pred"": 60}, ""0.5"": {""matched"": 40, ""n_gt"": 62, ""n_pred"": 60}, ""0.7"": {""matched"": 25, ""n_gt"": 62, ""n_pred"": 60}}",60,1,1,13.640921685999274,True,True
d06-code-editor_dpr1_dark_V10,d06-code-editor_dpr1_dark,d06-code-editor,desktop,1,dark,V10,avif,80,1.0,1280,800,45802,0.357828,chromium,paddle_v5_mobile,ok,0.8465608465608465,"{""0.3"": {""matched"": 60, ""n_gt"": 62, ""n_pred"": 63}, ""0.5"": {""matched"": 42, ""n_gt"": 62, ""n_pred"": 63}, ""0.7"": {""matched"": 27, ""n_gt"": 62, ""n_pred"": 63}}",63,0,1,13.146164683999814,True,True
d06-code-editor_dpr1_dark_V11,d06-code-editor_dpr1_dark,d06-code-editor,desktop,1,dark,V11,avif,60,1.0,1280,800,31619,0.247023,chromium,paddle_v5_mobile,ok,0.856396866840731,"{""0.3"": {""matched"": 60, ""n_gt"": 62, ""n_pred"": 64}, ""0.5"": {""matched"": 43, ""n_gt"": 62, ""n_pred"": 64}, ""0.7"": {""matched"": 23, ""n_gt"": 62, ""n_pred"": 64}}",64,0,1,13.293121882999912,True,True
d06-code-editor_dpr1_dark_V12,d06-code-editor_dpr1_dark,d06-code-editor,desktop,1,dark,V12,png,,0.5,640,400,96707,3.022094,chromium,paddle_v5_mobile,ok,0.5113636363636364,"{""0.3"": {""matched"": 41, ""n_gt"": 62, ""n_pred"": 47}, ""0.5"": {""matched"": 31, ""n_gt"": 62, ""n_pred"": 47}, ""0.7"": {""matched"": 13, ""n_gt"": 62, ""n_pred"": 47}}",47,0,1,8.789425197000128,True,True
d06-code-editor_dpr1_dark_V13,d06-code-editor_dpr1_dark,d06-code-editor,desktop,1,dark,V13,jpeg,75,0.5,640,400,26025,0.813281,chromium,paddle_v5_mobile,ok,0.4645892351274787,"{""0.3"": {""matched"": 43, ""n_gt"": 62, ""n_pred"": 51}, ""0.5"": {""matched"": 29, ""n_gt"": 62, ""n_pred"": 51}, ""0.7"": {""matched"": 9, ""n_gt"": 62, ""n_pred"": 51}}",51,0,1,9.348767124000005,True,True
d06-code-editor_dpr1_light_V00,d06-code-editor_dpr1_light,d06-code-editor,desktop,1,light,V00,png,,1.0,1280,800,113625,0.887695,chromium,paddle_v5_mobile,ok,0.9191919191919193,"{""0.3"": {""matched"": 43, ""n_gt"": 62, ""n_pred"": 54}, ""0.5"": {""matched"": 34, ""n_gt"": 62, ""n_pred"": 54}, ""0.7"": {""matched"": 17, ""n_gt"": 62, ""n_pred"": 54}}",54,0,1,12.07399372800046,True,True
d06-code-editor_dpr1_light_V02,d06-code-editor_dpr1_light,d06-code-editor,desktop,1,light,V02,jpeg,95,1.0,1280,800,167255,1.30668,chromium,paddle_v5_mobile,ok,0.8148148148148148,"{""0.3"": {""matched"": 43, ""n_gt"": 62, ""n_pred"": 53}, ""0.5"": {""matched"": 31, ""n_gt"": 62, ""n_pred"": 53}, ""0.7"": {""matched"": 8, ""n_gt"": 62, ""n_pred"": 53}}",53,0,1,11.626011569999719,True,True
d06-code-editor_dpr1_light_V03,d06-code-editor_dpr1_light,d06-code-editor,desktop,1,light,V03,jpeg,85,1.0,1280,800,106546,0.832391,chromium,paddle_v5_mobile,ok,0.7811634349030472,"{""0.3"": {""matched"": 48, ""n_gt"": 62, ""n_pred"": 55}, ""0.5"": {""matched"": 30, ""n_gt"": 62, ""n_pred"": 55}, ""0.7"": {""matched"": 11, ""n_gt"": 62, ""n_pred"": 55}}",55,0,1,11.638781808000203,True,True
d06-code-editor_dpr1_light_V04,d06-code-editor_dpr1_light,d06-code-editor,desktop,1,light,V04,jpeg,75,1.0,1280,800,84396,0.659344,chromium,paddle_v5_mobile,ok,0.7220630372492837,"{""0.3"": {""matched"": 47, ""n_gt"": 62, ""n_pred"": 55}, ""0.5"": {""matched"": 29, ""n_gt"": 62, ""n_pred"": 55}, ""0.7"": {""matched"": 16, ""n_gt"": 62, ""n_pred"": 55}}",55,0,1,11.743992816000173,True,True
d06-code-editor_dpr1_light_V05,d06-code-editor_dpr1_light,d06-code-editor,desktop,1,light,V05,jpeg,60,1.0,1280,800,68337,0.533883,chromium,paddle_v5_mobile,ok,0.6878612716763005,"{""0.3"": {""matched"": 45, ""n_gt"": 62, ""n_pred"": 52}, ""0.5"": {""matched"": 31, ""n_gt"": 62, ""n_pred"": 52}, ""0.7"": {""matched"": 12, ""n_gt"": 62, ""n_pred"": 52}}",52,0,1,11.322280753999621,True,True
d06-code-editor_dpr1_light_V06,d06-code-editor_dpr1_light,d06-code-editor,desktop,1,light,V06,jpeg,85,1.0,1280,800,157132,1.227594,chromium,paddle_v5_mobile,ok,0.7823691460055097,"{""0.3"": {""matched"": 51, ""n_gt"": 62, ""n_pred"": 56}, ""0.5"": {""matched"": 32, ""n_gt"": 62, ""n_pred"": 56}, ""0.7"": {""matched"": 10, ""n_gt"": 62, ""n_pred"": 56}}",56,0,1,11.376666137999564,True,True
d06-code-editor_dpr1_light_V07,d06-code-editor_dpr1_light,d06-code-editor,desktop,1,light,V07,webp,90,1.0,1280,800,76380,0.596719,chromium,paddle_v5_mobile,ok,0.752043596730245,"{""0.3"": {""matched"": 46, ""n_gt"": 62, ""n_pred"": 53}, ""0.5"": {""matched"": 31, ""n_gt"": 62, ""n_pred"": 53}, ""0.7"": {""matched"": 10, ""n_gt"": 62, ""n_pred"": 53}}",53,0,1,11.59451829200043,True,True
d06-code-editor_dpr1_light_V08,d06-code-editor_dpr1_light,d06-code-editor,desktop,1,light,V08,webp,75,1.0,1280,800,48802,0.381266,chromium,paddle_v5_mobile,ok,0.6916426512968299,"{""0.3"": {""matched"": 47, ""n_gt"": 62, ""n_pred"": 54}, ""0.5"": {""matched"": 32, ""n_gt"": 62, ""n_pred"": 54}, ""0.7"": {""matched"": 11, ""n_gt"": 62, ""n_pred"": 54}}",54,0,1,11.220004527999663,True,True
d06-code-editor_dpr1_light_V09,d06-code-editor_dpr1_light,d06-code-editor,desktop,1,light,V09,webp,50,1.0,1280,800,39824,0.311125,chromium,paddle_v5_mobile,ok,0.6705882352941175,"{""0.3"": {""matched"": 47, ""n_gt"": 62, ""n_pred"": 55}, ""0.5"": {""matched"": 35, ""n_gt"": 62, ""n_pred"": 55}, ""0.7"": {""matched"": 12, ""n_gt"": 62, ""n_pred"": 55}}",55,0,1,12.109169696999743,True,True
d06-code-editor_dpr1_light_V10,d06-code-editor_dpr1_light,d06-code-editor,desktop,1,light,V10,avif,80,1.0,1280,800,45800,0.357812,chromium,paddle_v5_mobile,ok,0.8021108179419525,"{""0.3"": {""matched"": 41, ""n_gt"": 62, ""n_pred"": 53}, ""0.5"": {""matched"": 31, ""n_gt"": 62, ""n_pred"": 53}, ""0.7"": {""matched"": 9, ""n_gt"": 62, ""n_pred"": 53}}",53,0,1,12.109209661000023,True,True
d06-code-editor_dpr1_light_V11,d06-code-editor_dpr1_light,d06-code-editor,desktop,1,light,V11,avif,60,1.0,1280,800,31820,0.248594,chromium,paddle_v5_mobile,ok,0.8302872062663185,"{""0.3"": {""matched"": 40, ""n_gt"": 62, ""n_pred"": 53}, ""0.5"": {""matched"": 31, ""n_gt"": 62, ""n_pred"": 53}, ""0.7"": {""matched"": 11, ""n_gt"": 62, ""n_pred"": 53}}",53,0,1,11.845765973999733,True,True
d06-code-editor_dpr1_light_V12,d06-code-editor_dpr1_light,d06-code-editor,desktop,1,light,V12,png,,0.5,640,400,86228,2.694625,chromium,paddle_v5_mobile,ok,0.5751295336787565,"{""0.3"": {""matched"": 51, ""n_gt"": 62, ""n_pred"": 56}, ""0.5"": {""matched"": 27, ""n_gt"": 62, ""n_pred"": 56}, ""0.7"": {""matched"": 5, ""n_gt"": 62, ""n_pred"": 56}}",56,0,1,9.243706305999694,True,True
d06-code-editor_dpr1_light_V13,d06-code-editor_dpr1_light,d06-code-editor,desktop,1,light,V13,jpeg,75,0.5,640,400,25320,0.79125,chromium,paddle_v5_mobile,ok,0.4664723032069971,"{""0.3"": {""matched"": 48, ""n_gt"": 62, ""n_pred"": 53}, ""0.5"": {""matched"": 27, ""n_gt"": 62, ""n_pred"": 53}, ""0.7"": {""matched"": 7, ""n_gt"": 62, ""n_pred"": 53}}",53,0,1,9.606318668999847,True,True
d06-code-editor_dpr1p5_dark_V00,d06-code-editor_dpr1p5_dark,d06-code-editor,desktop,1.5,dark,V00,png,,1.0,1920,1200,192228,0.667458,chromium,paddle_v5_mobile,ok,0.8695652173913043,"{""0.3"": {""matched"": 62, ""n_gt"": 62, ""n_pred"": 67}, ""0.5"": {""matched"": 59, ""n_gt"": 62, ""n_pred"": 67}, ""0.7"": {""matched"": 32, ""n_gt"": 62, ""n_pred"": 67}}",67,0,1,15.582495894000203,True,True
d06-code-editor_dpr1p5_dark_V02,d06-code-editor_dpr1p5_dark,d06-code-editor,desktop,1.5,dark,V02,jpeg,95,1.0,1920,1200,303347,1.053288,chromium,paddle_v5_mobile,ok,0.8865979381443299,"{""0.3"": {""matched"": 61, ""n_gt"": 62, ""n_pred"": 63}, ""0.5"": {""matched"": 57, ""n_gt"": 62, ""n_pred"": 63}, ""0.7"": {""matched"": 23, ""n_gt"": 62, ""n_pred"": 63}}",63,0,1,15.583956894000039,True,True
d06-code-editor_dpr1p5_dark_V03,d06-code-editor_dpr1p5_dark,d06-code-editor,desktop,1.5,dark,V03,jpeg,85,1.0,1920,1200,193508,0.671903,chromium,paddle_v5_mobile,ok,0.8473684210526315,"{""0.3"": {""matched"": 60, ""n_gt"": 62, ""n_pred"": 62}, ""0.5"": {""matched"": 48, ""n_gt"": 62, ""n_pred"": 62}, ""0.7"": {""matched"": 20, ""n_gt"": 62, ""n_pred"": 62}}",62,0,1,14.048058733999824,True,True
d06-code-editor_dpr1p5_dark_V04,d06-code-editor_dpr1p5_dark,d06-code-editor,desktop,1.5,dark,V04,jpeg,75,1.0,1920,1200,154854,0.537687,chromium,paddle_v5_mobile,ok,0.8421052631578948,"{""0.3"": {""matched"": 62, ""n_gt"": 62, ""n_pred"": 63}, ""0.5"": {""matched"": 44, ""n_gt"": 62, ""n_pred"": 63}, ""0.7"": {""matched"": 20, ""n_gt"": 62, ""n_pred"": 63}}",63,0,1,14.680611695999687,True,True
d06-code-editor_dpr1p5_dark_V05,d06-code-editor_dpr1p5_dark,d06-code-editor,desktop,1.5,dark,V05,jpeg,60,1.0,1920,1200,126848,0.440444,chromium,paddle_v5_mobile,ok,0.7901907356948229,"{""0.3"": {""matched"": 62, ""n_gt"": 62, ""n_pred"": 62}, ""0.5"": {""matched"": 40, ""n_gt"": 62, ""n_pred"": 62}, ""0.7"": {""matched"": 13, ""n_gt"": 62, ""n_pred"": 62}}",62,0,1,14.451881648999915,True,True
d06-code-editor_dpr1p5_dark_V06,d06-code-editor_dpr1p5_dark,d06-code-editor,desktop,1.5,dark,V06,jpeg,85,1.0,1920,1200,280676,0.974569,chromium,paddle_v5_mobile,ok,0.8293963254593175,"{""0.3"": {""matched"": 61, ""n_gt"": 62, ""n_pred"": 62}, ""0.5"": {""matched"": 56, ""n_gt"": 62, ""n_pred"": 62}, ""0.7"": {""matched"": 29, ""n_gt"": 62, ""n_pred"": 62}}",62,0,1,15.21602096100014,True,True
d06-code-editor_dpr1p5_dark_V07,d06-code-editor_dpr1p5_dark,d06-code-editor,desktop,1.5,dark,V07,webp,90,1.0,1920,1200,131710,0.457326,chromium,paddle_v5_mobile,ok,0.8756476683937824,"{""0.3"": {""matched"": 61, ""n_gt"": 62, ""n_pred"": 62}, ""0.5"": {""matched"": 59, ""n_gt"": 62, ""n_pred"": 62}, ""0.7"": {""matched"": 30, ""n_gt"": 62, ""n_pred"": 62}}",62,0,1,15.060942353999963,True,True
d06-code-editor_dpr1p5_dark_V08,d06-code-editor_dpr1p5_dark,d06-code-editor,desktop,1.5,dark,V08,webp,75,1.0,1920,1200,85822,0.297993,chromium,paddle_v5_mobile,ok,0.8451443569553806,"{""0.3"": {""matched"": 62, ""n_gt"": 62, ""n_pred"": 63}, ""0.5"": {""matched"": 57, ""n_gt"": 62, ""n_pred"": 63}, ""0.7"": {""matched"": 27, ""n_gt"": 62, ""n_pred"": 63}}",63,0,1,15.02334594399963,True,True
d06-code-editor_dpr1p5_dark_V09,d06-code-editor_dpr1p5_dark,d06-code-editor,desktop,1.5,dark,V09,webp,50,1.0,1920,1200,70284,0.244042,chromium,paddle_v5_mobile,ok,0.8284960422163589,"{""0.3"": {""matched"": 62, ""n_gt"": 62, ""n_pred"": 63}, ""0.5"": {""matched"": 55, ""n_gt"": 62, ""n_pred"": 63}, ""0.7"": {""matched"": 27, ""n_gt"": 62, ""n_pred"": 63}}",63,0,1,15.189034621000246,True,True
d06-code-editor_dpr1p5_dark_V10,d06-code-editor_dpr1p5_dark,d06-code-editor,desktop,1.5,dark,V10,avif,80,1.0,1920,1200,118369,0.411003,chromium,paddle_v5_mobile,ok,0.8727272727272728,"{""0.3"": {""matched"": 60, ""n_gt"": 62, ""n_pred"": 62}, ""0.5"": {""matched"": 57, ""n_gt"": 62, ""n_pred"": 62}, ""0.7"": {""matched"": 29, ""n_gt"": 62, ""n_pred"": 62}}",62,1,1,15.109240978999878,True,True
d06-code-editor_dpr1p5_dark_V11,d06-code-editor_dpr1p5_dark,d06-code-editor,desktop,1.5,dark,V11,avif,60,1.0,1920,1200,78215,0.27158,chromium,paddle_v5_mobile,ok,0.8541666666666666,"{""0.3"": {""matched"": 62, ""n_gt"": 62, ""n_pred"": 64}, ""0.5"": {""matched"": 54, ""n_gt"": 62, ""n_pred"": 64}, ""0.7"": {""matched"": 29, ""n_gt"": 62, ""n_pred"": 64}}",64,0,1,15.49921672400069,True,True
d06-code-editor_dpr1p5_dark_V12,d06-code-editor_dpr1p5_dark,d06-code-editor,desktop,1.5,dark,V12,png,,0.5,960,600,171260,2.378611,chromium,paddle_v5_mobile,ok,0.7947368421052632,"{""0.3"": {""matched"": 57, ""n_gt"": 62, ""n_pred"": 59}, ""0.5"": {""matched"": 42, ""n_gt"": 62, ""n_pred"": 59}, ""0.7"": {""matched"": 25, ""n_gt"": 62, ""n_pred"": 59}}",59,0,1,12.005440326999633,True,True
d06-code-editor_dpr1p5_dark_V13,d06-code-editor_dpr1p5_dark,d06-code-editor,desktop,1.5,dark,V13,jpeg,75,0.5,960,600,54085,0.751181,chromium,paddle_v5_mobile,ok,0.6929577464788732,"{""0.3"": {""matched"": 47, ""n_gt"": 62, ""n_pred"": 52}, ""0.5"": {""matched"": 31, ""n_gt"": 62, ""n_pred"": 52}, ""0.7"": {""matched"": 16, ""n_gt"": 62, ""n_pred"": 52}}",52,0,1,11.375116991999676,True,True
d06-code-editor_dpr1p5_light_V00,d06-code-editor_dpr1p5_light,d06-code-editor,desktop,1.5,light,V00,png,,1.0,1920,1200,191593,0.665253,chromium,paddle_v5_mobile,ok,0.8791773778920309,"{""0.3"": {""matched"": 61, ""n_gt"": 62, ""n_pred"": 64}, ""0.5"": {""matched"": 41, ""n_gt"": 62, ""n_pred"": 64}, ""0.7"": {""matched"": 21, ""n_gt"": 62, ""n_pred"": 64}}",64,0,1,15.473566216000108,True,True
d06-code-editor_dpr1p5_light_V02,d06-code-editor_dpr1p5_light,d06-code-editor,desktop,1.5,light,V02,jpeg,95,1.0,1920,1200,305897,1.062142,chromium,paddle_v5_mobile,ok,0.8749999999999999,"{""0.3"": {""matched"": 58, ""n_gt"": 62, ""n_pred"": 61}, ""0.5"": {""matched"": 36, ""n_gt"": 62, ""n_pred"": 61}, ""0.7"": {""matched"": 18, ""n_gt"": 62, ""n_pred"": 61}}",61,0,1,15.873742317000506,True,True
d06-code-editor_dpr1p5_light_V03,d06-code-editor_dpr1p5_light,d06-code-editor,desktop,1.5,light,V03,jpeg,85,1.0,1920,1200,195629,0.679267,chromium,paddle_v5_mobile,ok,0.8342245989304813,"{""0.3"": {""matched"": 60, ""n_gt"": 62, ""n_pred"": 62}, ""0.5"": {""matched"": 35, ""n_gt"": 62, ""n_pred"": 62}, ""0.7"": {""matched"": 17, ""n_gt"": 62, ""n_pred"": 62}}",62,0,1,14.608475708000697,True,True
d06-code-editor_dpr1p5_light_V04,d06-code-editor_dpr1p5_light,d06-code-editor,desktop,1.5,light,V04,jpeg,75,1.0,1920,1200,156030,0.541771,chromium,paddle_v5_mobile,ok,0.7734806629834253,"{""0.3"": {""matched"": 58, ""n_gt"": 62, ""n_pred"": 61}, ""0.5"": {""matched"": 33, ""n_gt"": 62, ""n_pred"": 61}, ""0.7"": {""matched"": 17, ""n_gt"": 62, ""n_pred"": 61}}",61,0,1,14.773767389999193,True,True
d06-code-editor_dpr1p5_light_V05,d06-code-editor_dpr1p5_light,d06-code-editor,desktop,1.5,light,V05,jpeg,60,1.0,1920,1200,128284,0.445431,chromium,paddle_v5_mobile,ok,0.7590027700831026,"{""0.3"": {""matched"": 57, ""n_gt"": 62, ""n_pred"": 61}, ""0.5"": {""matched"": 33, ""n_gt"": 62, ""n_pred"": 61}, ""0.7"": {""matched"": 16, ""n_gt"": 62, ""n_pred"": 61}}",61,0,1,14.663723896999727,True,True
d06-code-editor_dpr1p5_light_V06,d06-code-editor_dpr1p5_light,d06-code-editor,desktop,1.5,light,V06,jpeg,85,1.0,1920,1200,285179,0.990205,chromium,paddle_v5_mobile,ok,0.8010752688172043,"{""0.3"": {""matched"": 61, ""n_gt"": 62, ""n_pred"": 62}, ""0.5"": {""matched"": 38, ""n_gt"": 62, ""n_pred"": 62}, ""0.7"": {""matched"": 19, ""n_gt"": 62, ""n_pred"": 62}}",62,0,1,14.686929297999995,True,True
d06-code-editor_dpr1p5_light_V07,d06-code-editor_dpr1p5_light,d06-code-editor,desktop,1.5,light,V07,webp,90,1.0,1920,1200,133164,0.462375,chromium,paddle_v5_mobile,ok,0.8865979381443299,"{""0.3"": {""matched"": 61, ""n_gt"": 62, ""n_pred"": 64}, ""0.5"": {""matched"": 34, ""n_gt"": 62, ""n_pred"": 64}, ""0.7"": {""matched"": 18, ""n_gt"": 62, ""n_pred"": 64}}",64,0,1,14.783067155000026,True,True
d06-code-editor_dpr1p5_light_V08,d06-code-editor_dpr1p5_light,d06-code-editor,desktop,1.5,light,V08,webp,75,1.0,1920,1200,86962,0.301951,chromium,paddle_v5_mobile,ok,0.7734806629834253,"{""0.3"": {""matched"": 60, ""n_gt"": 62, ""n_pred"": 61}, ""0.5"": {""matched"": 33, ""n_gt"": 62, ""n_pred"": 61}, ""0.7"": {""matched"": 16, ""n_gt"": 62, ""n_pred"": 61}}",61,0,1,14.783731914000782,True,True
d06-code-editor_dpr1p5_light_V09,d06-code-editor_dpr1p5_light,d06-code-editor,desktop,1.5,light,V09,webp,50,1.0,1920,1200,71132,0.246986,chromium,paddle_v5_mobile,ok,0.8065395095367848,"{""0.3"": {""matched"": 62, ""n_gt"": 62, ""n_pred"": 63}, ""0.5"": {""matched"": 34, ""n_gt"": 62, ""n_pred"": 63}, ""0.7"": {""matched"": 18, ""n_gt"": 62, ""n_pred"": 63}}",63,0,1,14.909212047999972,True,True
d06-code-editor_dpr1p5_light_V10,d06-code-editor_dpr1p5_light,d06-code-editor,desktop,1.5,light,V10,avif,80,1.0,1920,1200,79024,0.274389,chromium,paddle_v5_mobile,ok,0.8946015424164524,"{""0.3"": {""matched"": 60, ""n_gt"": 62, ""n_pred"": 64}, ""0.5"": {""matched"": 35, ""n_gt"": 62, ""n_pred"": 64}, ""0.7"": {""matched"": 18, ""n_gt"": 62, ""n_pred"": 64}}",64,0,1,15.02815823400033,True,True
d06-code-editor_dpr1p5_light_V11,d06-code-editor_dpr1p5_light,d06-code-editor,desktop,1.5,light,V11,avif,60,1.0,1920,1200,53767,0.186691,chromium,paddle_v5_mobile,ok,0.8616187989556136,"{""0.3"": {""matched"": 62, ""n_gt"": 62, ""n_pred"": 64}, ""0.5"": {""matched"": 36, ""n_gt"": 62, ""n_pred"": 64}, ""0.7"": {""matched"": 17, ""n_gt"": 62, ""n_pred"": 64}}",64,0,1,15.112666605999948,True,True
d06-code-editor_dpr1p5_light_V12,d06-code-editor_dpr1p5_light,d06-code-editor,desktop,1.5,light,V12,png,,0.5,960,600,153224,2.128111,chromium,paddle_v5_mobile,ok,0.8277634961439589,"{""0.3"": {""matched"": 37, ""n_gt"": 62, ""n_pred"": 51}, ""0.5"": {""matched"": 27, ""n_gt"": 62, ""n_pred"": 51}, ""0.7"": {""matched"": 11, ""n_gt"": 62, ""n_pred"": 51}}",51,0,1,10.645421931999408,True,True
d06-code-editor_dpr1p5_light_V13,d06-code-editor_dpr1p5_light,d06-code-editor,desktop,1.5,light,V13,jpeg,75,0.5,960,600,52798,0.733306,chromium,paddle_v5_mobile,ok,0.627906976744186,"{""0.3"": {""matched"": 35, ""n_gt"": 62, ""n_pred"": 50}, ""0.5"": {""matched"": 24, ""n_gt"": 62, ""n_pred"": 50}, ""0.7"": {""matched"": 12, ""n_gt"": 62, ""n_pred"": 50}}",50,0,1,10.0408804409999,True,True
d06-code-editor_dpr2_dark_V00,d06-code-editor_dpr2_dark,d06-code-editor,desktop,2,dark,V00,png,,1.0,2560,1600,267340,0.522148,chromium,paddle_v5_mobile,ok,0.8080808080808082,"{""0.3"": {""matched"": 52, ""n_gt"": 62, ""n_pred"": 152}, ""0.5"": {""matched"": 42, ""n_gt"": 62, ""n_pred"": 152}, ""0.7"": {""matched"": 20, ""n_gt"": 62, ""n_pred"": 152}}",152,2,2,23.321730536999894,True,True
d06-code-editor_dpr2_dark_V02,d06-code-editor_dpr2_dark,d06-code-editor,desktop,2,dark,V02,jpeg,95,1.0,2560,1600,454623,0.887936,chromium,paddle_v5_mobile,ok,0.8808290155440415,"{""0.3"": {""matched"": 57, ""n_gt"": 62, ""n_pred"": 57}, ""0.5"": {""matched"": 51, ""n_gt"": 62, ""n_pred"": 57}, ""0.7"": {""matched"": 28, ""n_gt"": 62, ""n_pred"": 57}}",57,1,1,16.637638342999708,True,True
d06-code-editor_dpr2_dark_V03,d06-code-editor_dpr2_dark,d06-code-editor,desktop,2,dark,V03,jpeg,85,1.0,2560,1600,292896,0.572063,chromium,paddle_v5_mobile,ok,0.9072164948453608,"{""0.3"": {""matched"": 55, ""n_gt"": 62, ""n_pred"": 55}, ""0.5"": {""matched"": 50, ""n_gt"": 62, ""n_pred"": 55}, ""0.7"": {""matched"": 24, ""n_gt"": 62, ""n_pred"": 55}}",55,0,1,16.2341020949998,True,True
d06-code-editor_dpr2_dark_V04,d06-code-editor_dpr2_dark,d06-code-editor,desktop,2,dark,V04,jpeg,75,1.0,2560,1600,236073,0.46108,chromium,paddle_v5_mobile,ok,0.8987012987012988,"{""0.3"": {""matched"": 52, ""n_gt"": 62, ""n_pred"": 52}, ""0.5"": {""matched"": 48, ""n_gt"": 62, ""n_pred"": 52}, ""0.7"": {""matched"": 24, ""n_gt"": 62, ""n_pred"": 52}}",52,1,1,16.516960509000455,True,True
d06-code-editor_dpr2_dark_V05,d06-code-editor_dpr2_dark,d06-code-editor,desktop,2,dark,V05,jpeg,60,1.0,2560,1600,195753,0.38233,chromium,paddle_v5_mobile,ok,0.9194805194805195,"{""0.3"": {""matched"": 53, ""n_gt"": 62, ""n_pred"": 53}, ""0.5"": {""matched"": 47, ""n_gt"": 62, ""n_pred"": 53}, ""0.7"": {""matched"": 23, ""n_gt"": 62, ""n_pred"": 53}}",53,0,1,16.441983470000196,True,True
d06-code-editor_dpr2_dark_V06,d06-code-editor_dpr2_dark,d06-code-editor,desktop,2,dark,V06,jpeg,85,1.0,2560,1600,423694,0.827527,chromium,paddle_v5_mobile,ok,0.8883116883116883,"{""0.3"": {""matched"": 55, ""n_gt"": 62, ""n_pred"": 56}, ""0.5"": {""matched"": 49, ""n_gt"": 62, ""n_pred"": 56}, ""0.7"": {""matched"": 36, ""n_gt"": 62, ""n_pred"": 56}}",56,0,1,16.385783276999973,True,True
d06-code-editor_dpr2_dark_V07,d06-code-editor_dpr2_dark,d06-code-editor,desktop,2,dark,V07,webp,90,1.0,2560,1600,186992,0.365219,chromium,paddle_v5_mobile,ok,0.8883116883116883,"{""0.3"": {""matched"": 56, ""n_gt"": 62, ""n_pred"": 57}, ""0.5"": {""matched"": 53, ""n_gt"": 62, ""n_pred"": 57}, ""0.7"": {""matched"": 37, ""n_gt"": 62, ""n_pred"": 57}}",57,0,1,16.484105155999714,True,True
d06-code-editor_dpr2_dark_V08,d06-code-editor_dpr2_dark,d06-code-editor,desktop,2,dark,V08,webp,75,1.0,2560,1600,120144,0.234656,chromium,paddle_v5_mobile,ok,0.8586387434554974,"{""0.3"": {""matched"": 55, ""n_gt"": 62, ""n_pred"": 56}, ""0.5"": {""matched"": 51, ""n_gt"": 62, ""n_pred"": 56}, ""0.7"": {""matched"": 33, ""n_gt"": 62, ""n_pred"": 56}}",56,0,1,16.019101467000837,True,True
d06-code-editor_dpr2_dark_V09,d06-code-editor_dpr2_dark,d06-code-editor,desktop,2,dark,V09,webp,50,1.0,2560,1600,98196,0.191789,chromium,paddle_v5_mobile,ok,0.8831168831168831,"{""0.3"": {""matched"": 53, ""n_gt"": 62, ""n_pred"": 55}, ""0.5"": {""matched"": 50, ""n_gt"": 62, ""n_pred"": 55}, ""0.7"": {""matched"": 32, ""n_gt"": 62, ""n_pred"": 55}}",55,1,1,15.704674421000163,True,True
d06-code-editor_dpr2_dark_V10,d06-code-editor_dpr2_dark,d06-code-editor,desktop,2,dark,V10,avif,80,1.0,2560,1600,169442,0.330941,chromium,paddle_v5_mobile,ok,0.8802083333333334,"{""0.3"": {""matched"": 57, ""n_gt"": 62, ""n_pred"": 58}, ""0.5"": {""matched"": 54, ""n_gt"": 62, ""n_pred"": 58}, ""0.7"": {""matched"": 37, ""n_gt"": 62, ""n_pred"": 58}}",58,0,1,17.666465277000498,True,True
d06-code-editor_dpr2_dark_V11,d06-code-editor_dpr2_dark,d06-code-editor,desktop,2,dark,V11,avif,60,1.0,2560,1600,110428,0.21568,chromium,paddle_v5_mobile,ok,0.8727272727272728,"{""0.3"": {""matched"": 54, ""n_gt"": 62, ""n_pred"": 55}, ""0.5"": {""matched"": 51, ""n_gt"": 62, ""n_pred"": 55}, ""0.7"": {""matched"": 34, ""n_gt"": 62, ""n_pred"": 55}}",55,0,1,16.704125338000267,True,True
d06-code-editor_dpr2_dark_V12,d06-code-editor_dpr2_dark,d06-code-editor,desktop,2,dark,V12,png,,0.5,1280,800,219115,1.711836,chromium,paddle_v5_mobile,ok,0.8541666666666666,"{""0.3"": {""matched"": 61, ""n_gt"": 62, ""n_pred"": 92}, ""0.5"": {""matched"": 32, ""n_gt"": 62, ""n_pred"": 92}, ""0.7"": {""matched"": 14, ""n_gt"": 62, ""n_pred"": 92}}",92,1,1,14.914762164000422,True,True
d06-code-editor_dpr2_dark_V13,d06-code-editor_dpr2_dark,d06-code-editor,desktop,2,dark,V13,jpeg,75,0.5,1280,800,84964,0.663781,chromium,paddle_v5_mobile,ok,0.751412429378531,"{""0.3"": {""matched"": 54, ""n_gt"": 62, ""n_pred"": 58}, ""0.5"": {""matched"": 39, ""n_gt"": 62, ""n_pred"": 58}, ""0.7"": {""matched"": 25, ""n_gt"": 62, ""n_pred"": 58}}",58,0,1,11.968691838999803,True,True
d06-code-editor_dpr2_light_V00,d06-code-editor_dpr2_light,d06-code-editor,desktop,2,light,V00,png,,1.0,2560,1600,266402,0.520316,chromium,paddle_v5_mobile,ok,0.8534704370179949,"{""0.3"": {""matched"": 61, ""n_gt"": 62, ""n_pred"": 65}, ""0.5"": {""matched"": 50, ""n_gt"": 62, ""n_pred"": 65}, ""0.7"": {""matched"": 29, ""n_gt"": 62, ""n_pred"": 65}}",65,0,1,17.56880045300022,True,True
d06-code-editor_dpr2_light_V02,d06-code-editor_dpr2_light,d06-code-editor,desktop,2,light,V02,jpeg,95,1.0,2560,1600,458672,0.895844,chromium,paddle_v5_mobile,ok,0.8675324675324674,"{""0.3"": {""matched"": 60, ""n_gt"": 62, ""n_pred"": 61}, ""0.5"": {""matched"": 45, ""n_gt"": 62, ""n_pred"": 61}, ""0.7"": {""matched"": 24, ""n_gt"": 62, ""n_pred"": 61}}",61,0,1,16.575361567999607,True,True
d06-code-editor_dpr2_light_V03,d06-code-editor_dpr2_light,d06-code-editor,desktop,2,light,V03,jpeg,85,1.0,2560,1600,295735,0.577607,chromium,paddle_v5_mobile,ok,0.8368421052631579,"{""0.3"": {""matched"": 57, ""n_gt"": 62, ""n_pred"": 58}, ""0.5"": {""matched"": 41, ""n_gt"": 62, ""n_pred"": 58}, ""0.7"": {""matched"": 20, ""n_gt"": 62, ""n_pred"": 58}}",58,0,1,16.299842414000523,True,True
d06-code-editor_dpr2_light_V04,d06-code-editor_dpr2_light,d06-code-editor,desktop,2,light,V04,jpeg,75,1.0,2560,1600,237552,0.463969,chromium,paddle_v5_mobile,ok,0.8451443569553806,"{""0.3"": {""matched"": 57, ""n_gt"": 62, ""n_pred"": 59}, ""0.5"": {""matched"": 43, ""n_gt"": 62, ""n_pred"": 59}, ""0.7"": {""matched"": 23, ""n_gt"": 62, ""n_pred"": 59}}",59,0,1,16.773822158999792,True,True
d06-code-editor_dpr2_light_V05,d06-code-editor_dpr2_light,d06-code-editor,desktop,2,light,V05,jpeg,60,1.0,2560,1600,197444,0.385633,chromium,paddle_v5_mobile,ok,0.8412698412698412,"{""0.3"": {""matched"": 56, ""n_gt"": 62, ""n_pred"": 59}, ""0.5"": {""matched"": 40, ""n_gt"": 62, ""n_pred"": 59}, ""0.7"": {""matched"": 22, ""n_gt"": 62, ""n_pred"": 59}}",59,0,1,16.560531744999935,True,True
d06-code-editor_dpr2_light_V06,d06-code-editor_dpr2_light,d06-code-editor,desktop,2,light,V06,jpeg,85,1.0,2560,1600,429903,0.839654,chromium,paddle_v5_mobile,ok,0.8749999999999999,"{""0.3"": {""matched"": 57, ""n_gt"": 62, ""n_pred"": 59}, ""0.5"": {""matched"": 48, ""n_gt"": 62, ""n_pred"": 59}, ""0.7"": {""matched"": 30, ""n_gt"": 62, ""n_pred"": 59}}",59,0,1,17.09134420800001,True,True
d06-code-editor_dpr2_light_V07,d06-code-editor_dpr2_light,d06-code-editor,desktop,2,light,V07,webp,90,1.0,2560,1600,188544,0.36825,chromium,paddle_v5_mobile,ok,0.8733850129198966,"{""0.3"": {""matched"": 61, ""n_gt"": 62, ""n_pred"": 61}, ""0.5"": {""matched"": 42, ""n_gt"": 62, ""n_pred"": 61}, ""0.7"": {""matched"": 23, ""n_gt"": 62, ""n_pred"": 61}}",61,1,1,16.675745251999615,True,True
d06-code-editor_dpr2_light_V08,d06-code-editor_dpr2_light,d06-code-editor,desktop,2,light,V08,webp,75,1.0,2560,1600,121978,0.238238,chromium,paddle_v5_mobile,ok,0.8201058201058201,"{""0.3"": {""matched"": 59, ""n_gt"": 62, ""n_pred"": 60}, ""0.5"": {""matched"": 39, ""n_gt"": 62, ""n_pred"": 60}, ""0.7"": {""matched"": 20, ""n_gt"": 62, ""n_pred"": 60}}",60,1,1,16.920300975999453,True,True
d06-code-editor_dpr2_light_V09,d06-code-editor_dpr2_light,d06-code-editor,desktop,2,light,V09,webp,50,1.0,2560,1600,99612,0.194555,chromium,paddle_v5_mobile,ok,0.8429319371727748,"{""0.3"": {""matched"": 59, ""n_gt"": 62, ""n_pred"": 60}, ""0.5"": {""matched"": 42, ""n_gt"": 62, ""n_pred"": 60}, ""0.7"": {""matched"": 26, ""n_gt"": 62, ""n_pred"": 60}}",60,0,1,16.31030242900033,True,True
d06-code-editor_dpr2_light_V10,d06-code-editor_dpr2_light,d06-code-editor,desktop,2,light,V10,avif,80,1.0,2560,1600,167988,0.328102,chromium,paddle_v5_mobile,ok,0.8865979381443299,"{""0.3"": {""matched"": 61, ""n_gt"": 62, ""n_pred"": 62}, ""0.5"": {""matched"": 44, ""n_gt"": 62, ""n_pred"": 62}, ""0.7"": {""matched"": 24, ""n_gt"": 62, ""n_pred"": 62}}",62,1,1,17.04247440400013,True,True
d06-code-editor_dpr2_light_V11,d06-code-editor_dpr2_light,d06-code-editor,desktop,2,light,V11,avif,60,1.0,2560,1600,110442,0.215707,chromium,paddle_v5_mobile,ok,0.8645833333333334,"{""0.3"": {""matched"": 61, ""n_gt"": 62, ""n_pred"": 62}, ""0.5"": {""matched"": 44, ""n_gt"": 62, ""n_pred"": 62}, ""0.7"": {""matched"": 26, ""n_gt"": 62, ""n_pred"": 62}}",62,0,1,16.472253469999487,True,True
d06-code-editor_dpr2_light_V12,d06-code-editor_dpr2_light,d06-code-editor,desktop,2,light,V12,png,,0.5,1280,800,199725,1.560352,chromium,paddle_v5_mobile,ok,0.831578947368421,"{""0.3"": {""matched"": 42, ""n_gt"": 62, ""n_pred"": 54}, ""0.5"": {""matched"": 34, ""n_gt"": 62, ""n_pred"": 54}, ""0.7"": {""matched"": 15, ""n_gt"": 62, ""n_pred"": 54}}",54,0,1,11.126384928000334,True,True
d06-code-editor_dpr2_light_V13,d06-code-editor_dpr2_light,d06-code-editor,desktop,2,light,V13,jpeg,75,0.5,1280,800,84773,0.662289,chromium,paddle_v5_mobile,ok,0.72,"{""0.3"": {""matched"": 44, ""n_gt"": 62, ""n_pred"": 54}, ""0.5"": {""matched"": 31, ""n_gt"": 62, ""n_pred"": 54}, ""0.7"": {""matched"": 12, ""n_gt"": 62, ""n_pred"": 54}}",54,0,1,11.386324595000588,True,True
m01-settings_dpr1_dark_V00,m01-settings_dpr1_dark,m01-settings,mobile,1,dark,V00,png,,1.0,390,844,44933,1.092065,chromium,paddle_v5_mobile,ok,0.9714285714285714,"{""0.3"": {""matched"": 27, ""n_gt"": 27, ""n_pred"": 30}, ""0.5"": {""matched"": 20, ""n_gt"": 27, ""n_pred"": 30}, ""0.7"": {""matched"": 5, ""n_gt"": 27, ""n_pred"": 30}}",30,0,0,4.758816675000162,True,True
m01-settings_dpr1_dark_V02,m01-settings_dpr1_dark,m01-settings,mobile,1,dark,V02,jpeg,95,1.0,390,844,59902,1.455876,chromium,paddle_v5_mobile,ok,0.9615384615384616,"{""0.3"": {""matched"": 27, ""n_gt"": 27, ""n_pred"": 28}, ""0.5"": {""matched"": 18, ""n_gt"": 27, ""n_pred"": 28}, ""0.7"": {""matched"": 3, ""n_gt"": 27, ""n_pred"": 28}}",28,0,0,3.703878655999688,True,True
m01-settings_dpr1_dark_V03,m01-settings_dpr1_dark,m01-settings,mobile,1,dark,V03,jpeg,85,1.0,390,844,38077,0.925434,chromium,paddle_v5_mobile,ok,0.9423076923076923,"{""0.3"": {""matched"": 27, ""n_gt"": 27, ""n_pred"": 28}, ""0.5"": {""matched"": 16, ""n_gt"": 27, ""n_pred"": 28}, ""0.7"": {""matched"": 4, ""n_gt"": 27, ""n_pred"": 28}}",28,0,0,3.7891639449999275,True,True
m01-settings_dpr1_dark_V04,m01-settings_dpr1_dark,m01-settings,mobile,1,dark,V04,jpeg,75,1.0,390,844,30455,0.740187,chromium,paddle_v5_mobile,ok,0.8823529411764706,"{""0.3"": {""matched"": 27, ""n_gt"": 27, ""n_pred"": 28}, ""0.5"": {""matched"": 14, ""n_gt"": 27, ""n_pred"": 28}, ""0.7"": {""matched"": 1, ""n_gt"": 27, ""n_pred"": 28}}",28,0,0,3.6832705520000673,True,True
m01-settings_dpr1_dark_V05,m01-settings_dpr1_dark,m01-settings,mobile,1,dark,V05,jpeg,60,1.0,390,844,24257,0.589549,chromium,paddle_v5_mobile,ok,0.8737864077669903,"{""0.3"": {""matched"": 27, ""n_gt"": 27, ""n_pred"": 29}, ""0.5"": {""matched"": 13, ""n_gt"": 27, ""n_pred"": 29}, ""0.7"": {""matched"": 2, ""n_gt"": 27, ""n_pred"": 29}}",29,0,0,3.9197333680003794,True,True
m01-settings_dpr1_dark_V06,m01-settings_dpr1_dark,m01-settings,mobile,1,dark,V06,jpeg,85,1.0,390,844,51350,1.248025,chromium,paddle_v5_mobile,ok,0.9333333333333333,"{""0.3"": {""matched"": 27, ""n_gt"": 27, ""n_pred"": 30}, ""0.5"": {""matched"": 18, ""n_gt"": 27, ""n_pred"": 30}, ""0.7"": {""matched"": 3, ""n_gt"": 27, ""n_pred"": 30}}",30,0,0,4.319316212000558,True,True
m01-settings_dpr1_dark_V07,m01-settings_dpr1_dark,m01-settings,mobile,1,dark,V07,webp,90,1.0,390,844,24582,0.597448,chromium,paddle_v5_mobile,ok,0.9523809523809523,"{""0.3"": {""matched"": 27, ""n_gt"": 27, ""n_pred"": 29}, ""0.5"": {""matched"": 17, ""n_gt"": 27, ""n_pred"": 29}, ""0.7"": {""matched"": 2, ""n_gt"": 27, ""n_pred"": 29}}",29,0,0,4.0799423690004915,True,True
m01-settings_dpr1_dark_V08,m01-settings_dpr1_dark,m01-settings,mobile,1,dark,V08,webp,75,1.0,390,844,15544,0.377786,chromium,paddle_v5_mobile,ok,0.9215686274509803,"{""0.3"": {""matched"": 27, ""n_gt"": 27, ""n_pred"": 28}, ""0.5"": {""matched"": 16, ""n_gt"": 27, ""n_pred"": 28}, ""0.7"": {""matched"": 2, ""n_gt"": 27, ""n_pred"": 28}}",28,0,0,3.8150805799996306,True,True
m01-settings_dpr1_dark_V09,m01-settings_dpr1_dark,m01-settings,mobile,1,dark,V09,webp,50,1.0,390,844,12634,0.30706,chromium,paddle_v5_mobile,ok,0.9038461538461539,"{""0.3"": {""matched"": 27, ""n_gt"": 27, ""n_pred"": 29}, ""0.5"": {""matched"": 15, ""n_gt"": 27, ""n_pred"": 29}, ""0.7"": {""matched"": 2, ""n_gt"": 27, ""n_pred"": 29}}",29,0,0,3.881365102000018,True,True
m01-settings_dpr1_dark_V10,m01-settings_dpr1_dark,m01-settings,mobile,1,dark,V10,avif,80,1.0,390,844,19919,0.484117,chromium,paddle_v5_mobile,ok,0.9714285714285714,"{""0.3"": {""matched"": 27, ""n_gt"": 27, ""n_pred"": 29}, ""0.5"": {""matched"": 14, ""n_gt"": 27, ""n_pred"": 29}, ""0.7"": {""matched"": 2, ""n_gt"": 27, ""n_pred"": 29}}",29,0,0,4.0797880909995,True,True
m01-settings_dpr1_dark_V11,m01-settings_dpr1_dark,m01-settings,mobile,1,dark,V11,avif,60,1.0,390,844,14086,0.34235,chromium,paddle_v5_mobile,ok,0.9714285714285714,"{""0.3"": {""matched"": 27, ""n_gt"": 27, ""n_pred"": 29}, ""0.5"": {""matched"": 16, ""n_gt"": 27, ""n_pred"": 29}, ""0.7"": {""matched"": 2, ""n_gt"": 27, ""n_pred"": 29}}",29,0,0,3.9993012559998533,True,True
m01-settings_dpr1_dark_V12,m01-settings_dpr1_dark,m01-settings,mobile,1,dark,V12,png,,0.5,195,422,32889,3.197375,chromium,paddle_v5_mobile,ok,0.6304347826086957,"{""0.3"": {""matched"": 24, ""n_gt"": 27, ""n_pred"": 28}, ""0.5"": {""matched"": 19, ""n_gt"": 27, ""n_pred"": 28}, ""0.7"": {""matched"": 9, ""n_gt"": 27, ""n_pred"": 28}}",28,0,0,2.9459253459999672,True,True
m01-settings_dpr1_dark_V13,m01-settings_dpr1_dark,m01-settings,mobile,1,dark,V13,jpeg,75,0.5,195,422,10771,1.047126,chromium,paddle_v5_mobile,ok,0.5999999999999999,"{""0.3"": {""matched"": 20, ""n_gt"": 27, ""n_pred"": 24}, ""0.5"": {""matched"": 16, ""n_gt"": 27, ""n_pred"": 24}, ""0.7"": {""matched"": 6, ""n_gt"": 27, ""n_pred"": 24}}",24,0,0,2.6333200740000393,True,True
m01-settings_dpr1_light_V00,m01-settings_dpr1_light,m01-settings,mobile,1,light,V00,png,,1.0,390,844,45204,1.098651,chromium,paddle_v5_mobile,ok,0.9142857142857143,"{""0.3"": {""matched"": 27, ""n_gt"": 27, ""n_pred"": 29}, ""0.5"": {""matched"": 10, ""n_gt"": 27, ""n_pred"": 29}, ""0.7"": {""matched"": 1, ""n_gt"": 27, ""n_pred"": 29}}",29,0,0,4.29991573299958,True,True
m01-settings_dpr1_light_V02,m01-settings_dpr1_light,m01-settings,mobile,1,light,V02,jpeg,95,1.0,390,844,60261,1.464601,chromium,paddle_v5_mobile,ok,0.8431372549019607,"{""0.3"": {""matched"": 25, ""n_gt"": 27, ""n_pred"": 29}, ""0.5"": {""matched"": 4, ""n_gt"": 27, ""n_pred"": 29}, ""0.7"": {""matched"": 0, ""n_gt"": 27, ""n_pred"": 29}}",29,0,0,3.646371296000325,True,True
m01-settings_dpr1_light_V03,m01-settings_dpr1_light,m01-settings,mobile,1,light,V03,jpeg,85,1.0,390,844,37989,0.923296,chromium,paddle_v5_mobile,ok,0.8431372549019607,"{""0.3"": {""matched"": 24, ""n_gt"": 27, ""n_pred"": 29}, ""0.5"": {""matched"": 8, ""n_gt"": 27, ""n_pred"": 29}, ""0.7"": {""matched"": 0, ""n_gt"": 27, ""n_pred"": 29}}",29,0,0,3.8654085479993228,True,True
m01-settings_dpr1_light_V04,m01-settings_dpr1_light,m01-settings,mobile,1,light,V04,jpeg,75,1.0,390,844,30013,0.729445,chromium,paddle_v5_mobile,ok,0.7216494845360826,"{""0.3"": {""matched"": 23, ""n_gt"": 27, ""n_pred"": 29}, ""0.5"": {""matched"": 6, ""n_gt"": 27, ""n_pred"": 29}, ""0.7"": {""matched"": 0, ""n_gt"": 27, ""n_pred"": 29}}",29,0,0,3.701310731999911,True,True
m01-settings_dpr1_light_V05,m01-settings_dpr1_light,m01-settings,mobile,1,light,V05,jpeg,60,1.0,390,844,24658,0.599295,chromium,paddle_v5_mobile,ok,0.787878787878788,"{""0.3"": {""matched"": 23, ""n_gt"": 27, ""n_pred"": 29}, ""0.5"": {""matched"": 6, ""n_gt"": 27, ""n_pred"": 29}, ""0.7"": {""matched"": 0, ""n_gt"": 27, ""n_pred"": 29}}",29,0,0,3.8868506910002907,True,True
m01-settings_dpr1_light_V06,m01-settings_dpr1_light,m01-settings,mobile,1,light,V06,jpeg,85,1.0,390,844,51944,1.262462,chromium,paddle_v5_mobile,ok,0.76,"{""0.3"": {""matched"": 26, ""n_gt"": 27, ""n_pred"": 29}, ""0.5"": {""matched"": 6, ""n_gt"": 27, ""n_pred"": 29}, ""0.7"": {""matched"": 0, ""n_gt"": 27, ""n_pred"": 29}}",29,0,0,3.6941179199993712,True,True
m01-settings_dpr1_light_V07,m01-settings_dpr1_light,m01-settings,mobile,1,light,V07,webp,90,1.0,390,844,24980,0.607121,chromium,paddle_v5_mobile,ok,0.8627450980392157,"{""0.3"": {""matched"": 26, ""n_gt"": 27, ""n_pred"": 29}, ""0.5"": {""matched"": 9, ""n_gt"": 27, ""n_pred"": 29}, ""0.7"": {""matched"": 0, ""n_gt"": 27, ""n_pred"": 29}}",29,0,0,3.8892231459994946,True,True
m01-settings_dpr1_light_V08,m01-settings_dpr1_light,m01-settings,mobile,1,light,V08,webp,75,1.0,390,844,15988,0.388577,chromium,paddle_v5_mobile,ok,0.8932038834951457,"{""0.3"": {""matched"": 26, ""n_gt"": 27, ""n_pred"": 29}, ""0.5"": {""matched"": 9, ""n_gt"": 27, ""n_pred"": 29}, ""0.7"": {""matched"": 0, ""n_gt"": 27, ""n_pred"": 29}}",29,0,0,3.885298510999746,True,True
m01-settings_dpr1_light_V09,m01-settings_dpr1_light,m01-settings,mobile,1,light,V09,webp,50,1.0,390,844,13048,0.317122,chromium,paddle_v5_mobile,ok,0.7799999999999999,"{""0.3"": {""matched"": 24, ""n_gt"": 27, ""n_pred"": 29}, ""0.5"": {""matched"": 7, ""n_gt"": 27, ""n_pred"": 29}, ""0.7"": {""matched"": 0, ""n_gt"": 27, ""n_pred"": 29}}",29,0,0,3.6844192530006694,True,True
m01-settings_dpr1_light_V10,m01-settings_dpr1_light,m01-settings,mobile,1,light,V10,avif,80,1.0,390,844,20031,0.486839,chromium,paddle_v5_mobile,ok,0.8846153846153846,"{""0.3"": {""matched"": 25, ""n_gt"": 27, ""n_pred"": 29}, ""0.5"": {""matched"": 9, ""n_gt"": 27, ""n_pred"": 29}, ""0.7"": {""matched"": 0, ""n_gt"": 27, ""n_pred"": 29}}",29,0,0,3.924949684999774,True,True
m01-settings_dpr1_light_V11,m01-settings_dpr1_light,m01-settings,mobile,1,light,V11,avif,60,1.0,390,844,14265,0.346701,chromium,paddle_v5_mobile,ok,0.8932038834951457,"{""0.3"": {""matched"": 25, ""n_gt"": 27, ""n_pred"": 28}, ""0.5"": {""matched"": 9, ""n_gt"": 27, ""n_pred"": 28}, ""0.7"": {""matched"": 0, ""n_gt"": 27, ""n_pred"": 28}}",28,0,0,3.547070074999283,True,True
m01-settings_dpr1_light_V12,m01-settings_dpr1_light,m01-settings,mobile,1,light,V12,png,,0.5,195,422,31346,3.047369,chromium,paddle_v5_mobile,ok,0.7021276595744682,"{""0.3"": {""matched"": 16, ""n_gt"": 27, ""n_pred"": 25}, ""0.5"": {""matched"": 1, ""n_gt"": 27, ""n_pred"": 25}, ""0.7"": {""matched"": 0, ""n_gt"": 27, ""n_pred"": 25}}",25,0,0,2.6867994630001704,True,True
m01-settings_dpr1_light_V13,m01-settings_dpr1_light,m01-settings,mobile,1,light,V13,jpeg,75,0.5,195,422,10318,1.003087,chromium,paddle_v5_mobile,ok,0.651685393258427,"{""0.3"": {""matched"": 13, ""n_gt"": 27, ""n_pred"": 24}, ""0.5"": {""matched"": 1, ""n_gt"": 27, ""n_pred"": 24}, ""0.7"": {""matched"": 0, ""n_gt"": 27, ""n_pred"": 24}}",24,0,0,2.583171623999988,True,True
m01-settings_dpr2_dark_V00,m01-settings_dpr2_dark,m01-settings,mobile,2,dark,V00,png,,1.0,780,1688,101728,0.618107,chromium,paddle_v5_mobile,ok,0.9902912621359222,"{""0.3"": {""matched"": 27, ""n_gt"": 27, ""n_pred"": 28}, ""0.5"": {""matched"": 26, ""n_gt"": 27, ""n_pred"": 28}, ""0.7"": {""matched"": 12, ""n_gt"": 27, ""n_pred"": 28}}",28,0,0,5.296706062000339,True,True
m01-settings_dpr2_dark_V02,m01-settings_dpr2_dark,m01-settings,mobile,2,dark,V02,jpeg,95,1.0,780,1688,148333,0.901282,chromium,paddle_v5_mobile,ok,0.9803921568627451,"{""0.3"": {""matched"": 27, ""n_gt"": 27, ""n_pred"": 27}, ""0.5"": {""matched"": 20, ""n_gt"": 27, ""n_pred"": 27}, ""0.7"": {""matched"": 4, ""n_gt"": 27, ""n_pred"": 27}}",27,0,0,4.615377621999869,True,True
m01-settings_dpr2_dark_V03,m01-settings_dpr2_dark,m01-settings,mobile,2,dark,V03,jpeg,85,1.0,780,1688,96051,0.583613,chromium,paddle_v5_mobile,ok,0.970873786407767,"{""0.3"": {""matched"": 27, ""n_gt"": 27, ""n_pred"": 27}, ""0.5"": {""matched"": 19, ""n_gt"": 27, ""n_pred"": 27}, ""0.7"": {""matched"": 5, ""n_gt"": 27, ""n_pred"": 27}}",27,0,0,4.779961252999783,True,True
m01-settings_dpr2_dark_V04,m01-settings_dpr2_dark,m01-settings,mobile,2,dark,V04,jpeg,75,1.0,780,1688,77659,0.471862,chromium,paddle_v5_mobile,ok,0.9306930693069307,"{""0.3"": {""matched"": 27, ""n_gt"": 27, ""n_pred"": 27}, ""0.5"": {""matched"": 18, ""n_gt"": 27, ""n_pred"": 27}, ""0.7"": {""matched"": 3, ""n_gt"": 27, ""n_pred"": 27}}",27,0,0,4.551965823999126,True,True
m01-settings_dpr2_dark_V05,m01-settings_dpr2_dark,m01-settings,mobile,2,dark,V05,jpeg,60,1.0,780,1688,64195,0.390053,chromium,paddle_v5_mobile,ok,0.9306930693069307,"{""0.3"": {""matched"": 27, ""n_gt"": 27, ""n_pred"": 27}, ""0.5"": {""matched"": 18, ""n_gt"": 27, ""n_pred"": 27}, ""0.7"": {""matched"": 4, ""n_gt"": 27, ""n_pred"": 27}}",27,0,0,4.57096529699993,True,True
m01-settings_dpr2_dark_V06,m01-settings_dpr2_dark,m01-settings,mobile,2,dark,V06,jpeg,85,1.0,780,1688,131225,0.797333,chromium,paddle_v5_mobile,ok,0.9306930693069307,"{""0.3"": {""matched"": 27, ""n_gt"": 27, ""n_pred"": 28}, ""0.5"": {""matched"": 22, ""n_gt"": 27, ""n_pred"": 28}, ""0.7"": {""matched"": 4, ""n_gt"": 27, ""n_pred"": 28}}",28,0,0,4.793072591000055,True,True
m01-settings_dpr2_dark_V07,m01-settings_dpr2_dark,m01-settings,mobile,2,dark,V07,webp,90,1.0,780,1688,56082,0.340758,chromium,paddle_v5_mobile,ok,1.0,"{""0.3"": {""matched"": 27, ""n_gt"": 27, ""n_pred"": 27}, ""0.5"": {""matched"": 22, ""n_gt"": 27, ""n_pred"": 27}, ""0.7"": {""matched"": 6, ""n_gt"": 27, ""n_pred"": 27}}",27,0,0,4.6466033319993585,True,True
m01-settings_dpr2_dark_V08,m01-settings_dpr2_dark,m01-settings,mobile,2,dark,V08,webp,75,1.0,780,1688,35134,0.213477,chromium,paddle_v5_mobile,ok,0.9400000000000001,"{""0.3"": {""matched"": 27, ""n_gt"": 27, ""n_pred"": 27}, ""0.5"": {""matched"": 21, ""n_gt"": 27, ""n_pred"": 27}, ""0.7"": {""matched"": 6, ""n_gt"": 27, ""n_pred"": 27}}",27,0,0,4.507109643000149,True,True
m01-settings_dpr2_dark_V09,m01-settings_dpr2_dark,m01-settings,mobile,2,dark,V09,webp,50,1.0,780,1688,28356,0.172293,chromium,paddle_v5_mobile,ok,0.9504950495049505,"{""0.3"": {""matched"": 27, ""n_gt"": 27, ""n_pred"": 27}, ""0.5"": {""matched"": 20, ""n_gt"": 27, ""n_pred"": 27}, ""0.7"": {""matched"": 5, ""n_gt"": 27, ""n_pred"": 27}}",27,0,0,4.640178915999968,True,True
m01-settings_dpr2_dark_V10,m01-settings_dpr2_dark,m01-settings,mobile,2,dark,V10,avif,80,1.0,780,1688,38797,0.235733,chromium,paddle_v5_mobile,ok,1.0,"{""0.3"": {""matched"": 27, ""n_gt"": 27, ""n_pred"": 27}, ""0.5"": {""matched"": 22, ""n_gt"": 27, ""n_pred"": 27}, ""0.7"": {""matched"": 5, ""n_gt"": 27, ""n_pred"": 27}}",27,0,0,4.621293813000193,True,True
m01-settings_dpr2_dark_V11,m01-settings_dpr2_dark,m01-settings,mobile,2,dark,V11,avif,60,1.0,780,1688,27309,0.165931,chromium,paddle_v5_mobile,ok,1.0,"{""0.3"": {""matched"": 27, ""n_gt"": 27, ""n_pred"": 27}, ""0.5"": {""matched"": 21, ""n_gt"": 27, ""n_pred"": 27}, ""0.7"": {""matched"": 7, ""n_gt"": 27, ""n_pred"": 27}}",27,0,0,4.656183744000373,True,True
m01-settings_dpr2_dark_V12,m01-settings_dpr2_dark,m01-settings,mobile,2,dark,V12,png,,0.5,390,844,77665,1.887593,chromium,paddle_v5_mobile,ok,0.9714285714285714,"{""0.3"": {""matched"": 27, ""n_gt"": 27, ""n_pred"": 29}, ""0.5"": {""matched"": 21, ""n_gt"": 27, ""n_pred"": 29}, ""0.7"": {""matched"": 4, ""n_gt"": 27, ""n_pred"": 29}}",29,0,0,4.272561769999811,True,True
m01-settings_dpr2_dark_V13,m01-settings_dpr2_dark,m01-settings,mobile,2,dark,V13,jpeg,75,0.5,390,844,29494,0.716831,chromium,paddle_v5_mobile,ok,0.9126213592233009,"{""0.3"": {""matched"": 27, ""n_gt"": 27, ""n_pred"": 28}, ""0.5"": {""matched"": 12, ""n_gt"": 27, ""n_pred"": 28}, ""0.7"": {""matched"": 2, ""n_gt"": 27, ""n_pred"": 28}}",28,0,0,3.6842275400003928,True,True
m01-settings_dpr2_light_V00,m01-settings_dpr2_light,m01-settings,mobile,2,light,V00,png,,1.0,780,1688,103144,0.62671,chromium,paddle_v5_mobile,ok,0.9615384615384616,"{""0.3"": {""matched"": 27, ""n_gt"": 27, ""n_pred"": 29}, ""0.5"": {""matched"": 17, ""n_gt"": 27, ""n_pred"": 29}, ""0.7"": {""matched"": 2, ""n_gt"": 27, ""n_pred"": 29}}",29,1,0,5.484047519999876,True,True
m01-settings_dpr2_light_V02,m01-settings_dpr2_light,m01-settings,mobile,2,light,V02,jpeg,95,1.0,780,1688,150575,0.914905,chromium,paddle_v5_mobile,ok,0.9433962264150944,"{""0.3"": {""matched"": 25, ""n_gt"": 27, ""n_pred"": 30}, ""0.5"": {""matched"": 14, ""n_gt"": 27, ""n_pred"": 30}, ""0.7"": {""matched"": 0, ""n_gt"": 27, ""n_pred"": 30}}",30,0,0,5.182807164000224,True,True
m01-settings_dpr2_light_V03,m01-settings_dpr2_light,m01-settings,mobile,2,light,V03,jpeg,85,1.0,780,1688,97641,0.593274,chromium,paddle_v5_mobile,ok,0.8349514563106797,"{""0.3"": {""matched"": 25, ""n_gt"": 27, ""n_pred"": 30}, ""0.5"": {""matched"": 14, ""n_gt"": 27, ""n_pred"": 30}, ""0.7"": {""matched"": 0, ""n_gt"": 27, ""n_pred"": 30}}",30,0,0,5.159271665999768,True,True
m01-settings_dpr2_light_V04,m01-settings_dpr2_light,m01-settings,mobile,2,light,V04,jpeg,75,1.0,780,1688,77675,0.471959,chromium,paddle_v5_mobile,ok,0.8431372549019607,"{""0.3"": {""matched"": 26, ""n_gt"": 27, ""n_pred"": 30}, ""0.5"": {""matched"": 14, ""n_gt"": 27, ""n_pred"": 30}, ""0.7"": {""matched"": 0, ""n_gt"": 27, ""n_pred"": 30}}",30,0,0,5.19125352500032,True,True
m01-settings_dpr2_light_V05,m01-settings_dpr2_light,m01-settings,mobile,2,light,V05,jpeg,60,1.0,780,1688,64649,0.392812,chromium,paddle_v5_mobile,ok,0.8039215686274509,"{""0.3"": {""matched"": 27, ""n_gt"": 27, ""n_pred"": 30}, ""0.5"": {""matched"": 15, ""n_gt"": 27, ""n_pred"": 30}, ""0.7"": {""matched"": 1, ""n_gt"": 27, ""n_pred"": 30}}",30,0,0,5.21317954999995,True,True
m01-settings_dpr2_light_V06,m01-settings_dpr2_light,m01-settings,mobile,2,light,V06,jpeg,85,1.0,780,1688,133980,0.814072,chromium,paddle_v5_mobile,ok,0.9019607843137255,"{""0.3"": {""matched"": 27, ""n_gt"": 27, ""n_pred"": 29}, ""0.5"": {""matched"": 14, ""n_gt"": 27, ""n_pred"": 29}, ""0.7"": {""matched"": 0, ""n_gt"": 27, ""n_pred"": 29}}",29,0,0,4.955948234999596,True,True
m01-settings_dpr2_light_V07,m01-settings_dpr2_light,m01-settings,mobile,2,light,V07,webp,90,1.0,780,1688,57856,0.351537,chromium,paddle_v5_mobile,ok,0.9433962264150944,"{""0.3"": {""matched"": 27, ""n_gt"": 27, ""n_pred"": 30}, ""0.5"": {""matched"": 14, ""n_gt"": 27, ""n_pred"": 30}, ""0.7"": {""matched"": 0, ""n_gt"": 27, ""n_pred"": 30}}",30,0,0,5.106402206999519,True,True
m01-settings_dpr2_light_V08,m01-settings_dpr2_light,m01-settings,mobile,2,light,V08,webp,75,1.0,780,1688,36216,0.220051,chromium,paddle_v5_mobile,ok,0.8846153846153846,"{""0.3"": {""matched"": 26, ""n_gt"": 27, ""n_pred"": 30}, ""0.5"": {""matched"": 14, ""n_gt"": 27, ""n_pred"": 30}, ""0.7"": {""matched"": 0, ""n_gt"": 27, ""n_pred"": 30}}",30,0,0,5.176119796999956,True,True
m01-settings_dpr2_light_V09,m01-settings_dpr2_light,m01-settings,mobile,2,light,V09,webp,50,1.0,780,1688,29596,0.179827,chromium,paddle_v5_mobile,ok,0.8200000000000001,"{""0.3"": {""matched"": 26, ""n_gt"": 27, ""n_pred"": 30}, ""0.5"": {""matched"": 14, ""n_gt"": 27, ""n_pred"": 30}, ""0.7"": {""matched"": 1, ""n_gt"": 27, ""n_pred"": 30}}",30,0,0,5.790962248000142,True,True
m01-settings_dpr2_light_V10,m01-settings_dpr2_light,m01-settings,mobile,2,light,V10,avif,80,1.0,780,1688,38673,0.23498,chromium,paddle_v5_mobile,ok,0.9622641509433962,"{""0.3"": {""matched"": 27, ""n_gt"": 27, ""n_pred"": 30}, ""0.5"": {""matched"": 15, ""n_gt"": 27, ""n_pred"": 30}, ""0.7"": {""matched"": 1, ""n_gt"": 27, ""n_pred"": 30}}",30,0,0,5.160175067999262,True,True
m01-settings_dpr2_light_V11,m01-settings_dpr2_light,m01-settings,mobile,2,light,V11,avif,60,1.0,780,1688,27575,0.167548,chromium,paddle_v5_mobile,ok,0.923076923076923,"{""0.3"": {""matched"": 27, ""n_gt"": 27, ""n_pred"": 29}, ""0.5"": {""matched"": 15, ""n_gt"": 27, ""n_pred"": 29}, ""0.7"": {""matched"": 1, ""n_gt"": 27, ""n_pred"": 29}}",29,1,0,5.1876785660006135,True,True
m01-settings_dpr2_light_V12,m01-settings_dpr2_light,m01-settings,mobile,2,light,V12,png,,0.5,390,844,75348,1.83128,chromium,paddle_v5_mobile,ok,0.8823529411764706,"{""0.3"": {""matched"": 27, ""n_gt"": 27, ""n_pred"": 29}, ""0.5"": {""matched"": 10, ""n_gt"": 27, ""n_pred"": 29}, ""0.7"": {""matched"": 0, ""n_gt"": 27, ""n_pred"": 29}}",29,0,0,4.119215052000072,True,True
m01-settings_dpr2_light_V13,m01-settings_dpr2_light,m01-settings,mobile,2,light,V13,jpeg,75,0.5,390,844,29923,0.727257,chromium,paddle_v5_mobile,ok,0.7524752475247525,"{""0.3"": {""matched"": 23, ""n_gt"": 27, ""n_pred"": 29}, ""0.5"": {""matched"": 7, ""n_gt"": 27, ""n_pred"": 29}, ""0.7"": {""matched"": 0, ""n_gt"": 27, ""n_pred"": 29}}",29,0,0,3.730192232000263,True,True
m01-settings_dpr3_dark_V00,m01-settings_dpr3_dark,m01-settings,mobile,3,dark,V00,png,,1.0,1170,2532,158258,0.427372,chromium,paddle_v5_mobile,ok,1.0,"{""0.3"": {""matched"": 27, ""n_gt"": 27, ""n_pred"": 30}, ""0.5"": {""matched"": 26, ""n_gt"": 27, ""n_pred"": 30}, ""0.7"": {""matched"": 17, ""n_gt"": 27, ""n_pred"": 30}}",30,0,0,7.8346646580002925,True,True
m01-settings_dpr3_dark_V02,m01-settings_dpr3_dark,m01-settings,mobile,3,dark,V02,jpeg,95,1.0,1170,2532,259931,0.701938,chromium,paddle_v5_mobile,ok,0.9902912621359222,"{""0.3"": {""matched"": 27, ""n_gt"": 27, ""n_pred"": 27}, ""0.5"": {""matched"": 25, ""n_gt"": 27, ""n_pred"": 27}, ""0.7"": {""matched"": 4, ""n_gt"": 27, ""n_pred"": 27}}",27,0,0,6.86645531800059,True,True
m01-settings_dpr3_dark_V03,m01-settings_dpr3_dark,m01-settings,mobile,3,dark,V03,jpeg,85,1.0,1170,2532,173589,0.468773,chromium,paddle_v5_mobile,ok,0.9902912621359222,"{""0.3"": {""matched"": 27, ""n_gt"": 27, ""n_pred"": 27}, ""0.5"": {""matched"": 25, ""n_gt"": 27, ""n_pred"": 27}, ""0.7"": {""matched"": 4, ""n_gt"": 27, ""n_pred"": 27}}",27,0,0,6.726825896000264,True,True
m01-settings_dpr3_dark_V04,m01-settings_dpr3_dark,m01-settings,mobile,3,dark,V04,jpeg,75,1.0,1170,2532,143354,0.387124,chromium,paddle_v5_mobile,ok,0.9607843137254902,"{""0.3"": {""matched"": 27, ""n_gt"": 27, ""n_pred"": 27}, ""0.5"": {""matched"": 24, ""n_gt"": 27, ""n_pred"": 27}, ""0.7"": {""matched"": 5, ""n_gt"": 27, ""n_pred"": 27}}",27,0,0,6.815320956000505,True,True
m01-settings_dpr3_dark_V05,m01-settings_dpr3_dark,m01-settings,mobile,3,dark,V05,jpeg,60,1.0,1170,2532,121982,0.32941,chromium,paddle_v5_mobile,ok,0.9607843137254902,"{""0.3"": {""matched"": 27, ""n_gt"": 27, ""n_pred"": 27}, ""0.5"": {""matched"": 25, ""n_gt"": 27, ""n_pred"": 27}, ""0.7"": {""matched"": 5, ""n_gt"": 27, ""n_pred"": 27}}",27,0,0,6.954079892999289,True,True
m01-settings_dpr3_dark_V06,m01-settings_dpr3_dark,m01-settings,mobile,3,dark,V06,jpeg,85,1.0,1170,2532,238035,0.642808,chromium,paddle_v5_mobile,ok,1.0,"{""0.3"": {""matched"": 27, ""n_gt"": 27, ""n_pred"": 27}, ""0.5"": {""matched"": 24, ""n_gt"": 27, ""n_pred"": 27}, ""0.7"": {""matched"": 7, ""n_gt"": 27, ""n_pred"": 27}}",27,0,0,7.122857078999914,True,True
m01-settings_dpr3_dark_V07,m01-settings_dpr3_dark,m01-settings,mobile,3,dark,V07,webp,90,1.0,1170,2532,88344,0.238571,chromium,paddle_v5_mobile,ok,0.9902912621359222,"{""0.3"": {""matched"": 27, ""n_gt"": 27, ""n_pred"": 27}, ""0.5"": {""matched"": 26, ""n_gt"": 27, ""n_pred"": 27}, ""0.7"": {""matched"": 5, ""n_gt"": 27, ""n_pred"": 27}}",27,0,0,7.150225092000255,True,True
m01-settings_dpr3_dark_V08,m01-settings_dpr3_dark,m01-settings,mobile,3,dark,V08,webp,75,1.0,1170,2532,54258,0.146522,chromium,paddle_v5_mobile,ok,0.9902912621359222,"{""0.3"": {""matched"": 27, ""n_gt"": 27, ""n_pred"": 27}, ""0.5"": {""matched"": 25, ""n_gt"": 27, ""n_pred"": 27}, ""0.7"": {""matched"": 6, ""n_gt"": 27, ""n_pred"": 27}}",27,0,0,6.8762930470002175,True,True
m01-settings_dpr3_dark_V09,m01-settings_dpr3_dark,m01-settings,mobile,3,dark,V09,webp,50,1.0,1170,2532,44070,0.11901,chromium,paddle_v5_mobile,ok,0.9607843137254902,"{""0.3"": {""matched"": 27, ""n_gt"": 27, ""n_pred"": 27}, ""0.5"": {""matched"": 26, ""n_gt"": 27, ""n_pred"": 27}, ""0.7"": {""matched"": 5, ""n_gt"": 27, ""n_pred"": 27}}",27,0,0,6.867674191000333,True,True
m01-settings_dpr3_dark_V10,m01-settings_dpr3_dark,m01-settings,mobile,3,dark,V10,avif,80,1.0,1170,2532,53603,0.144754,chromium,paddle_v5_mobile,ok,0.9902912621359222,"{""0.3"": {""matched"": 27, ""n_gt"": 27, ""n_pred"": 27}, ""0.5"": {""matched"": 26, ""n_gt"": 27, ""n_pred"": 27}, ""0.7"": {""matched"": 6, ""n_gt"": 27, ""n_pred"": 27}}",27,0,0,7.0922635789993365,True,True
m01-settings_dpr3_dark_V11,m01-settings_dpr3_dark,m01-settings,mobile,3,dark,V11,avif,60,1.0,1170,2532,37511,0.101298,chromium,paddle_v5_mobile,ok,0.9902912621359222,"{""0.3"": {""matched"": 27, ""n_gt"": 27, ""n_pred"": 27}, ""0.5"": {""matched"": 26, ""n_gt"": 27, ""n_pred"": 27}, ""0.7"": {""matched"": 7, ""n_gt"": 27, ""n_pred"": 27}}",27,0,0,6.7959407719999945,True,True
m01-settings_dpr3_dark_V12,m01-settings_dpr3_dark,m01-settings,mobile,3,dark,V12,png,,0.5,585,1266,138608,1.497231,chromium,paddle_v5_mobile,ok,0.9514563106796117,"{""0.3"": {""matched"": 27, ""n_gt"": 27, ""n_pred"": 29}, ""0.5"": {""matched"": 21, ""n_gt"": 27, ""n_pred"": 29}, ""0.7"": {""matched"": 6, ""n_gt"": 27, ""n_pred"": 29}}",29,0,0,4.6953644629993505,True,True
m01-settings_dpr3_dark_V13,m01-settings_dpr3_dark,m01-settings,mobile,3,dark,V13,jpeg,75,0.5,585,1266,52796,0.570297,chromium,paddle_v5_mobile,ok,0.9306930693069307,"{""0.3"": {""matched"": 25, ""n_gt"": 27, ""n_pred"": 27}, ""0.5"": {""matched"": 17, ""n_gt"": 27, ""n_pred"": 27}, ""0.7"": {""matched"": 4, ""n_gt"": 27, ""n_pred"": 27}}",27,0,0,4.029755442999885,True,True
m01-settings_dpr3_light_V00,m01-settings_dpr3_light,m01-settings,mobile,3,light,V00,png,,1.0,1170,2532,159695,0.431253,chromium,paddle_v5_mobile,ok,0.9423076923076923,"{""0.3"": {""matched"": 27, ""n_gt"": 27, ""n_pred"": 28}, ""0.5"": {""matched"": 20, ""n_gt"": 27, ""n_pred"": 28}, ""0.7"": {""matched"": 3, ""n_gt"": 27, ""n_pred"": 28}}",28,0,0,7.017478767000284,True,True
m01-settings_dpr3_light_V02,m01-settings_dpr3_light,m01-settings,mobile,3,light,V02,jpeg,95,1.0,1170,2532,262612,0.709178,chromium,paddle_v5_mobile,ok,0.9423076923076923,"{""0.3"": {""matched"": 27, ""n_gt"": 27, ""n_pred"": 28}, ""0.5"": {""matched"": 18, ""n_gt"": 27, ""n_pred"": 28}, ""0.7"": {""matched"": 1, ""n_gt"": 27, ""n_pred"": 28}}",28,0,0,6.875908867000362,True,True
m01-settings_dpr3_light_V03,m01-settings_dpr3_light,m01-settings,mobile,3,light,V03,jpeg,85,1.0,1170,2532,174238,0.470526,chromium,paddle_v5_mobile,ok,0.9423076923076923,"{""0.3"": {""matched"": 27, ""n_gt"": 27, ""n_pred"": 28}, ""0.5"": {""matched"": 18, ""n_gt"": 27, ""n_pred"": 28}, ""0.7"": {""matched"": 1, ""n_gt"": 27, ""n_pred"": 28}}",28,0,0,7.1039846900002885,True,True
m01-settings_dpr3_light_V04,m01-settings_dpr3_light,m01-settings,mobile,3,light,V04,jpeg,75,1.0,1170,2532,146034,0.394361,chromium,paddle_v5_mobile,ok,0.9320388349514563,"{""0.3"": {""matched"": 27, ""n_gt"": 27, ""n_pred"": 28}, ""0.5"": {""matched"": 18, ""n_gt"": 27, ""n_pred"": 28}, ""0.7"": {""matched"": 1, ""n_gt"": 27, ""n_pred"": 28}}",28,0,0,6.848531845999787,True,True
m01-settings_dpr3_light_V05,m01-settings_dpr3_light,m01-settings,mobile,3,light,V05,jpeg,60,1.0,1170,2532,121484,0.328065,chromium,paddle_v5_mobile,ok,0.9019607843137255,"{""0.3"": {""matched"": 27, ""n_gt"": 27, ""n_pred"": 28}, ""0.5"": {""matched"": 18, ""n_gt"": 27, ""n_pred"": 28}, ""0.7"": {""matched"": 1, ""n_gt"": 27, ""n_pred"": 28}}",28,0,0,7.089620048000143,True,True
m01-settings_dpr3_light_V06,m01-settings_dpr3_light,m01-settings,mobile,3,light,V06,jpeg,85,1.0,1170,2532,241210,0.651382,chromium,paddle_v5_mobile,ok,0.9423076923076923,"{""0.3"": {""matched"": 27, ""n_gt"": 27, ""n_pred"": 28}, ""0.5"": {""matched"": 18, ""n_gt"": 27, ""n_pred"": 28}, ""0.7"": {""matched"": 2, ""n_gt"": 27, ""n_pred"": 28}}",28,0,0,7.032023486000071,True,True
m01-settings_dpr3_light_V07,m01-settings_dpr3_light,m01-settings,mobile,3,light,V07,webp,90,1.0,1170,2532,91344,0.246672,chromium,paddle_v5_mobile,ok,0.9615384615384616,"{""0.3"": {""matched"": 27, ""n_gt"": 27, ""n_pred"": 28}, ""0.5"": {""matched"": 18, ""n_gt"": 27, ""n_pred"": 28}, ""0.7"": {""matched"": 1, ""n_gt"": 27, ""n_pred"": 28}}",28,0,0,6.71970934699948,True,True
m01-settings_dpr3_light_V08,m01-settings_dpr3_light,m01-settings,mobile,3,light,V08,webp,75,1.0,1170,2532,56674,0.153047,chromium,paddle_v5_mobile,ok,0.9423076923076923,"{""0.3"": {""matched"": 27, ""n_gt"": 27, ""n_pred"": 28}, ""0.5"": {""matched"": 19, ""n_gt"": 27, ""n_pred"": 28}, ""0.7"": {""matched"": 1, ""n_gt"": 27, ""n_pred"": 28}}",28,0,0,6.9887253719998625,True,True
m01-settings_dpr3_light_V09,m01-settings_dpr3_light,m01-settings,mobile,3,light,V09,webp,50,1.0,1170,2532,46096,0.124481,chromium,paddle_v5_mobile,ok,0.9615384615384616,"{""0.3"": {""matched"": 27, ""n_gt"": 27, ""n_pred"": 28}, ""0.5"": {""matched"": 18, ""n_gt"": 27, ""n_pred"": 28}, ""0.7"": {""matched"": 1, ""n_gt"": 27, ""n_pred"": 28}}",28,0,0,7.089658453000084,True,True
m01-settings_dpr3_light_V10,m01-settings_dpr3_light,m01-settings,mobile,3,light,V10,avif,80,1.0,1170,2532,54311,0.146666,chromium,paddle_v5_mobile,ok,0.9423076923076923,"{""0.3"": {""matched"": 27, ""n_gt"": 27, ""n_pred"": 28}, ""0.5"": {""matched"": 18, ""n_gt"": 27, ""n_pred"": 28}, ""0.7"": {""matched"": 1, ""n_gt"": 27, ""n_pred"": 28}}",28,0,0,6.874732938999841,True,True
m01-settings_dpr3_light_V11,m01-settings_dpr3_light,m01-settings,mobile,3,light,V11,avif,60,1.0,1170,2532,37751,0.101946,chromium,paddle_v5_mobile,ok,0.9423076923076923,"{""0.3"": {""matched"": 27, ""n_gt"": 27, ""n_pred"": 28}, ""0.5"": {""matched"": 19, ""n_gt"": 27, ""n_pred"": 28}, ""0.7"": {""matched"": 0, ""n_gt"": 27, ""n_pred"": 28}}",28,0,0,6.668374276999202,True,True
m01-settings_dpr3_light_V12,m01-settings_dpr3_light,m01-settings,mobile,3,light,V12,png,,0.5,585,1266,132638,1.432743,chromium,paddle_v5_mobile,ok,0.9056603773584905,"{""0.3"": {""matched"": 25, ""n_gt"": 27, ""n_pred"": 32}, ""0.5"": {""matched"": 13, ""n_gt"": 27, ""n_pred"": 32}, ""0.7"": {""matched"": 1, ""n_gt"": 27, ""n_pred"": 32}}",32,0,0,4.211697644999731,True,True
m01-settings_dpr3_light_V13,m01-settings_dpr3_light,m01-settings,mobile,3,light,V13,jpeg,75,0.5,585,1266,52654,0.568764,chromium,paddle_v5_mobile,ok,0.8155339805825242,"{""0.3"": {""matched"": 21, ""n_gt"": 27, ""n_pred"": 30}, ""0.5"": {""matched"": 11, ""n_gt"": 27, ""n_pred"": 30}, ""0.7"": {""matched"": 0, ""n_gt"": 27, ""n_pred"": 30}}",30,0,0,4.410555000999921,True,True
m05-chat_dpr1_dark_V00,m05-chat_dpr1_dark,m05-chat,mobile,1,dark,V00,png,,1.0,390,844,48409,1.176546,chromium,paddle_v5_mobile,ok,0.9361702127659575,"{""0.3"": {""matched"": 26, ""n_gt"": 26, ""n_pred"": 27}, ""0.5"": {""matched"": 25, ""n_gt"": 26, ""n_pred"": 27}, ""0.7"": {""matched"": 11, ""n_gt"": 26, ""n_pred"": 27}}",27,0,1,4.3175812740000765,True,True
m05-chat_dpr1_dark_V02,m05-chat_dpr1_dark,m05-chat,mobile,1,dark,V02,jpeg,95,1.0,390,844,77343,1.879767,chromium,paddle_v5_mobile,ok,0.9197860962566845,"{""0.3"": {""matched"": 26, ""n_gt"": 26, ""n_pred"": 27}, ""0.5"": {""matched"": 23, ""n_gt"": 26, ""n_pred"": 27}, ""0.7"": {""matched"": 13, ""n_gt"": 26, ""n_pred"": 27}}",27,0,1,4.321663214999717,True,True
m05-chat_dpr1_dark_V03,m05-chat_dpr1_dark,m05-chat,mobile,1,dark,V03,jpeg,85,1.0,390,844,48882,1.188042,chromium,paddle_v5_mobile,ok,0.8901098901098901,"{""0.3"": {""matched"": 26, ""n_gt"": 26, ""n_pred"": 27}, ""0.5"": {""matched"": 23, ""n_gt"": 26, ""n_pred"": 27}, ""0.7"": {""matched"": 12, ""n_gt"": 26, ""n_pred"": 27}}",27,0,1,4.288972623000518,True,True
m05-chat_dpr1_dark_V04,m05-chat_dpr1_dark,m05-chat,mobile,1,dark,V04,jpeg,75,1.0,390,844,38233,0.929226,chromium,paddle_v5_mobile,ok,0.8444444444444444,"{""0.3"": {""matched"": 26, ""n_gt"": 26, ""n_pred"": 27}, ""0.5"": {""matched"": 23, ""n_gt"": 26, ""n_pred"": 27}, ""0.7"": {""matched"": 12, ""n_gt"": 26, ""n_pred"": 27}}",27,0,1,4.187798365999697,True,True
m05-chat_dpr1_dark_V05,m05-chat_dpr1_dark,m05-chat,mobile,1,dark,V05,jpeg,60,1.0,390,844,30166,0.733163,chromium,paddle_v5_mobile,ok,0.8444444444444444,"{""0.3"": {""matched"": 26, ""n_gt"": 26, ""n_pred"": 27}, ""0.5"": {""matched"": 21, ""n_gt"": 26, ""n_pred"": 27}, ""0.7"": {""matched"": 12, ""n_gt"": 26, ""n_pred"": 27}}",27,0,1,4.155000368999936,True,True
m05-chat_dpr1_dark_V06,m05-chat_dpr1_dark,m05-chat,mobile,1,dark,V06,jpeg,85,1.0,390,844,67565,1.642119,chromium,paddle_v5_mobile,ok,0.9090909090909091,"{""0.3"": {""matched"": 26, ""n_gt"": 26, ""n_pred"": 27}, ""0.5"": {""matched"": 23, ""n_gt"": 26, ""n_pred"": 27}, ""0.7"": {""matched"": 8, ""n_gt"": 26, ""n_pred"": 27}}",27,0,1,4.150873270999909,True,True
m05-chat_dpr1_dark_V07,m05-chat_dpr1_dark,m05-chat,mobile,1,dark,V07,webp,90,1.0,390,844,33252,0.808166,chromium,paddle_v5_mobile,ok,0.9304812834224598,"{""0.3"": {""matched"": 26, ""n_gt"": 26, ""n_pred"": 27}, ""0.5"": {""matched"": 21, ""n_gt"": 26, ""n_pred"": 27}, ""0.7"": {""matched"": 11, ""n_gt"": 26, ""n_pred"": 27}}",27,0,1,4.0706063819998235,True,True
m05-chat_dpr1_dark_V08,m05-chat_dpr1_dark,m05-chat,mobile,1,dark,V08,webp,75,1.0,390,844,21494,0.522396,chromium,paddle_v5_mobile,ok,0.924731182795699,"{""0.3"": {""matched"": 26, ""n_gt"": 26, ""n_pred"": 27}, ""0.5"": {""matched"": 23, ""n_gt"": 26, ""n_pred"": 27}, ""0.7"": {""matched"": 10, ""n_gt"": 26, ""n_pred"": 27}}",27,0,1,4.361574028000177,True,True
m05-chat_dpr1_dark_V09,m05-chat_dpr1_dark,m05-chat,mobile,1,dark,V09,webp,50,1.0,390,844,17616,0.428144,chromium,paddle_v5_mobile,ok,0.907103825136612,"{""0.3"": {""matched"": 26, ""n_gt"": 26, ""n_pred"": 26}, ""0.5"": {""matched"": 23, ""n_gt"": 26, ""n_pred"": 26}, ""0.7"": {""matched"": 13, ""n_gt"": 26, ""n_pred"": 26}}",26,0,1,4.026009377000264,True,True
m05-chat_dpr1_dark_V10,m05-chat_dpr1_dark,m05-chat,mobile,1,dark,V10,avif,80,1.0,390,844,23583,0.573168,chromium,paddle_v5_mobile,ok,0.9304812834224598,"{""0.3"": {""matched"": 26, ""n_gt"": 26, ""n_pred"": 26}, ""0.5"": {""matched"": 22, ""n_gt"": 26, ""n_pred"": 26}, ""0.7"": {""matched"": 11, ""n_gt"": 26, ""n_pred"": 26}}",26,0,1,3.880629472999317,True,True
m05-chat_dpr1_dark_V11,m05-chat_dpr1_dark,m05-chat,mobile,1,dark,V11,avif,60,1.0,390,844,16639,0.404399,chromium,paddle_v5_mobile,ok,0.9574468085106385,"{""0.3"": {""matched"": 26, ""n_gt"": 26, ""n_pred"": 26}, ""0.5"": {""matched"": 21, ""n_gt"": 26, ""n_pred"": 26}, ""0.7"": {""matched"": 12, ""n_gt"": 26, ""n_pred"": 26}}",26,0,1,4.106933476999984,True,True
m05-chat_dpr1_dark_V12,m05-chat_dpr1_dark,m05-chat,mobile,1,dark,V12,png,,0.5,195,422,44437,4.320039,chromium,paddle_v5_mobile,ok,0.67816091954023,"{""0.3"": {""matched"": 25, ""n_gt"": 26, ""n_pred"": 26}, ""0.5"": {""matched"": 22, ""n_gt"": 26, ""n_pred"": 26}, ""0.7"": {""matched"": 8, ""n_gt"": 26, ""n_pred"": 26}}",26,0,1,3.378969350999796,True,True
m05-chat_dpr1_dark_V13,m05-chat_dpr1_dark,m05-chat,mobile,1,dark,V13,jpeg,75,0.5,195,422,12870,1.251185,chromium,paddle_v5_mobile,ok,0.2857142857142857,"{""0.3"": {""matched"": 18, ""n_gt"": 26, ""n_pred"": 20}, ""0.5"": {""matched"": 13, ""n_gt"": 26, ""n_pred"": 20}, ""0.7"": {""matched"": 6, ""n_gt"": 26, ""n_pred"": 20}}",20,0,1,2.648186921999695,True,True
m05-chat_dpr1_light_V00,m05-chat_dpr1_light,m05-chat,mobile,1,light,V00,png,,1.0,390,844,47470,1.153725,chromium,paddle_v5_mobile,ok,0.9361702127659575,"{""0.3"": {""matched"": 26, ""n_gt"": 26, ""n_pred"": 27}, ""0.5"": {""matched"": 20, ""n_gt"": 26, ""n_pred"": 27}, ""0.7"": {""matched"": 8, ""n_gt"": 26, ""n_pred"": 27}}",27,0,1,3.985630252000192,True,True
m05-chat_dpr1_light_V02,m05-chat_dpr1_light,m05-chat,mobile,1,light,V02,jpeg,95,1.0,390,844,79330,1.928059,chromium,paddle_v5_mobile,ok,0.9361702127659575,"{""0.3"": {""matched"": 25, ""n_gt"": 26, ""n_pred"": 27}, ""0.5"": {""matched"": 18, ""n_gt"": 26, ""n_pred"": 27}, ""0.7"": {""matched"": 4, ""n_gt"": 26, ""n_pred"": 27}}",27,0,1,3.7031461300002775,True,True
m05-chat_dpr1_light_V03,m05-chat_dpr1_light,m05-chat,mobile,1,light,V03,jpeg,85,1.0,390,844,50229,1.22078,chromium,paddle_v5_mobile,ok,0.9021739130434783,"{""0.3"": {""matched"": 25, ""n_gt"": 26, ""n_pred"": 27}, ""0.5"": {""matched"": 17, ""n_gt"": 26, ""n_pred"": 27}, ""0.7"": {""matched"": 3, ""n_gt"": 26, ""n_pred"": 27}}",27,0,1,3.7942047680007818,True,True
m05-chat_dpr1_light_V04,m05-chat_dpr1_light,m05-chat,mobile,1,light,V04,jpeg,75,1.0,390,844,39032,0.948645,chromium,paddle_v5_mobile,ok,0.8268156424581007,"{""0.3"": {""matched"": 25, ""n_gt"": 26, ""n_pred"": 27}, ""0.5"": {""matched"": 17, ""n_gt"": 26, ""n_pred"": 27}, ""0.7"": {""matched"": 2, ""n_gt"": 26, ""n_pred"": 27}}",27,0,1,3.929225474999839,True,True
m05-chat_dpr1_light_V05,m05-chat_dpr1_light,m05-chat,mobile,1,light,V05,jpeg,60,1.0,390,844,31107,0.756034,chromium,paddle_v5_mobile,ok,0.8633879781420766,"{""0.3"": {""matched"": 25, ""n_gt"": 26, ""n_pred"": 27}, ""0.5"": {""matched"": 18, ""n_gt"": 26, ""n_pred"": 27}, ""0.7"": {""matched"": 4, ""n_gt"": 26, ""n_pred"": 27}}",27,0,1,3.88259235500027,True,True
m05-chat_dpr1_light_V06,m05-chat_dpr1_light,m05-chat,mobile,1,light,V06,jpeg,85,1.0,390,844,70736,1.719188,chromium,paddle_v5_mobile,ok,0.8864864864864866,"{""0.3"": {""matched"": 25, ""n_gt"": 26, ""n_pred"": 27}, ""0.5"": {""matched"": 18, ""n_gt"": 26, ""n_pred"": 27}, ""0.7"": {""matched"": 7, ""n_gt"": 26, ""n_pred"": 27}}",27,0,1,4.458078268999998,True,True
m05-chat_dpr1_light_V07,m05-chat_dpr1_light,m05-chat,mobile,1,light,V07,webp,90,1.0,390,844,34446,0.837186,chromium,paddle_v5_mobile,ok,0.9361702127659575,"{""0.3"": {""matched"": 25, ""n_gt"": 26, ""n_pred"": 27}, ""0.5"": {""matched"": 18, ""n_gt"": 26, ""n_pred"": 27}, ""0.7"": {""matched"": 5, ""n_gt"": 26, ""n_pred"": 27}}",27,0,1,3.9884854860001724,True,True
m05-chat_dpr1_light_V08,m05-chat_dpr1_light,m05-chat,mobile,1,light,V08,webp,75,1.0,390,844,22722,0.552242,chromium,paddle_v5_mobile,ok,0.8555555555555555,"{""0.3"": {""matched"": 25, ""n_gt"": 26, ""n_pred"": 27}, ""0.5"": {""matched"": 19, ""n_gt"": 26, ""n_pred"": 27}, ""0.7"": {""matched"": 5, ""n_gt"": 26, ""n_pred"": 27}}",27,0,1,4.016450566999993,True,True
m05-chat_dpr1_light_V09,m05-chat_dpr1_light,m05-chat,mobile,1,light,V09,webp,50,1.0,390,844,18592,0.451865,chromium,paddle_v5_mobile,ok,0.8444444444444444,"{""0.3"": {""matched"": 25, ""n_gt"": 26, ""n_pred"": 27}, ""0.5"": {""matched"": 18, ""n_gt"": 26, ""n_pred"": 27}, ""0.7"": {""matched"": 3, ""n_gt"": 26, ""n_pred"": 27}}",27,0,1,3.969673565999983,True,True
m05-chat_dpr1_light_V10,m05-chat_dpr1_light,m05-chat,mobile,1,light,V10,avif,80,1.0,390,844,23933,0.581675,chromium,paddle_v5_mobile,ok,0.924731182795699,"{""0.3"": {""matched"": 25, ""n_gt"": 26, ""n_pred"": 26}, ""0.5"": {""matched"": 15, ""n_gt"": 26, ""n_pred"": 26}, ""0.7"": {""matched"": 6, ""n_gt"": 26, ""n_pred"": 26}}",26,0,1,3.6901924449994112,True,True
m05-chat_dpr1_light_V11,m05-chat_dpr1_light,m05-chat,mobile,1,light,V11,avif,60,1.0,390,844,16979,0.412663,chromium,paddle_v5_mobile,ok,0.924731182795699,"{""0.3"": {""matched"": 25, ""n_gt"": 26, ""n_pred"": 26}, ""0.5"": {""matched"": 17, ""n_gt"": 26, ""n_pred"": 26}, ""0.7"": {""matched"": 6, ""n_gt"": 26, ""n_pred"": 26}}",26,0,1,4.017322808999779,True,True
m05-chat_dpr1_light_V12,m05-chat_dpr1_light,m05-chat,mobile,1,light,V12,png,,0.5,195,422,42669,4.148159,chromium,paddle_v5_mobile,ok,0.7093023255813954,"{""0.3"": {""matched"": 24, ""n_gt"": 26, ""n_pred"": 26}, ""0.5"": {""matched"": 16, ""n_gt"": 26, ""n_pred"": 26}, ""0.7"": {""matched"": 3, ""n_gt"": 26, ""n_pred"": 26}}",26,0,1,3.1413087809996796,True,True
m05-chat_dpr1_light_V13,m05-chat_dpr1_light,m05-chat,mobile,1,light,V13,jpeg,75,0.5,195,422,13076,1.271212,chromium,paddle_v5_mobile,ok,0.44025157232704404,"{""0.3"": {""matched"": 22, ""n_gt"": 26, ""n_pred"": 25}, ""0.5"": {""matched"": 18, ""n_gt"": 26, ""n_pred"": 25}, ""0.7"": {""matched"": 3, ""n_gt"": 26, ""n_pred"": 25}}",25,0,1,3.0944009149998237,True,True
m05-chat_dpr2_dark_V00,m05-chat_dpr2_dark,m05-chat,mobile,2,dark,V00,png,,1.0,780,1688,124765,0.758081,chromium,paddle_v5_mobile,ok,0.9052631578947369,"{""0.3"": {""matched"": 26, ""n_gt"": 26, ""n_pred"": 46}, ""0.5"": {""matched"": 19, ""n_gt"": 26, ""n_pred"": 46}, ""0.7"": {""matched"": 8, ""n_gt"": 26, ""n_pred"": 46}}",46,1,1,6.727628098999958,True,True
m05-chat_dpr2_dark_V02,m05-chat_dpr2_dark,m05-chat,mobile,2,dark,V02,jpeg,95,1.0,780,1688,190795,1.159284,chromium,paddle_v5_mobile,ok,0.8888888888888888,"{""0.3"": {""matched"": 26, ""n_gt"": 26, ""n_pred"": 40}, ""0.5"": {""matched"": 21, ""n_gt"": 26, ""n_pred"": 40}, ""0.7"": {""matched"": 5, ""n_gt"": 26, ""n_pred"": 40}}",40,0,1,6.05771960400034,True,True
m05-chat_dpr2_dark_V03,m05-chat_dpr2_dark,m05-chat,mobile,2,dark,V03,jpeg,85,1.0,780,1688,121021,0.735332,chromium,paddle_v5_mobile,ok,0.956989247311828,"{""0.3"": {""matched"": 26, ""n_gt"": 26, ""n_pred"": 26}, ""0.5"": {""matched"": 24, ""n_gt"": 26, ""n_pred"": 26}, ""0.7"": {""matched"": 9, ""n_gt"": 26, ""n_pred"": 26}}",26,0,1,4.939781650000441,True,True
m05-chat_dpr2_dark_V04,m05-chat_dpr2_dark,m05-chat,mobile,2,dark,V04,jpeg,75,1.0,780,1688,95649,0.58117,chromium,paddle_v5_mobile,ok,0.9297297297297297,"{""0.3"": {""matched"": 26, ""n_gt"": 26, ""n_pred"": 26}, ""0.5"": {""matched"": 23, ""n_gt"": 26, ""n_pred"": 26}, ""0.7"": {""matched"": 11, ""n_gt"": 26, ""n_pred"": 26}}",26,0,1,5.871378976999949,True,True
m05-chat_dpr2_dark_V05,m05-chat_dpr2_dark,m05-chat,mobile,2,dark,V05,jpeg,60,1.0,780,1688,78417,0.476467,chromium,paddle_v5_mobile,ok,0.9130434782608695,"{""0.3"": {""matched"": 26, ""n_gt"": 26, ""n_pred"": 26}, ""0.5"": {""matched"": 23, ""n_gt"": 26, ""n_pred"": 26}, ""0.7"": {""matched"": 9, ""n_gt"": 26, ""n_pred"": 26}}",26,0,1,5.806226425999739,True,True
m05-chat_dpr2_dark_V06,m05-chat_dpr2_dark,m05-chat,mobile,2,dark,V06,jpeg,85,1.0,780,1688,167702,1.018969,chromium,paddle_v5_mobile,ok,0.9148936170212766,"{""0.3"": {""matched"": 26, ""n_gt"": 26, ""n_pred"": 31}, ""0.5"": {""matched"": 22, ""n_gt"": 26, ""n_pred"": 31}, ""0.7"": {""matched"": 6, ""n_gt"": 26, ""n_pred"": 31}}",31,0,1,7.276820365000276,True,True
m05-chat_dpr2_dark_V07,m05-chat_dpr2_dark,m05-chat,mobile,2,dark,V07,webp,90,1.0,780,1688,80064,0.486475,chromium,paddle_v5_mobile,ok,0.908108108108108,"{""0.3"": {""matched"": 26, ""n_gt"": 26, ""n_pred"": 43}, ""0.5"": {""matched"": 19, ""n_gt"": 26, ""n_pred"": 43}, ""0.7"": {""matched"": 5, ""n_gt"": 26, ""n_pred"": 43}}",43,0,1,6.737757019000128,True,True
m05-chat_dpr2_dark_V08,m05-chat_dpr2_dark,m05-chat,mobile,2,dark,V08,webp,75,1.0,780,1688,50838,0.308895,chromium,paddle_v5_mobile,ok,0.870967741935484,"{""0.3"": {""matched"": 26, ""n_gt"": 26, ""n_pred"": 40}, ""0.5"": {""matched"": 19, ""n_gt"": 26, ""n_pred"": 40}, ""0.7"": {""matched"": 6, ""n_gt"": 26, ""n_pred"": 40}}",40,0,1,5.891919843999858,True,True
m05-chat_dpr2_dark_V09,m05-chat_dpr2_dark,m05-chat,mobile,2,dark,V09,webp,50,1.0,780,1688,41130,0.249909,chromium,paddle_v5_mobile,ok,0.9090909090909091,"{""0.3"": {""matched"": 26, ""n_gt"": 26, ""n_pred"": 35}, ""0.5"": {""matched"": 22, ""n_gt"": 26, ""n_pred"": 35}, ""0.7"": {""matched"": 6, ""n_gt"": 26, ""n_pred"": 35}}",35,0,1,5.792706326000371,True,True
m05-chat_dpr2_dark_V10,m05-chat_dpr2_dark,m05-chat,mobile,2,dark,V10,avif,80,1.0,780,1688,50657,0.307796,chromium,paddle_v5_mobile,ok,0.9361702127659575,"{""0.3"": {""matched"": 26, ""n_gt"": 26, ""n_pred"": 42}, ""0.5"": {""matched"": 19, ""n_gt"": 26, ""n_pred"": 42}, ""0.7"": {""matched"": 6, ""n_gt"": 26, ""n_pred"": 42}}",42,0,1,6.175864476999777,True,True
m05-chat_dpr2_dark_V11,m05-chat_dpr2_dark,m05-chat,mobile,2,dark,V11,avif,60,1.0,780,1688,35339,0.214722,chromium,paddle_v5_mobile,ok,0.9518716577540107,"{""0.3"": {""matched"": 26, ""n_gt"": 26, ""n_pred"": 42}, ""0.5"": {""matched"": 19, ""n_gt"": 26, ""n_pred"": 42}, ""0.7"": {""matched"": 5, ""n_gt"": 26, ""n_pred"": 42}}",42,0,1,6.16197304599973,True,True
m05-chat_dpr2_dark_V12,m05-chat_dpr2_dark,m05-chat,mobile,2,dark,V12,png,,0.5,390,844,93291,2.267371,chromium,paddle_v5_mobile,ok,0.962962962962963,"{""0.3"": {""matched"": 26, ""n_gt"": 26, ""n_pred"": 27}, ""0.5"": {""matched"": 24, ""n_gt"": 26, ""n_pred"": 27}, ""0.7"": {""matched"": 13, ""n_gt"": 26, ""n_pred"": 27}}",27,0,1,4.388140734999979,True,True
m05-chat_dpr2_dark_V13,m05-chat_dpr2_dark,m05-chat,mobile,2,dark,V13,jpeg,75,0.5,390,844,38252,0.929688,chromium,paddle_v5_mobile,ok,0.907103825136612,"{""0.3"": {""matched"": 26, ""n_gt"": 26, ""n_pred"": 27}, ""0.5"": {""matched"": 21, ""n_gt"": 26, ""n_pred"": 27}, ""0.7"": {""matched"": 12, ""n_gt"": 26, ""n_pred"": 27}}",27,0,1,4.3608088280007,True,True
m05-chat_dpr2_light_V00,m05-chat_dpr2_light,m05-chat,mobile,2,light,V00,png,,1.0,780,1688,123094,0.747928,chromium,paddle_v5_mobile,ok,0.9424083769633509,"{""0.3"": {""matched"": 26, ""n_gt"": 26, ""n_pred"": 33}, ""0.5"": {""matched"": 22, ""n_gt"": 26, ""n_pred"": 33}, ""0.7"": {""matched"": 5, ""n_gt"": 26, ""n_pred"": 33}}",33,0,1,5.264020199999322,True,True
m05-chat_dpr2_light_V02,m05-chat_dpr2_light,m05-chat,mobile,2,light,V02,jpeg,95,1.0,780,1688,196897,1.19636,chromium,paddle_v5_mobile,ok,0.9130434782608695,"{""0.3"": {""matched"": 26, ""n_gt"": 26, ""n_pred"": 28}, ""0.5"": {""matched"": 20, ""n_gt"": 26, ""n_pred"": 28}, ""0.7"": {""matched"": 3, ""n_gt"": 26, ""n_pred"": 28}}",28,0,1,4.804348226999537,True,True
m05-chat_dpr2_light_V03,m05-chat_dpr2_light,m05-chat,mobile,2,light,V03,jpeg,85,1.0,780,1688,124872,0.758731,chromium,paddle_v5_mobile,ok,0.9513513513513513,"{""0.3"": {""matched"": 26, ""n_gt"": 26, ""n_pred"": 26}, ""0.5"": {""matched"": 21, ""n_gt"": 26, ""n_pred"": 26}, ""0.7"": {""matched"": 9, ""n_gt"": 26, ""n_pred"": 26}}",26,0,1,4.881345798999973,True,True
m05-chat_dpr2_light_V04,m05-chat_dpr2_light,m05-chat,mobile,2,light,V04,jpeg,75,1.0,780,1688,98751,0.600018,chromium,paddle_v5_mobile,ok,0.9180327868852459,"{""0.3"": {""matched"": 26, ""n_gt"": 26, ""n_pred"": 27}, ""0.5"": {""matched"": 20, ""n_gt"": 26, ""n_pred"": 27}, ""0.7"": {""matched"": 8, ""n_gt"": 26, ""n_pred"": 27}}",27,0,1,4.918140816000232,True,True
m05-chat_dpr2_light_V05,m05-chat_dpr2_light,m05-chat,mobile,2,light,V05,jpeg,60,1.0,780,1688,80945,0.491828,chromium,paddle_v5_mobile,ok,0.8791208791208791,"{""0.3"": {""matched"": 26, ""n_gt"": 26, ""n_pred"": 27}, ""0.5"": {""matched"": 20, ""n_gt"": 26, ""n_pred"": 27}, ""0.7"": {""matched"": 9, ""n_gt"": 26, ""n_pred"": 27}}",27,0,1,4.937427526000647,True,True
m05-chat_dpr2_light_V06,m05-chat_dpr2_light,m05-chat,mobile,2,light,V06,jpeg,85,1.0,780,1688,175156,1.064261,chromium,paddle_v5_mobile,ok,0.9462365591397849,"{""0.3"": {""matched"": 26, ""n_gt"": 26, ""n_pred"": 27}, ""0.5"": {""matched"": 20, ""n_gt"": 26, ""n_pred"": 27}, ""0.7"": {""matched"": 6, ""n_gt"": 26, ""n_pred"": 27}}",27,0,1,5.147829645999991,True,True
m05-chat_dpr2_light_V07,m05-chat_dpr2_light,m05-chat,mobile,2,light,V07,webp,90,1.0,780,1688,83430,0.506927,chromium,paddle_v5_mobile,ok,0.9042553191489362,"{""0.3"": {""matched"": 26, ""n_gt"": 26, ""n_pred"": 31}, ""0.5"": {""matched"": 18, ""n_gt"": 26, ""n_pred"": 31}, ""0.7"": {""matched"": 2, ""n_gt"": 26, ""n_pred"": 31}}",31,0,1,5.448895589000131,True,True
m05-chat_dpr2_light_V08,m05-chat_dpr2_light,m05-chat,mobile,2,light,V08,webp,75,1.0,780,1688,53676,0.326139,chromium,paddle_v5_mobile,ok,0.9148936170212766,"{""0.3"": {""matched"": 26, ""n_gt"": 26, ""n_pred"": 29}, ""0.5"": {""matched"": 20, ""n_gt"": 26, ""n_pred"": 29}, ""0.7"": {""matched"": 4, ""n_gt"": 26, ""n_pred"": 29}}",29,0,1,5.179594974000793,True,True
m05-chat_dpr2_light_V09,m05-chat_dpr2_light,m05-chat,mobile,2,light,V09,webp,50,1.0,780,1688,43970,0.267165,chromium,paddle_v5_mobile,ok,0.9010989010989012,"{""0.3"": {""matched"": 26, ""n_gt"": 26, ""n_pred"": 28}, ""0.5"": {""matched"": 19, ""n_gt"": 26, ""n_pred"": 28}, ""0.7"": {""matched"": 4, ""n_gt"": 26, ""n_pred"": 28}}",28,0,1,5.075797307000357,True,True
m05-chat_dpr2_light_V10,m05-chat_dpr2_light,m05-chat,mobile,2,light,V10,avif,80,1.0,780,1688,51376,0.312164,chromium,paddle_v5_mobile,ok,0.925531914893617,"{""0.3"": {""matched"": 26, ""n_gt"": 26, ""n_pred"": 31}, ""0.5"": {""matched"": 17, ""n_gt"": 26, ""n_pred"": 31}, ""0.7"": {""matched"": 3, ""n_gt"": 26, ""n_pred"": 31}}",31,0,1,5.424918292000257,True,True
m05-chat_dpr2_light_V11,m05-chat_dpr2_light,m05-chat,mobile,2,light,V11,avif,60,1.0,780,1688,36025,0.218891,chromium,paddle_v5_mobile,ok,0.9090909090909091,"{""0.3"": {""matched"": 26, ""n_gt"": 26, ""n_pred"": 31}, ""0.5"": {""matched"": 17, ""n_gt"": 26, ""n_pred"": 31}, ""0.7"": {""matched"": 2, ""n_gt"": 26, ""n_pred"": 31}}",31,1,1,5.388916618000621,True,True
m05-chat_dpr2_light_V12,m05-chat_dpr2_light,m05-chat,mobile,2,light,V12,png,,0.5,390,844,89958,2.186365,chromium,paddle_v5_mobile,ok,0.9197860962566845,"{""0.3"": {""matched"": 26, ""n_gt"": 26, ""n_pred"": 27}, ""0.5"": {""matched"": 17, ""n_gt"": 26, ""n_pred"": 27}, ""0.7"": {""matched"": 9, ""n_gt"": 26, ""n_pred"": 27}}",27,0,1,4.139943578999919,True,True
m05-chat_dpr2_light_V13,m05-chat_dpr2_light,m05-chat,mobile,2,light,V13,jpeg,75,0.5,390,844,39582,0.962012,chromium,paddle_v5_mobile,ok,0.9021739130434783,"{""0.3"": {""matched"": 25, ""n_gt"": 26, ""n_pred"": 27}, ""0.5"": {""matched"": 17, ""n_gt"": 26, ""n_pred"": 27}, ""0.7"": {""matched"": 5, ""n_gt"": 26, ""n_pred"": 27}}",27,0,1,4.235950520999722,True,True
m05-chat_dpr3_dark_V00,m05-chat_dpr3_dark,m05-chat,mobile,3,dark,V00,png,,1.0,1170,2532,193687,0.523047,chromium,paddle_v5_mobile,ok,0.924731182795699,"{""0.3"": {""matched"": 21, ""n_gt"": 26, ""n_pred"": 71}, ""0.5"": {""matched"": 14, ""n_gt"": 26, ""n_pred"": 71}, ""0.7"": {""matched"": 3, ""n_gt"": 26, ""n_pred"": 71}}",71,0,1,11.675003825000204,True,True
m05-chat_dpr3_dark_V02,m05-chat_dpr3_dark,m05-chat,mobile,3,dark,V02,jpeg,95,1.0,1170,2532,342688,0.925421,chromium,paddle_v5_mobile,ok,0.9304812834224598,"{""0.3"": {""matched"": 26, ""n_gt"": 26, ""n_pred"": 38}, ""0.5"": {""matched"": 23, ""n_gt"": 26, ""n_pred"": 38}, ""0.7"": {""matched"": 8, ""n_gt"": 26, ""n_pred"": 38}}",38,0,1,8.480601979999847,True,True
m05-chat_dpr3_dark_V03,m05-chat_dpr3_dark,m05-chat,mobile,3,dark,V03,jpeg,85,1.0,1170,2532,222286,0.600278,chromium,paddle_v5_mobile,ok,0.9732620320855615,"{""0.3"": {""matched"": 26, ""n_gt"": 26, ""n_pred"": 26}, ""0.5"": {""matched"": 25, ""n_gt"": 26, ""n_pred"": 26}, ""0.7"": {""matched"": 11, ""n_gt"": 26, ""n_pred"": 26}}",26,0,1,7.242818176000583,True,True
m05-chat_dpr3_dark_V04,m05-chat_dpr3_dark,m05-chat,mobile,3,dark,V04,jpeg,75,1.0,1170,2532,180398,0.487161,chromium,paddle_v5_mobile,ok,0.9462365591397849,"{""0.3"": {""matched"": 26, ""n_gt"": 26, ""n_pred"": 26}, ""0.5"": {""matched"": 25, ""n_gt"": 26, ""n_pred"": 26}, ""0.7"": {""matched"": 11, ""n_gt"": 26, ""n_pred"": 26}}",26,0,1,7.985587883000335,True,True
m05-chat_dpr3_dark_V05,m05-chat_dpr3_dark,m05-chat,mobile,3,dark,V05,jpeg,60,1.0,1170,2532,149063,0.402541,chromium,paddle_v5_mobile,ok,0.9239130434782609,"{""0.3"": {""matched"": 26, ""n_gt"": 26, ""n_pred"": 26}, ""0.5"": {""matched"": 25, ""n_gt"": 26, ""n_pred"": 26}, ""0.7"": {""matched"": 13, ""n_gt"": 26, ""n_pred"": 26}}",26,0,1,7.672870004999822,True,True
m05-chat_dpr3_dark_V06,m05-chat_dpr3_dark,m05-chat,mobile,3,dark,V06,jpeg,85,1.0,1170,2532,310547,0.838625,chromium,paddle_v5_mobile,ok,0.967741935483871,"{""0.3"": {""matched"": 26, ""n_gt"": 26, ""n_pred"": 27}, ""0.5"": {""matched"": 25, ""n_gt"": 26, ""n_pred"": 27}, ""0.7"": {""matched"": 12, ""n_gt"": 26, ""n_pred"": 27}}",27,0,1,7.761662099999739,True,True
m05-chat_dpr3_dark_V07,m05-chat_dpr3_dark,m05-chat,mobile,3,dark,V07,webp,90,1.0,1170,2532,128572,0.347206,chromium,paddle_v5_mobile,ok,0.9148936170212766,"{""0.3"": {""matched"": 25, ""n_gt"": 26, ""n_pred"": 49}, ""0.5"": {""matched"": 20, ""n_gt"": 26, ""n_pred"": 49}, ""0.7"": {""matched"": 4, ""n_gt"": 26, ""n_pred"": 49}}",49,0,1,9.226466336000158,True,True
m05-chat_dpr3_dark_V08,m05-chat_dpr3_dark,m05-chat,mobile,3,dark,V08,webp,75,1.0,1170,2532,80086,0.21627,chromium,paddle_v5_mobile,ok,0.9368421052631578,"{""0.3"": {""matched"": 26, ""n_gt"": 26, ""n_pred"": 39}, ""0.5"": {""matched"": 23, ""n_gt"": 26, ""n_pred"": 39}, ""0.7"": {""matched"": 6, ""n_gt"": 26, ""n_pred"": 39}}",39,0,1,8.738711658000284,True,True
m05-chat_dpr3_dark_V09,m05-chat_dpr3_dark,m05-chat,mobile,3,dark,V09,webp,50,1.0,1170,2532,64852,0.175131,chromium,paddle_v5_mobile,ok,0.9312169312169313,"{""0.3"": {""matched"": 26, ""n_gt"": 26, ""n_pred"": 31}, ""0.5"": {""matched"": 25, ""n_gt"": 26, ""n_pred"": 31}, ""0.7"": {""matched"": 8, ""n_gt"": 26, ""n_pred"": 31}}",31,0,1,7.848175887000252,True,True
m05-chat_dpr3_dark_V10,m05-chat_dpr3_dark,m05-chat,mobile,3,dark,V10,avif,80,1.0,1170,2532,76440,0.206424,chromium,paddle_v5_mobile,ok,0.91005291005291,"{""0.3"": {""matched"": 24, ""n_gt"": 26, ""n_pred"": 56}, ""0.5"": {""matched"": 18, ""n_gt"": 26, ""n_pred"": 56}, ""0.7"": {""matched"": 5, ""n_gt"": 26, ""n_pred"": 56}}",56,0,1,9.69886904699979,True,True
m05-chat_dpr3_dark_V11,m05-chat_dpr3_dark,m05-chat,mobile,3,dark,V11,avif,60,1.0,1170,2532,52822,0.142645,chromium,paddle_v5_mobile,ok,0.9042553191489362,"{""0.3"": {""matched"": 26, ""n_gt"": 26, ""n_pred"": 46}, ""0.5"": {""matched"": 21, ""n_gt"": 26, ""n_pred"": 46}, ""0.7"": {""matched"": 5, ""n_gt"": 26, ""n_pred"": 46}}",46,0,1,8.955125286999646,True,True
m05-chat_dpr3_dark_V12,m05-chat_dpr3_dark,m05-chat,mobile,3,dark,V12,png,,0.5,585,1266,175279,1.893347,chromium,paddle_v5_mobile,ok,0.9462365591397849,"{""0.3"": {""matched"": 26, ""n_gt"": 26, ""n_pred"": 27}, ""0.5"": {""matched"": 26, ""n_gt"": 26, ""n_pred"": 27}, ""0.7"": {""matched"": 11, ""n_gt"": 26, ""n_pred"": 27}}",27,0,1,4.636141017000227,True,True
m05-chat_dpr3_dark_V13,m05-chat_dpr3_dark,m05-chat,mobile,3,dark,V13,jpeg,75,0.5,585,1266,67116,0.724981,chromium,paddle_v5_mobile,ok,0.9297297297297297,"{""0.3"": {""matched"": 26, ""n_gt"": 26, ""n_pred"": 26}, ""0.5"": {""matched"": 25, ""n_gt"": 26, ""n_pred"": 26}, ""0.7"": {""matched"": 10, ""n_gt"": 26, ""n_pred"": 26}}",26,0,1,4.346375877000355,True,True
m05-chat_dpr3_light_V00,m05-chat_dpr3_light,m05-chat,mobile,3,light,V00,png,,1.0,1170,2532,191237,0.516431,chromium,paddle_v5_mobile,ok,0.9789473684210526,"{""0.3"": {""matched"": 26, ""n_gt"": 26, ""n_pred"": 46}, ""0.5"": {""matched"": 20, ""n_gt"": 26, ""n_pred"": 46}, ""0.7"": {""matched"": 2, ""n_gt"": 26, ""n_pred"": 46}}",46,0,1,8.735300315000131,True,True
m05-chat_dpr3_light_V02,m05-chat_dpr3_light,m05-chat,mobile,3,light,V02,jpeg,95,1.0,1170,2532,352533,0.952007,chromium,paddle_v5_mobile,ok,0.9732620320855615,"{""0.3"": {""matched"": 26, ""n_gt"": 26, ""n_pred"": 26}, ""0.5"": {""matched"": 23, ""n_gt"": 26, ""n_pred"": 26}, ""0.7"": {""matched"": 9, ""n_gt"": 26, ""n_pred"": 26}}",26,0,1,7.364356424999642,True,True
m05-chat_dpr3_light_V03,m05-chat_dpr3_light,m05-chat,mobile,3,light,V03,jpeg,85,1.0,1170,2532,228871,0.618061,chromium,paddle_v5_mobile,ok,0.935483870967742,"{""0.3"": {""matched"": 26, ""n_gt"": 26, ""n_pred"": 26}, ""0.5"": {""matched"": 23, ""n_gt"": 26, ""n_pred"": 26}, ""0.7"": {""matched"": 10, ""n_gt"": 26, ""n_pred"": 26}}",26,0,1,7.156273366000278,True,True
m05-chat_dpr3_light_V04,m05-chat_dpr3_light,m05-chat,mobile,3,light,V04,jpeg,75,1.0,1170,2532,184827,0.499121,chromium,paddle_v5_mobile,ok,0.9239130434782609,"{""0.3"": {""matched"": 26, ""n_gt"": 26, ""n_pred"": 26}, ""0.5"": {""matched"": 24, ""n_gt"": 26, ""n_pred"": 26}, ""0.7"": {""matched"": 12, ""n_gt"": 26, ""n_pred"": 26}}",26,0,1,7.336383963000117,True,True
m05-chat_dpr3_light_V05,m05-chat_dpr3_light,m05-chat,mobile,3,light,V05,jpeg,60,1.0,1170,2532,153852,0.415474,chromium,paddle_v5_mobile,ok,0.8961748633879781,"{""0.3"": {""matched"": 26, ""n_gt"": 26, ""n_pred"": 26}, ""0.5"": {""matched"": 24, ""n_gt"": 26, ""n_pred"": 26}, ""0.7"": {""matched"": 12, ""n_gt"": 26, ""n_pred"": 26}}",26,0,1,7.674682103000123,True,True
m05-chat_dpr3_light_V06,m05-chat_dpr3_light,m05-chat,mobile,3,light,V06,jpeg,85,1.0,1170,2532,323570,0.873793,chromium,paddle_v5_mobile,ok,0.967741935483871,"{""0.3"": {""matched"": 26, ""n_gt"": 26, ""n_pred"": 26}, ""0.5"": {""matched"": 23, ""n_gt"": 26, ""n_pred"": 26}, ""0.7"": {""matched"": 11, ""n_gt"": 26, ""n_pred"": 26}}",26,0,1,7.395046225000442,True,True
m05-chat_dpr3_light_V07,m05-chat_dpr3_light,m05-chat,mobile,3,light,V07,webp,90,1.0,1170,2532,134100,0.362134,chromium,paddle_v5_mobile,ok,0.9680851063829787,"{""0.3"": {""matched"": 26, ""n_gt"": 26, ""n_pred"": 28}, ""0.5"": {""matched"": 22, ""n_gt"": 26, ""n_pred"": 28}, ""0.7"": {""matched"": 8, ""n_gt"": 26, ""n_pred"": 28}}",28,0,1,7.626721822000036,True,True
m05-chat_dpr3_light_V08,m05-chat_dpr3_light,m05-chat,mobile,3,light,V08,webp,75,1.0,1170,2532,84860,0.229162,chromium,paddle_v5_mobile,ok,0.9405405405405406,"{""0.3"": {""matched"": 26, ""n_gt"": 26, ""n_pred"": 26}, ""0.5"": {""matched"": 23, ""n_gt"": 26, ""n_pred"": 26}, ""0.7"": {""matched"": 11, ""n_gt"": 26, ""n_pred"": 26}}",26,0,1,7.237445750000006,True,True
m05-chat_dpr3_light_V09,m05-chat_dpr3_light,m05-chat,mobile,3,light,V09,webp,50,1.0,1170,2532,69628,0.188029,chromium,paddle_v5_mobile,ok,0.9347826086956522,"{""0.3"": {""matched"": 26, ""n_gt"": 26, ""n_pred"": 26}, ""0.5"": {""matched"": 24, ""n_gt"": 26, ""n_pred"": 26}, ""0.7"": {""matched"": 11, ""n_gt"": 26, ""n_pred"": 26}}",26,0,1,7.2633592809997936,True,True
m05-chat_dpr3_light_V10,m05-chat_dpr3_light,m05-chat,mobile,3,light,V10,avif,80,1.0,1170,2532,77697,0.209819,chromium,paddle_v5_mobile,ok,0.962962962962963,"{""0.3"": {""matched"": 26, ""n_gt"": 26, ""n_pred"": 28}, ""0.5"": {""matched"": 21, ""n_gt"": 26, ""n_pred"": 28}, ""0.7"": {""matched"": 7, ""n_gt"": 26, ""n_pred"": 28}}",28,0,1,7.759843183999692,True,True
m05-chat_dpr3_light_V11,m05-chat_dpr3_light,m05-chat,mobile,3,light,V11,avif,60,1.0,1170,2532,53869,0.145472,chromium,paddle_v5_mobile,ok,0.9513513513513513,"{""0.3"": {""matched"": 26, ""n_gt"": 26, ""n_pred"": 27}, ""0.5"": {""matched"": 23, ""n_gt"": 26, ""n_pred"": 27}, ""0.7"": {""matched"": 8, ""n_gt"": 26, ""n_pred"": 27}}",27,0,1,7.508155430999977,True,True
m05-chat_dpr3_light_V12,m05-chat_dpr3_light,m05-chat,mobile,3,light,V12,png,,0.5,585,1266,169956,1.835849,chromium,paddle_v5_mobile,ok,0.9732620320855615,"{""0.3"": {""matched"": 26, ""n_gt"": 26, ""n_pred"": 26}, ""0.5"": {""matched"": 21, ""n_gt"": 26, ""n_pred"": 26}, ""0.7"": {""matched"": 11, ""n_gt"": 26, ""n_pred"": 26}}",26,0,1,5.091317852999964,True,True
m05-chat_dpr3_light_V13,m05-chat_dpr3_light,m05-chat,mobile,3,light,V13,jpeg,75,0.5,585,1266,69221,0.747719,chromium,paddle_v5_mobile,ok,0.9411764705882354,"{""0.3"": {""matched"": 26, ""n_gt"": 26, ""n_pred"": 27}, ""0.5"": {""matched"": 15, ""n_gt"": 26, ""n_pred"": 27}, ""0.7"": {""matched"": 6, ""n_gt"": 26, ""n_pred"": 27}}",27,0,1,4.533968390999689,True,True
d01-dashboard_dpr1_dark_V00,d01-dashboard_dpr1_dark,d01-dashboard,desktop,1,dark,V00,png,,1.0,1280,800,73416,0.573562,chromium,paddle_v5_server,ok,0.8938053097345133,"{""0.3"": {""matched"": 63, ""n_gt"": 63, ""n_pred"": 65}, ""0.5"": {""matched"": 56, ""n_gt"": 63, ""n_pred"": 65}, ""0.7"": {""matched"": 23, ""n_gt"": 63, ""n_pred"": 65}}",65,0,0,25.337582463000018,True,True
d01-dashboard_dpr1_dark_V02,d01-dashboard_dpr1_dark,d01-dashboard,desktop,1,dark,V02,jpeg,95,1.0,1280,800,120706,0.943016,chromium,paddle_v5_server,ok,0.8767123287671234,"{""0.3"": {""matched"": 62, ""n_gt"": 63, ""n_pred"": 64}, ""0.5"": {""matched"": 48, ""n_gt"": 63, ""n_pred"": 64}, ""0.7"": {""matched"": 16, ""n_gt"": 63, ""n_pred"": 64}}",64,0,0,25.712700208,True,True
d01-dashboard_dpr1_dark_V03,d01-dashboard_dpr1_dark,d01-dashboard,desktop,1,dark,V03,jpeg,85,1.0,1280,800,79053,0.617602,chromium,paddle_v5_server,ok,0.8558139534883721,"{""0.3"": {""matched"": 62, ""n_gt"": 63, ""n_pred"": 64}, ""0.5"": {""matched"": 47, ""n_gt"": 63, ""n_pred"": 64}, ""0.7"": {""matched"": 14, ""n_gt"": 63, ""n_pred"": 64}}",64,0,0,28.35455865099999,True,True
d01-dashboard_dpr1_dark_V04,d01-dashboard_dpr1_dark,d01-dashboard,desktop,1,dark,V04,jpeg,75,1.0,1280,800,64255,0.501992,chromium,paddle_v5_server,ok,0.8504672897196262,"{""0.3"": {""matched"": 62, ""n_gt"": 63, ""n_pred"": 64}, ""0.5"": {""matched"": 45, ""n_gt"": 63, ""n_pred"": 64}, ""0.7"": {""matched"": 10, ""n_gt"": 63, ""n_pred"": 64}}",64,0,0,28.98746211699998,True,True
d01-dashboard_dpr1_dark_V05,d01-dashboard_dpr1_dark,d01-dashboard,desktop,1,dark,V05,jpeg,60,1.0,1280,800,53000,0.414062,chromium,paddle_v5_server,ok,0.8504672897196262,"{""0.3"": {""matched"": 62, ""n_gt"": 63, ""n_pred"": 64}, ""0.5"": {""matched"": 45, ""n_gt"": 63, ""n_pred"": 64}, ""0.7"": {""matched"": 9, ""n_gt"": 63, ""n_pred"": 64}}",64,0,0,26.67728997699996,True,True
d01-dashboard_dpr1_dark_V06,d01-dashboard_dpr1_dark,d01-dashboard,desktop,1,dark,V06,jpeg,85,1.0,1280,800,111149,0.868352,chromium,paddle_v5_server,ok,0.8968609865470852,"{""0.3"": {""matched"": 60, ""n_gt"": 63, ""n_pred"": 63}, ""0.5"": {""matched"": 50, ""n_gt"": 63, ""n_pred"": 63}, ""0.7"": {""matched"": 17, ""n_gt"": 63, ""n_pred"": 63}}",63,0,0,26.239267067000014,True,True
d01-dashboard_dpr1_dark_V07,d01-dashboard_dpr1_dark,d01-dashboard,desktop,1,dark,V07,webp,90,1.0,1280,800,46776,0.365438,chromium,paddle_v5_server,ok,0.9026548672566371,"{""0.3"": {""matched"": 62, ""n_gt"": 63, ""n_pred"": 64}, ""0.5"": {""matched"": 47, ""n_gt"": 63, ""n_pred"": 64}, ""0.7"": {""matched"": 16, ""n_gt"": 63, ""n_pred"": 64}}",64,0,0,26.589903386999993,True,True
d01-dashboard_dpr1_dark_V08,d01-dashboard_dpr1_dark,d01-dashboard,desktop,1,dark,V08,webp,75,1.0,1280,800,30498,0.238266,chromium,paddle_v5_server,ok,0.8411214953271028,"{""0.3"": {""matched"": 63, ""n_gt"": 63, ""n_pred"": 65}, ""0.5"": {""matched"": 47, ""n_gt"": 63, ""n_pred"": 65}, ""0.7"": {""matched"": 17, ""n_gt"": 63, ""n_pred"": 65}}",65,0,0,27.138675158000012,True,True
d01-dashboard_dpr1_dark_V09,d01-dashboard_dpr1_dark,d01-dashboard,desktop,1,dark,V09,webp,50,1.0,1280,800,25222,0.197047,chromium,paddle_v5_server,ok,0.8341232227488152,"{""0.3"": {""matched"": 63, ""n_gt"": 63, ""n_pred"": 64}, ""0.5"": {""matched"": 47, ""n_gt"": 63, ""n_pred"": 64}, ""0.7"": {""matched"": 17, ""n_gt"": 63, ""n_pred"": 64}}",64,0,0,27.067045254999982,True,True
d01-dashboard_dpr1_dark_V10,d01-dashboard_dpr1_dark,d01-dashboard,desktop,1,dark,V10,avif,80,1.0,1280,800,31095,0.24293,chromium,paddle_v5_server,ok,0.9344978165938864,"{""0.3"": {""matched"": 63, ""n_gt"": 63, ""n_pred"": 65}, ""0.5"": {""matched"": 51, ""n_gt"": 63, ""n_pred"": 65}, ""0.7"": {""matched"": 20, ""n_gt"": 63, ""n_pred"": 65}}",65,0,0,27.501686817999996,True,True
d01-dashboard_dpr1_dark_V11,d01-dashboard_dpr1_dark,d01-dashboard,desktop,1,dark,V11,avif,60,1.0,1280,800,22099,0.172648,chromium,paddle_v5_server,ok,0.9523809523809523,"{""0.3"": {""matched"": 61, ""n_gt"": 63, ""n_pred"": 64}, ""0.5"": {""matched"": 50, ""n_gt"": 63, ""n_pred"": 64}, ""0.7"": {""matched"": 21, ""n_gt"": 63, ""n_pred"": 64}}",64,0,0,24.571854669999993,True,True
d01-dashboard_dpr1_dark_V12,d01-dashboard_dpr1_dark,d01-dashboard,desktop,1,dark,V12,png,,0.5,640,400,66396,2.074875,chromium,paddle_v5_server,ok,0.7428571428571429,"{""0.3"": {""matched"": 53, ""n_gt"": 63, ""n_pred"": 55}, ""0.5"": {""matched"": 47, ""n_gt"": 63, ""n_pred"": 55}, ""0.7"": {""matched"": 22, ""n_gt"": 63, ""n_pred"": 55}}",55,0,0,9.759034041999996,True,True
d01-dashboard_dpr1_dark_V13,d01-dashboard_dpr1_dark,d01-dashboard,desktop,1,dark,V13,jpeg,75,0.5,640,400,21378,0.668063,chromium,paddle_v5_server,ok,0.6428571428571429,"{""0.3"": {""matched"": 51, ""n_gt"": 63, ""n_pred"": 52}, ""0.5"": {""matched"": 43, ""n_gt"": 63, ""n_pred"": 52}, ""0.7"": {""matched"": 17, ""n_gt"": 63, ""n_pred"": 52}}",52,0,0,9.963296108999998,True,True
d01-dashboard_dpr1_light_V00,d01-dashboard_dpr1_light,d01-dashboard,desktop,1,light,V00,png,,1.0,1280,800,72672,0.56775,chromium,paddle_v5_server,ok,0.9155555555555557,"{""0.3"": {""matched"": 62, ""n_gt"": 63, ""n_pred"": 65}, ""0.5"": {""matched"": 46, ""n_gt"": 63, ""n_pred"": 65}, ""0.7"": {""matched"": 14, ""n_gt"": 63, ""n_pred"": 65}}",65,0,0,23.643834723999987,True,True
d01-dashboard_dpr1_light_V02,d01-dashboard_dpr1_light,d01-dashboard,desktop,1,light,V02,jpeg,95,1.0,1280,800,124624,0.973625,chromium,paddle_v5_server,ok,0.914798206278027,"{""0.3"": {""matched"": 62, ""n_gt"": 63, ""n_pred"": 63}, ""0.5"": {""matched"": 47, ""n_gt"": 63, ""n_pred"": 63}, ""0.7"": {""matched"": 12, ""n_gt"": 63, ""n_pred"": 63}}",63,0,0,22.246923541,True,True
d01-dashboard_dpr1_light_V03,d01-dashboard_dpr1_light,d01-dashboard,desktop,1,light,V03,jpeg,85,1.0,1280,800,81700,0.638281,chromium,paddle_v5_server,ok,0.9099099099099099,"{""0.3"": {""matched"": 61, ""n_gt"": 63, ""n_pred"": 63}, ""0.5"": {""matched"": 42, ""n_gt"": 63, ""n_pred"": 63}, ""0.7"": {""matched"": 10, ""n_gt"": 63, ""n_pred"": 63}}",63,0,0,22.155233135999993,True,True
d01-dashboard_dpr1_light_V04,d01-dashboard_dpr1_light,d01-dashboard,desktop,1,light,V04,jpeg,75,1.0,1280,800,66482,0.519391,chromium,paddle_v5_server,ok,0.8778280542986426,"{""0.3"": {""matched"": 61, ""n_gt"": 63, ""n_pred"": 63}, ""0.5"": {""matched"": 41, ""n_gt"": 63, ""n_pred"": 63}, ""0.7"": {""matched"": 5, ""n_gt"": 63, ""n_pred"": 63}}",63,0,0,23.19597817700003,True,True
d01-dashboard_dpr1_light_V05,d01-dashboard_dpr1_light,d01-dashboard,desktop,1,light,V05,jpeg,60,1.0,1280,800,55460,0.433281,chromium,paddle_v5_server,ok,0.8888888888888887,"{""0.3"": {""matched"": 61, ""n_gt"": 63, ""n_pred"": 63}, ""0.5"": {""matched"": 36, ""n_gt"": 63, ""n_pred"": 63}, ""0.7"": {""matched"": 6, ""n_gt"": 63, ""n_pred"": 63}}",63,0,0,22.555095833999985,True,True
d01-dashboard_dpr1_light_V06,d01-dashboard_dpr1_light,d01-dashboard,desktop,1,light,V06,jpeg,85,1.0,1280,800,116916,0.913406,chromium,paddle_v5_server,ok,0.9049773755656109,"{""0.3"": {""matched"": 61, ""n_gt"": 63, ""n_pred"": 62}, ""0.5"": {""matched"": 40, ""n_gt"": 63, ""n_pred"": 62}, ""0.7"": {""matched"": 9, ""n_gt"": 63, ""n_pred"": 62}}",62,0,0,23.522132340999974,True,True
d01-dashboard_dpr1_light_V07,d01-dashboard_dpr1_light,d01-dashboard,desktop,1,light,V07,webp,90,1.0,1280,800,48016,0.375125,chromium,paddle_v5_server,ok,0.890909090909091,"{""0.3"": {""matched"": 63, ""n_gt"": 63, ""n_pred"": 64}, ""0.5"": {""matched"": 45, ""n_gt"": 63, ""n_pred"": 64}, ""0.7"": {""matched"": 16, ""n_gt"": 63, ""n_pred"": 64}}",64,0,0,24.018773420000002,True,True
d01-dashboard_dpr1_light_V08,d01-dashboard_dpr1_light,d01-dashboard,desktop,1,light,V08,webp,75,1.0,1280,800,31934,0.249484,chromium,paddle_v5_server,ok,0.9099099099099099,"{""0.3"": {""matched"": 62, ""n_gt"": 63, ""n_pred"": 64}, ""0.5"": {""matched"": 43, ""n_gt"": 63, ""n_pred"": 64}, ""0.7"": {""matched"": 11, ""n_gt"": 63, ""n_pred"": 64}}",64,0,0,23.78677898000001,True,True
d01-dashboard_dpr1_light_V09,d01-dashboard_dpr1_light,d01-dashboard,desktop,1,light,V09,webp,50,1.0,1280,800,26486,0.206922,chromium,paddle_v5_server,ok,0.9237668161434978,"{""0.3"": {""matched"": 62, ""n_gt"": 63, ""n_pred"": 64}, ""0.5"": {""matched"": 39, ""n_gt"": 63, ""n_pred"": 64}, ""0.7"": {""matched"": 6, ""n_gt"": 63, ""n_pred"": 64}}",64,0,0,24.232965375999925,True,True
d01-dashboard_dpr1_light_V10,d01-dashboard_dpr1_light,d01-dashboard,desktop,1,light,V10,avif,80,1.0,1280,800,32413,0.253227,chromium,paddle_v5_server,ok,0.8818181818181818,"{""0.3"": {""matched"": 61, ""n_gt"": 63, ""n_pred"": 64}, ""0.5"": {""matched"": 42, ""n_gt"": 63, ""n_pred"": 64}, ""0.7"": {""matched"": 13, ""n_gt"": 63, ""n_pred"": 64}}",64,0,0,24.28059147199997,True,True
d01-dashboard_dpr1_light_V11,d01-dashboard_dpr1_light,d01-dashboard,desktop,1,light,V11,avif,60,1.0,1280,800,22808,0.178187,chromium,paddle_v5_server,ok,0.8878923766816144,"{""0.3"": {""matched"": 62, ""n_gt"": 63, ""n_pred"": 65}, ""0.5"": {""matched"": 43, ""n_gt"": 63, ""n_pred"": 65}, ""0.7"": {""matched"": 11, ""n_gt"": 63, ""n_pred"": 65}}",65,0,0,25.12088969499996,True,True
d01-dashboard_dpr1_light_V12,d01-dashboard_dpr1_light,d01-dashboard,desktop,1,light,V12,png,,0.5,640,400,59482,1.858812,chromium,paddle_v5_server,ok,0.7741935483870968,"{""0.3"": {""matched"": 55, ""n_gt"": 63, ""n_pred"": 62}, ""0.5"": {""matched"": 30, ""n_gt"": 63, ""n_pred"": 62}, ""0.7"": {""matched"": 3, ""n_gt"": 63, ""n_pred"": 62}}",62,0,0,11.594118447000028,True,True
d01-dashboard_dpr1_light_V13,d01-dashboard_dpr1_light,d01-dashboard,desktop,1,light,V13,jpeg,75,0.5,640,400,21672,0.67725,chromium,paddle_v5_server,ok,0.7047619047619047,"{""0.3"": {""matched"": 55, ""n_gt"": 63, ""n_pred"": 61}, ""0.5"": {""matched"": 28, ""n_gt"": 63, ""n_pred"": 61}, ""0.7"": {""matched"": 3, ""n_gt"": 63, ""n_pred"": 61}}",61,1,0,10.978266772999973,True,True
d01-dashboard_dpr1p5_dark_V00,d01-dashboard_dpr1p5_dark,d01-dashboard,desktop,1.5,dark,V00,png,,1.0,1920,1200,124895,0.433663,chromium,paddle_v5_server,ok,0.9074889867841409,"{""0.3"": {""matched"": 63, ""n_gt"": 63, ""n_pred"": 66}, ""0.5"": {""matched"": 53, ""n_gt"": 63, ""n_pred"": 66}, ""0.7"": {""matched"": 23, ""n_gt"": 63, ""n_pred"": 66}}",66,0,0,65.73179970900003,True,True
d01-dashboard_dpr1p5_dark_V02,d01-dashboard_dpr1p5_dark,d01-dashboard,desktop,1.5,dark,V02,jpeg,95,1.0,1920,1200,217858,0.756451,chromium,paddle_v5_server,ok,0.8841201716738197,"{""0.3"": {""matched"": 62, ""n_gt"": 63, ""n_pred"": 62}, ""0.5"": {""matched"": 49, ""n_gt"": 63, ""n_pred"": 62}, ""0.7"": {""matched"": 23, ""n_gt"": 63, ""n_pred"": 62}}",62,0,0,46.38612551899996,True,True
d01-dashboard_dpr1p5_dark_V03,d01-dashboard_dpr1p5_dark,d01-dashboard,desktop,1.5,dark,V03,jpeg,85,1.0,1920,1200,143655,0.498802,chromium,paddle_v5_server,ok,0.8715596330275228,"{""0.3"": {""matched"": 62, ""n_gt"": 63, ""n_pred"": 62}, ""0.5"": {""matched"": 49, ""n_gt"": 63, ""n_pred"": 62}, ""0.7"": {""matched"": 20, ""n_gt"": 63, ""n_pred"": 62}}",62,0,0,50.888683004000086,True,True
d01-dashboard_dpr1p5_dark_V04,d01-dashboard_dpr1p5_dark,d01-dashboard,desktop,1.5,dark,V04,jpeg,75,1.0,1920,1200,116697,0.405198,chromium,paddle_v5_server,ok,0.8440366972477065,"{""0.3"": {""matched"": 62, ""n_gt"": 63, ""n_pred"": 62}, ""0.5"": {""matched"": 50, ""n_gt"": 63, ""n_pred"": 62}, ""0.7"": {""matched"": 15, ""n_gt"": 63, ""n_pred"": 62}}",62,0,0,46.41750189300001,True,True
d01-dashboard_dpr1p5_dark_V05,d01-dashboard_dpr1p5_dark,d01-dashboard,desktop,1.5,dark,V05,jpeg,60,1.0,1920,1200,97432,0.338306,chromium,paddle_v5_server,ok,0.8648648648648648,"{""0.3"": {""matched"": 62, ""n_gt"": 63, ""n_pred"": 62}, ""0.5"": {""matched"": 46, ""n_gt"": 63, ""n_pred"": 62}, ""0.7"": {""matched"": 11, ""n_gt"": 63, ""n_pred"": 62}}",62,0,0,48.60151069599999,True,True
d01-dashboard_dpr1p5_dark_V06,d01-dashboard_dpr1p5_dark,d01-dashboard,desktop,1.5,dark,V06,jpeg,85,1.0,1920,1200,202450,0.702951,chromium,paddle_v5_server,ok,0.8828828828828829,"{""0.3"": {""matched"": 62, ""n_gt"": 63, ""n_pred"": 62}, ""0.5"": {""matched"": 47, ""n_gt"": 63, ""n_pred"": 62}, ""0.7"": {""matched"": 22, ""n_gt"": 63, ""n_pred"": 62}}",62,0,0,40.56458527799987,True,True
d01-dashboard_dpr1p5_dark_V07,d01-dashboard_dpr1p5_dark,d01-dashboard,desktop,1.5,dark,V07,webp,90,1.0,1920,1200,81192,0.281917,chromium,paddle_v5_server,ok,0.935064935064935,"{""0.3"": {""matched"": 62, ""n_gt"": 63, ""n_pred"": 63}, ""0.5"": {""matched"": 49, ""n_gt"": 63, ""n_pred"": 63}, ""0.7"": {""matched"": 19, ""n_gt"": 63, ""n_pred"": 63}}",63,0,0,40.368091349999986,True,True
d01-dashboard_dpr1p5_dark_V08,d01-dashboard_dpr1p5_dark,d01-dashboard,desktop,1.5,dark,V08,webp,75,1.0,1920,1200,51534,0.178937,chromium,paddle_v5_server,ok,0.8597285067873303,"{""0.3"": {""matched"": 63, ""n_gt"": 63, ""n_pred"": 64}, ""0.5"": {""matched"": 49, ""n_gt"": 63, ""n_pred"": 64}, ""0.7"": {""matched"": 21, ""n_gt"": 63, ""n_pred"": 64}}",64,0,0,53.85859627800005,True,True
d01-dashboard_dpr1p5_dark_V09,d01-dashboard_dpr1p5_dark,d01-dashboard,desktop,1.5,dark,V09,webp,50,1.0,1920,1200,42338,0.147007,chromium,paddle_v5_server,ok,0.8818181818181818,"{""0.3"": {""matched"": 62, ""n_gt"": 63, ""n_pred"": 63}, ""0.5"": {""matched"": 46, ""n_gt"": 63, ""n_pred"": 63}, ""0.7"": {""matched"": 19, ""n_gt"": 63, ""n_pred"": 63}}",63,0,0,66.87271491399997,True,True
d01-dashboard_dpr1p5_dark_V10,d01-dashboard_dpr1p5_dark,d01-dashboard,desktop,1.5,dark,V10,avif,80,1.0,1920,1200,56788,0.197181,chromium,paddle_v5_server,ok,0.9276595744680851,"{""0.3"": {""matched"": 63, ""n_gt"": 63, ""n_pred"": 65}, ""0.5"": {""matched"": 53, ""n_gt"": 63, ""n_pred"": 65}, ""0.7"": {""matched"": 20, ""n_gt"": 63, ""n_pred"": 65}}",65,0,0,64.94881576000012,True,True
d01-dashboard_dpr1p5_dark_V11,d01-dashboard_dpr1p5_dark,d01-dashboard,desktop,1.5,dark,V11,avif,60,1.0,1920,1200,40260,0.139792,chromium,paddle_v5_server,ok,0.8917748917748919,"{""0.3"": {""matched"": 63, ""n_gt"": 63, ""n_pred"": 64}, ""0.5"": {""matched"": 52, ""n_gt"": 63, ""n_pred"": 64}, ""0.7"": {""matched"": 19, ""n_gt"": 63, ""n_pred"": 64}}",64,0,0,47.034291520999886,True,True
d01-dashboard_dpr1p5_dark_V12,d01-dashboard_dpr1p5_dark,d01-dashboard,desktop,1.5,dark,V12,png,,0.5,960,600,112413,1.561292,chromium,paddle_v5_server,ok,0.8810572687224669,"{""0.3"": {""matched"": 63, ""n_gt"": 63, ""n_pred"": 64}, ""0.5"": {""matched"": 52, ""n_gt"": 63, ""n_pred"": 64}, ""0.7"": {""matched"": 26, ""n_gt"": 63, ""n_pred"": 64}}",64,0,0,17.62620767500016,True,True
d01-dashboard_dpr1p5_dark_V13,d01-dashboard_dpr1p5_dark,d01-dashboard,desktop,1.5,dark,V13,jpeg,75,0.5,960,600,41052,0.570167,chromium,paddle_v5_server,ok,0.8703703703703703,"{""0.3"": {""matched"": 62, ""n_gt"": 63, ""n_pred"": 63}, ""0.5"": {""matched"": 57, ""n_gt"": 63, ""n_pred"": 63}, ""0.7"": {""matched"": 19, ""n_gt"": 63, ""n_pred"": 63}}",63,0,0,17.284625412999958,True,True
d01-dashboard_dpr1p5_light_V00,d01-dashboard_dpr1p5_light,d01-dashboard,desktop,1.5,light,V00,png,,1.0,1920,1200,123904,0.430222,chromium,paddle_v5_server,ok,0.8722466960352422,"{""0.3"": {""matched"": 63, ""n_gt"": 63, ""n_pred"": 63}, ""0.5"": {""matched"": 51, ""n_gt"": 63, ""n_pred"": 63}, ""0.7"": {""matched"": 25, ""n_gt"": 63, ""n_pred"": 63}}",63,0,0,43.47728684200001,True,True
d01-dashboard_dpr1p5_light_V02,d01-dashboard_dpr1p5_light,d01-dashboard,desktop,1.5,light,V02,jpeg,95,1.0,1920,1200,226374,0.786021,chromium,paddle_v5_server,ok,0.9270386266094419,"{""0.3"": {""matched"": 63, ""n_gt"": 63, ""n_pred"": 63}, ""0.5"": {""matched"": 47, ""n_gt"": 63, ""n_pred"": 63}, ""0.7"": {""matched"": 17, ""n_gt"": 63, ""n_pred"": 63}}",63,0,0,42.6330225480001,True,True
d01-dashboard_dpr1p5_light_V03,d01-dashboard_dpr1p5_light,d01-dashboard,desktop,1.5,light,V03,jpeg,85,1.0,1920,1200,150234,0.521646,chromium,paddle_v5_server,ok,0.8986784140969162,"{""0.3"": {""matched"": 63, ""n_gt"": 63, ""n_pred"": 63}, ""0.5"": {""matched"": 45, ""n_gt"": 63, ""n_pred"": 63}, ""0.7"": {""matched"": 14, ""n_gt"": 63, ""n_pred"": 63}}",63,0,0,48.555224382000006,True,True
d01-dashboard_dpr1p5_light_V04,d01-dashboard_dpr1p5_light,d01-dashboard,desktop,1.5,light,V04,jpeg,75,1.0,1920,1200,122072,0.423861,chromium,paddle_v5_server,ok,0.9049773755656109,"{""0.3"": {""matched"": 63, ""n_gt"": 63, ""n_pred"": 63}, ""0.5"": {""matched"": 43, ""n_gt"": 63, ""n_pred"": 63}, ""0.7"": {""matched"": 13, ""n_gt"": 63, ""n_pred"": 63}}",63,0,0,44.097621650000065,True,True
d01-dashboard_dpr1p5_light_V05,d01-dashboard_dpr1p5_light,d01-dashboard,desktop,1.5,light,V05,jpeg,60,1.0,1920,1200,101932,0.353931,chromium,paddle_v5_server,ok,0.8878923766816144,"{""0.3"": {""matched"": 63, ""n_gt"": 63, ""n_pred"": 64}, ""0.5"": {""matched"": 45, ""n_gt"": 63, ""n_pred"": 64}, ""0.7"": {""matched"": 11, ""n_gt"": 63, ""n_pred"": 64}}",64,0,0,42.787957776999974,True,True
d01-dashboard_dpr1p5_light_V06,d01-dashboard_dpr1p5_light,d01-dashboard,desktop,1.5,light,V06,jpeg,85,1.0,1920,1200,213071,0.73983,chromium,paddle_v5_server,ok,0.8928571428571428,"{""0.3"": {""matched"": 62, ""n_gt"": 63, ""n_pred"": 63}, ""0.5"": {""matched"": 46, ""n_gt"": 63, ""n_pred"": 63}, ""0.7"": {""matched"": 18, ""n_gt"": 63, ""n_pred"": 63}}",63,0,0,41.658183521999945,True,True
d01-dashboard_dpr1p5_light_V07,d01-dashboard_dpr1p5_light,d01-dashboard,desktop,1.5,light,V07,webp,90,1.0,1920,1200,83020,0.288264,chromium,paddle_v5_server,ok,0.8908296943231442,"{""0.3"": {""matched"": 63, ""n_gt"": 63, ""n_pred"": 64}, ""0.5"": {""matched"": 47, ""n_gt"": 63, ""n_pred"": 64}, ""0.7"": {""matched"": 17, ""n_gt"": 63, ""n_pred"": 64}}",64,0,0,47.55412963999993,True,True
d01-dashboard_dpr1p5_light_V08,d01-dashboard_dpr1p5_light,d01-dashboard,desktop,1.5,light,V08,webp,75,1.0,1920,1200,54068,0.187736,chromium,paddle_v5_server,ok,0.8859649122807017,"{""0.3"": {""matched"": 63, ""n_gt"": 63, ""n_pred"": 64}, ""0.5"": {""matched"": 47, ""n_gt"": 63, ""n_pred"": 64}, ""0.7"": {""matched"": 16, ""n_gt"": 63, ""n_pred"": 64}}",64,0,0,45.775750375999905,True,True
d01-dashboard_dpr1p5_light_V09,d01-dashboard_dpr1p5_light,d01-dashboard,desktop,1.5,light,V09,webp,50,1.0,1920,1200,44676,0.155125,chromium,paddle_v5_server,ok,0.9122807017543859,"{""0.3"": {""matched"": 63, ""n_gt"": 63, ""n_pred"": 64}, ""0.5"": {""matched"": 46, ""n_gt"": 63, ""n_pred"": 64}, ""0.7"": {""matched"": 15, ""n_gt"": 63, ""n_pred"": 64}}",64,0,0,44.32797199299989,True,True
d01-dashboard_dpr1p5_light_V10,d01-dashboard_dpr1p5_light,d01-dashboard,desktop,1.5,light,V10,avif,80,1.0,1920,1200,59819,0.207705,chromium,paddle_v5_server,ok,0.8917748917748919,"{""0.3"": {""matched"": 63, ""n_gt"": 63, ""n_pred"": 64}, ""0.5"": {""matched"": 51, ""n_gt"": 63, ""n_pred"": 64}, ""0.7"": {""matched"": 17, ""n_gt"": 63, ""n_pred"": 64}}",64,0,0,43.632926446000056,True,True
d01-dashboard_dpr1p5_light_V11,d01-dashboard_dpr1p5_light,d01-dashboard,desktop,1.5,light,V11,avif,60,1.0,1920,1200,41647,0.144608,chromium,paddle_v5_server,ok,0.8820960698689956,"{""0.3"": {""matched"": 63, ""n_gt"": 63, ""n_pred"": 64}, ""0.5"": {""matched"": 51, ""n_gt"": 63, ""n_pred"": 64}, ""0.7"": {""matched"": 19, ""n_gt"": 63, ""n_pred"": 64}}",64,0,0,43.897513796999874,True,True
d01-dashboard_dpr1p5_light_V12,d01-dashboard_dpr1p5_light,d01-dashboard,desktop,1.5,light,V12,png,,0.5,960,600,102671,1.425986,chromium,paddle_v5_server,ok,0.8968609865470852,"{""0.3"": {""matched"": 62, ""n_gt"": 63, ""n_pred"": 64}, ""0.5"": {""matched"": 40, ""n_gt"": 63, ""n_pred"": 64}, ""0.7"": {""matched"": 8, ""n_gt"": 63, ""n_pred"": 64}}",64,0,0,16.14123971999993,True,True
d01-dashboard_dpr1p5_light_V13,d01-dashboard_dpr1p5_light,d01-dashboard,desktop,1.5,light,V13,jpeg,75,0.5,960,600,42869,0.595403,chromium,paddle_v5_server,ok,0.8663594470046083,"{""0.3"": {""matched"": 61, ""n_gt"": 63, ""n_pred"": 64}, ""0.5"": {""matched"": 42, ""n_gt"": 63, ""n_pred"": 64}, ""0.7"": {""matched"": 7, ""n_gt"": 63, ""n_pred"": 64}}",64,0,0,15.44306033099997,True,True
d01-dashboard_dpr2_dark_V00,d01-dashboard_dpr2_dark,d01-dashboard,desktop,2,dark,V00,png,,1.0,2560,1600,171364,0.334695,chromium,paddle_v5_server,ok,0.9264069264069263,"{""0.3"": {""matched"": 63, ""n_gt"": 63, ""n_pred"": 66}, ""0.5"": {""matched"": 56, ""n_gt"": 63, ""n_pred"": 66}, ""0.7"": {""matched"": 35, ""n_gt"": 63, ""n_pred"": 66}}",66,0,0,238.3343549409999,True,True
d01-dashboard_dpr2_dark_V02,d01-dashboard_dpr2_dark,d01-dashboard,desktop,2,dark,V02,jpeg,95,1.0,2560,1600,313661,0.612619,chromium,paddle_v5_server,ok,0.8722466960352422,"{""0.3"": {""matched"": 62, ""n_gt"": 63, ""n_pred"": 64}, ""0.5"": {""matched"": 54, ""n_gt"": 63, ""n_pred"": 64}, ""0.7"": {""matched"": 29, ""n_gt"": 63, ""n_pred"": 64}}",64,0,0,220.77435983700025,True,True
d01-dashboard_dpr2_dark_V03,d01-dashboard_dpr2_dark,d01-dashboard,desktop,2,dark,V03,jpeg,85,1.0,2560,1600,213709,0.4174,chromium,paddle_v5_server,ok,0.890909090909091,"{""0.3"": {""matched"": 62, ""n_gt"": 63, ""n_pred"": 62}, ""0.5"": {""matched"": 54, ""n_gt"": 63, ""n_pred"": 62}, ""0.7"": {""matched"": 26, ""n_gt"": 63, ""n_pred"": 62}}",62,0,0,137.33714541300014,True,True
d01-dashboard_dpr2_dark_V04,d01-dashboard_dpr2_dark,d01-dashboard,desktop,2,dark,V04,jpeg,75,1.0,2560,1600,176690,0.345098,chromium,paddle_v5_server,ok,0.9285714285714285,"{""0.3"": {""matched"": 62, ""n_gt"": 63, ""n_pred"": 62}, ""0.5"": {""matched"": 52, ""n_gt"": 63, ""n_pred"": 62}, ""0.7"": {""matched"": 25, ""n_gt"": 63, ""n_pred"": 62}}",62,1,0,175.6679895520001,True,True
d01-dashboard_dpr2_dark_V05,d01-dashboard_dpr2_dark,d01-dashboard,desktop,2,dark,V05,jpeg,60,1.0,2560,1600,149578,0.292145,chromium,paddle_v5_server,ok,0.9285714285714285,"{""0.3"": {""matched"": 62, ""n_gt"": 63, ""n_pred"": 62}, ""0.5"": {""matched"": 54, ""n_gt"": 63, ""n_pred"": 62}, ""0.7"": {""matched"": 22, ""n_gt"": 63, ""n_pred"": 62}}",62,0,0,136.03920814899993,True,True
d01-dashboard_dpr2_dark_V06,d01-dashboard_dpr2_dark,d01-dashboard,desktop,2,dark,V06,jpeg,85,1.0,2560,1600,301545,0.588955,chromium,paddle_v5_server,ok,0.8401826484018265,"{""0.3"": {""matched"": 62, ""n_gt"": 63, ""n_pred"": 63}, ""0.5"": {""matched"": 55, ""n_gt"": 63, ""n_pred"": 63}, ""0.7"": {""matched"": 33, ""n_gt"": 63, ""n_pred"": 63}}",63,0,0,127.88112333399977,True,True
d01-dashboard_dpr2_dark_V07,d01-dashboard_dpr2_dark,d01-dashboard,desktop,2,dark,V07,webp,90,1.0,2560,1600,110500,0.21582,chromium,paddle_v5_server,ok,0.9082969432314411,"{""0.3"": {""matched"": 62, ""n_gt"": 63, ""n_pred"": 66}, ""0.5"": {""matched"": 51, ""n_gt"": 63, ""n_pred"": 66}, ""0.7"": {""matched"": 27, ""n_gt"": 63, ""n_pred"": 66}}",66,0,0,175.26748336799983,True,True
d01-dashboard_dpr2_dark_V08,d01-dashboard_dpr2_dark,d01-dashboard,desktop,2,dark,V08,webp,75,1.0,2560,1600,70512,0.137719,chromium,paddle_v5_server,ok,0.8868778280542987,"{""0.3"": {""matched"": 62, ""n_gt"": 63, ""n_pred"": 62}, ""0.5"": {""matched"": 56, ""n_gt"": 63, ""n_pred"": 62}, ""0.7"": {""matched"": 31, ""n_gt"": 63, ""n_pred"": 62}}",62,0,0,150.02008977900005,True,True
d01-dashboard_dpr2_dark_V09,d01-dashboard_dpr2_dark,d01-dashboard,desktop,2,dark,V09,webp,50,1.0,2560,1600,58154,0.113582,chromium,paddle_v5_server,ok,0.891891891891892,"{""0.3"": {""matched"": 62, ""n_gt"": 63, ""n_pred"": 63}, ""0.5"": {""matched"": 54, ""n_gt"": 63, ""n_pred"": 63}, ""0.7"": {""matched"": 29, ""n_gt"": 63, ""n_pred"": 63}}",63,0,0,131.20216561400002,True,True
d01-dashboard_dpr2_dark_V10,d01-dashboard_dpr2_dark,d01-dashboard,desktop,2,dark,V10,avif,80,1.0,2560,1600,69922,0.136566,chromium,paddle_v5_server,ok,0.8869565217391304,"{""0.3"": {""matched"": 62, ""n_gt"": 63, ""n_pred"": 66}, ""0.5"": {""matched"": 51, ""n_gt"": 63, ""n_pred"": 66}, ""0.7"": {""matched"": 27, ""n_gt"": 63, ""n_pred"": 66}}",66,0,0,119.98686512099994,True,True
d01-dashboard_dpr2_dark_V11,d01-dashboard_dpr2_dark,d01-dashboard,desktop,2,dark,V11,avif,60,1.0,2560,1600,49545,0.096768,chromium,paddle_v5_server,ok,0.9026548672566371,"{""0.3"": {""matched"": 62, ""n_gt"": 63, ""n_pred"": 65}, ""0.5"": {""matched"": 52, ""n_gt"": 63, ""n_pred"": 65}, ""0.7"": {""matched"": 30, ""n_gt"": 63, ""n_pred"": 65}}",65,0,0,133.00934187699977,True,True
d01-dashboard_dpr2_dark_V12,d01-dashboard_dpr2_dark,d01-dashboard,desktop,2,dark,V12,png,,0.5,1280,800,153870,1.202109,chromium,paddle_v5_server,ok,0.9009009009009009,"{""0.3"": {""matched"": 63, ""n_gt"": 63, ""n_pred"": 65}, ""0.5"": {""matched"": 57, ""n_gt"": 63, ""n_pred"": 65}, ""0.7"": {""matched"": 22, ""n_gt"": 63, ""n_pred"": 65}}",65,0,0,25.262856149000072,True,True
d01-dashboard_dpr2_dark_V13,d01-dashboard_dpr2_dark,d01-dashboard,desktop,2,dark,V13,jpeg,75,0.5,1280,800,63365,0.495039,chromium,paddle_v5_server,ok,0.8858447488584474,"{""0.3"": {""matched"": 62, ""n_gt"": 63, ""n_pred"": 63}, ""0.5"": {""matched"": 46, ""n_gt"": 63, ""n_pred"": 63}, ""0.7"": {""matched"": 13, ""n_gt"": 63, ""n_pred"": 63}}",63,1,0,24.24104136400001,True,True
d01-dashboard_dpr2_light_V00,d01-dashboard_dpr2_light,d01-dashboard,desktop,2,light,V00,png,,1.0,2560,1600,171825,0.335596,chromium,paddle_v5_server,ok,0.8658008658008657,"{""0.3"": {""matched"": 63, ""n_gt"": 63, ""n_pred"": 66}, ""0.5"": {""matched"": 60, ""n_gt"": 63, ""n_pred"": 66}, ""0.7"": {""matched"": 37, ""n_gt"": 63, ""n_pred"": 66}}",66,0,0,134.18719509699986,True,True
d01-dashboard_dpr2_light_V02,d01-dashboard_dpr2_light,d01-dashboard,desktop,2,light,V02,jpeg,95,1.0,2560,1600,326771,0.638225,chromium,paddle_v5_server,ok,0.8634361233480177,"{""0.3"": {""matched"": 62, ""n_gt"": 63, ""n_pred"": 63}, ""0.5"": {""matched"": 55, ""n_gt"": 63, ""n_pred"": 63}, ""0.7"": {""matched"": 33, ""n_gt"": 63, ""n_pred"": 63}}",63,0,0,172.41547864899985,True,True
d01-dashboard_dpr2_light_V03,d01-dashboard_dpr2_light,d01-dashboard,desktop,2,light,V03,jpeg,85,1.0,2560,1600,222866,0.435285,chromium,paddle_v5_server,ok,0.8727272727272727,"{""0.3"": {""matched"": 63, ""n_gt"": 63, ""n_pred"": 64}, ""0.5"": {""matched"": 56, ""n_gt"": 63, ""n_pred"": 64}, ""0.7"": {""matched"": 31, ""n_gt"": 63, ""n_pred"": 64}}",64,0,0,178.80306742799985,True,True
d01-dashboard_dpr2_light_V04,d01-dashboard_dpr2_light,d01-dashboard,desktop,2,light,V04,jpeg,75,1.0,2560,1600,182759,0.356951,chromium,paddle_v5_server,ok,0.8401826484018265,"{""0.3"": {""matched"": 62, ""n_gt"": 63, ""n_pred"": 63}, ""0.5"": {""matched"": 55, ""n_gt"": 63, ""n_pred"": 63}, ""0.7"": {""matched"": 30, ""n_gt"": 63, ""n_pred"": 63}}",63,0,0,149.66690037200078,True,True
d01-dashboard_dpr2_light_V05,d01-dashboard_dpr2_light,d01-dashboard,desktop,2,light,V05,jpeg,60,1.0,2560,1600,157029,0.306697,chromium,paddle_v5_server,ok,0.8387096774193549,"{""0.3"": {""matched"": 63, ""n_gt"": 63, ""n_pred"": 64}, ""0.5"": {""matched"": 54, ""n_gt"": 63, ""n_pred"": 64}, ""0.7"": {""matched"": 29, ""n_gt"": 63, ""n_pred"": 64}}",64,0,0,138.65831903599974,True,True
d01-dashboard_dpr2_light_V06,d01-dashboard_dpr2_light,d01-dashboard,desktop,2,light,V06,jpeg,85,1.0,2560,1600,318647,0.622357,chromium,paddle_v5_server,ok,0.8425925925925927,"{""0.3"": {""matched"": 62, ""n_gt"": 63, ""n_pred"": 63}, ""0.5"": {""matched"": 53, ""n_gt"": 63, ""n_pred"": 63}, ""0.7"": {""matched"": 36, ""n_gt"": 63, ""n_pred"": 63}}",63,0,0,186.14216960900012,True,True
d01-dashboard_dpr2_light_V07,d01-dashboard_dpr2_light,d01-dashboard,desktop,2,light,V07,webp,90,1.0,2560,1600,115548,0.22568,chromium,paddle_v5_server,ok,0.8177777777777778,"{""0.3"": {""matched"": 62, ""n_gt"": 63, ""n_pred"": 63}, ""0.5"": {""matched"": 55, ""n_gt"": 63, ""n_pred"": 63}, ""0.7"": {""matched"": 36, ""n_gt"": 63, ""n_pred"": 63}}",63,0,0,112.14864193200083,True,True
d01-dashboard_dpr2_light_V08,d01-dashboard_dpr2_light,d01-dashboard,desktop,2,light,V08,webp,75,1.0,2560,1600,74508,0.145523,chromium,paddle_v5_server,ok,0.8636363636363636,"{""0.3"": {""matched"": 62, ""n_gt"": 63, ""n_pred"": 63}, ""0.5"": {""matched"": 55, ""n_gt"": 63, ""n_pred"": 63}, ""0.7"": {""matched"": 36, ""n_gt"": 63, ""n_pred"": 63}}",63,0,0,132.90647515799992,True,True
d01-dashboard_dpr2_light_V09,d01-dashboard_dpr2_light,d01-dashboard,desktop,2,light,V09,webp,50,1.0,2560,1600,61836,0.120773,chromium,paddle_v5_server,ok,0.8623853211009174,"{""0.3"": {""matched"": 63, ""n_gt"": 63, ""n_pred"": 64}, ""0.5"": {""matched"": 56, ""n_gt"": 63, ""n_pred"": 64}, ""0.7"": {""matched"": 29, ""n_gt"": 63, ""n_pred"": 64}}",64,0,0,99.81121607499972,True,True
d01-dashboard_dpr2_light_V10,d01-dashboard_dpr2_light,d01-dashboard,desktop,2,light,V10,avif,80,1.0,2560,1600,73339,0.14324,chromium,paddle_v5_server,ok,0.8161434977578477,"{""0.3"": {""matched"": 62, ""n_gt"": 63, ""n_pred"": 64}, ""0.5"": {""matched"": 55, ""n_gt"": 63, ""n_pred"": 64}, ""0.7"": {""matched"": 29, ""n_gt"": 63, ""n_pred"": 64}}",64,0,0,147.91065982199962,True,True
d01-dashboard_dpr2_light_V11,d01-dashboard_dpr2_light,d01-dashboard,desktop,2,light,V11,avif,60,1.0,2560,1600,51723,0.101021,chromium,paddle_v5_server,ok,0.8733624454148472,"{""0.3"": {""matched"": 62, ""n_gt"": 63, ""n_pred"": 63}, ""0.5"": {""matched"": 54, ""n_gt"": 63, ""n_pred"": 63}, ""0.7"": {""matched"": 31, ""n_gt"": 63, ""n_pred"": 63}}",63,0,0,139.3829869709998,True,True
d01-dashboard_dpr2_light_V12,d01-dashboard_dpr2_light,d01-dashboard,desktop,2,light,V12,png,,0.5,1280,800,140721,1.099383,chromium,paddle_v5_server,ok,0.8878923766816144,"{""0.3"": {""matched"": 62, ""n_gt"": 63, ""n_pred"": 66}, ""0.5"": {""matched"": 44, ""n_gt"": 63, ""n_pred"": 66}, ""0.7"": {""matched"": 15, ""n_gt"": 63, ""n_pred"": 66}}",66,0,0,28.72787118999986,True,True
d01-dashboard_dpr2_light_V13,d01-dashboard_dpr2_light,d01-dashboard,desktop,2,light,V13,jpeg,75,0.5,1280,800,65282,0.510016,chromium,paddle_v5_server,ok,0.8818181818181818,"{""0.3"": {""matched"": 61, ""n_gt"": 63, ""n_pred"": 63}, ""0.5"": {""matched"": 41, ""n_gt"": 63, ""n_pred"": 63}, ""0.7"": {""matched"": 8, ""n_gt"": 63, ""n_pred"": 63}}",63,0,0,24.39265400900058,True,True
d06-code-editor_dpr1_dark_V00,d06-code-editor_dpr1_dark,d06-code-editor,desktop,1,dark,V00,png,,1.0,1280,800,115563,0.902836,chromium,paddle_v5_server,ok,0.6607142857142858,"{""0.3"": {""matched"": 58, ""n_gt"": 62, ""n_pred"": 64}, ""0.5"": {""matched"": 52, ""n_gt"": 62, ""n_pred"": 64}, ""0.7"": {""matched"": 34, ""n_gt"": 62, ""n_pred"": 64}}",64,0,1,33.91692414800036,True,True
d06-code-editor_dpr1_dark_V02,d06-code-editor_dpr1_dark,d06-code-editor,desktop,1,dark,V02,jpeg,95,1.0,1280,800,167078,1.305297,chromium,paddle_v5_server,ok,0.6130030959752323,"{""0.3"": {""matched"": 60, ""n_gt"": 62, ""n_pred"": 63}, ""0.5"": {""matched"": 53, ""n_gt"": 62, ""n_pred"": 63}, ""0.7"": {""matched"": 30, ""n_gt"": 62, ""n_pred"": 63}}",63,0,1,31.30495418300052,True,True
d06-code-editor_dpr1_dark_V03,d06-code-editor_dpr1_dark,d06-code-editor,desktop,1,dark,V03,jpeg,85,1.0,1280,800,106846,0.834734,chromium,paddle_v5_server,ok,0.691860465116279,"{""0.3"": {""matched"": 59, ""n_gt"": 62, ""n_pred"": 64}, ""0.5"": {""matched"": 51, ""n_gt"": 62, ""n_pred"": 64}, ""0.7"": {""matched"": 29, ""n_gt"": 62, ""n_pred"": 64}}",64,0,1,29.726909165000507,True,True
d06-code-editor_dpr1_dark_V04,d06-code-editor_dpr1_dark,d06-code-editor,desktop,1,dark,V04,jpeg,75,1.0,1280,800,84379,0.659211,chromium,paddle_v5_server,ok,0.6529411764705882,"{""0.3"": {""matched"": 59, ""n_gt"": 62, ""n_pred"": 60}, ""0.5"": {""matched"": 44, ""n_gt"": 62, ""n_pred"": 60}, ""0.7"": {""matched"": 30, ""n_gt"": 62, ""n_pred"": 60}}",60,1,1,32.30547421600022,True,True
d06-code-editor_dpr1_dark_V05,d06-code-editor_dpr1_dark,d06-code-editor,desktop,1,dark,V05,jpeg,60,1.0,1280,800,68179,0.532648,chromium,paddle_v5_server,ok,0.7220630372492837,"{""0.3"": {""matched"": 55, ""n_gt"": 62, ""n_pred"": 60}, ""0.5"": {""matched"": 44, ""n_gt"": 62, ""n_pred"": 60}, ""0.7"": {""matched"": 27, ""n_gt"": 62, ""n_pred"": 60}}",60,0,1,28.236414207999587,True,True
d06-code-editor_dpr1_dark_V06,d06-code-editor_dpr1_dark,d06-code-editor,desktop,1,dark,V06,jpeg,85,1.0,1280,800,156807,1.225055,chromium,paddle_v5_server,ok,0.6686217008797654,"{""0.3"": {""matched"": 59, ""n_gt"": 62, ""n_pred"": 61}, ""0.5"": {""matched"": 51, ""n_gt"": 62, ""n_pred"": 61}, ""0.7"": {""matched"": 32, ""n_gt"": 62, ""n_pred"": 61}}",61,0,1,29.59407845700025,True,True
d06-code-editor_dpr1_dark_V07,d06-code-editor_dpr1_dark,d06-code-editor,desktop,1,dark,V07,webp,90,1.0,1280,800,76046,0.594109,chromium,paddle_v5_server,ok,0.6465256797583082,"{""0.3"": {""matched"": 61, ""n_gt"": 62, ""n_pred"": 65}, ""0.5"": {""matched"": 53, ""n_gt"": 62, ""n_pred"": 65}, ""0.7"": {""matched"": 29, ""n_gt"": 62, ""n_pred"": 65}}",65,0,1,30.546304514999974,True,True
d06-code-editor_dpr1_dark_V08,d06-code-editor_dpr1_dark,d06-code-editor,desktop,1,dark,V08,webp,75,1.0,1280,800,48572,0.379469,chromium,paddle_v5_server,ok,0.6488095238095238,"{""0.3"": {""matched"": 61, ""n_gt"": 62, ""n_pred"": 64}, ""0.5"": {""matched"": 51, ""n_gt"": 62, ""n_pred"": 64}, ""0.7"": {""matched"": 34, ""n_gt"": 62, ""n_pred"": 64}}",64,0,1,29.801253517000077,True,True
d06-code-editor_dpr1_dark_V09,d06-code-editor_dpr1_dark,d06-code-editor,desktop,1,dark,V09,webp,50,1.0,1280,800,39682,0.310016,chromium,paddle_v5_server,ok,0.658753709198813,"{""0.3"": {""matched"": 61, ""n_gt"": 62, ""n_pred"": 63}, ""0.5"": {""matched"": 49, ""n_gt"": 62, ""n_pred"": 63}, ""0.7"": {""matched"": 29, ""n_gt"": 62, ""n_pred"": 63}}",63,0,1,28.463786952999726,True,True
d06-code-editor_dpr1_dark_V10,d06-code-editor_dpr1_dark,d06-code-editor,desktop,1,dark,V10,avif,80,1.0,1280,800,45802,0.357828,chromium,paddle_v5_server,ok,0.6296296296296298,"{""0.3"": {""matched"": 61, ""n_gt"": 62, ""n_pred"": 64}, ""0.5"": {""matched"": 54, ""n_gt"": 62, ""n_pred"": 64}, ""0.7"": {""matched"": 30, ""n_gt"": 62, ""n_pred"": 64}}",64,0,1,28.843719699999383,True,True
d06-code-editor_dpr1_dark_V11,d06-code-editor_dpr1_dark,d06-code-editor,desktop,1,dark,V11,avif,60,1.0,1280,800,31619,0.247023,chromium,paddle_v5_server,ok,0.6296296296296298,"{""0.3"": {""matched"": 62, ""n_gt"": 62, ""n_pred"": 64}, ""0.5"": {""matched"": 58, ""n_gt"": 62, ""n_pred"": 64}, ""0.7"": {""matched"": 29, ""n_gt"": 62, ""n_pred"": 64}}",64,0,1,29.148167749000095,True,True
d06-code-editor_dpr1_dark_V12,d06-code-editor_dpr1_dark,d06-code-editor,desktop,1,dark,V12,png,,0.5,640,400,96707,3.022094,chromium,paddle_v5_server,ok,0.4615384615384615,"{""0.3"": {""matched"": 49, ""n_gt"": 62, ""n_pred"": 50}, ""0.5"": {""matched"": 36, ""n_gt"": 62, ""n_pred"": 50}, ""0.7"": {""matched"": 19, ""n_gt"": 62, ""n_pred"": 50}}",50,0,1,13.952541872999973,True,True
d06-code-editor_dpr1_dark_V13,d06-code-editor_dpr1_dark,d06-code-editor,desktop,1,dark,V13,jpeg,75,0.5,640,400,26025,0.813281,chromium,paddle_v5_server,ok,0.3843843843843843,"{""0.3"": {""matched"": 50, ""n_gt"": 62, ""n_pred"": 53}, ""0.5"": {""matched"": 31, ""n_gt"": 62, ""n_pred"": 53}, ""0.7"": {""matched"": 14, ""n_gt"": 62, ""n_pred"": 53}}",53,0,1,13.092031227000007,True,True
d06-code-editor_dpr1_light_V00,d06-code-editor_dpr1_light,d06-code-editor,desktop,1,light,V00,png,,1.0,1280,800,113625,0.887695,chromium,paddle_v5_server,ok,0.7679558011049723,"{""0.3"": {""matched"": 57, ""n_gt"": 62, ""n_pred"": 61}, ""0.5"": {""matched"": 38, ""n_gt"": 62, ""n_pred"": 61}, ""0.7"": {""matched"": 24, ""n_gt"": 62, ""n_pred"": 61}}",61,0,1,29.024865811999916,True,True
d06-code-editor_dpr1_light_V02,d06-code-editor_dpr1_light,d06-code-editor,desktop,1,light,V02,jpeg,95,1.0,1280,800,167255,1.30668,chromium,paddle_v5_server,ok,0.550632911392405,"{""0.3"": {""matched"": 53, ""n_gt"": 62, ""n_pred"": 57}, ""0.5"": {""matched"": 37, ""n_gt"": 62, ""n_pred"": 57}, ""0.7"": {""matched"": 22, ""n_gt"": 62, ""n_pred"": 57}}",57,0,1,29.85148926599959,True,True
d06-code-editor_dpr1_light_V03,d06-code-editor_dpr1_light,d06-code-editor,desktop,1,light,V03,jpeg,85,1.0,1280,800,106546,0.832391,chromium,paddle_v5_server,ok,0.5874999999999999,"{""0.3"": {""matched"": 51, ""n_gt"": 62, ""n_pred"": 54}, ""0.5"": {""matched"": 36, ""n_gt"": 62, ""n_pred"": 54}, ""0.7"": {""matched"": 18, ""n_gt"": 62, ""n_pred"": 54}}",54,0,1,27.451165596000465,True,True
d06-code-editor_dpr1_light_V04,d06-code-editor_dpr1_light,d06-code-editor,desktop,1,light,V04,jpeg,75,1.0,1280,800,84396,0.659344,chromium,paddle_v5_server,ok,0.6280487804878049,"{""0.3"": {""matched"": 53, ""n_gt"": 62, ""n_pred"": 57}, ""0.5"": {""matched"": 35, ""n_gt"": 62, ""n_pred"": 57}, ""0.7"": {""matched"": 13, ""n_gt"": 62, ""n_pred"": 57}}",57,0,1,28.1774888380005,True,True
d06-code-editor_dpr1_light_V05,d06-code-editor_dpr1_light,d06-code-editor,desktop,1,light,V05,jpeg,60,1.0,1280,800,68337,0.533883,chromium,paddle_v5_server,ok,0.573170731707317,"{""0.3"": {""matched"": 49, ""n_gt"": 62, ""n_pred"": 55}, ""0.5"": {""matched"": 35, ""n_gt"": 62, ""n_pred"": 55}, ""0.7"": {""matched"": 13, ""n_gt"": 62, ""n_pred"": 55}}",55,0,1,26.995177578999574,True,True
d06-code-editor_dpr1_light_V06,d06-code-editor_dpr1_light,d06-code-editor,desktop,1,light,V06,jpeg,85,1.0,1280,800,157132,1.227594,chromium,paddle_v5_server,ok,0.6447761194029851,"{""0.3"": {""matched"": 57, ""n_gt"": 62, ""n_pred"": 59}, ""0.5"": {""matched"": 39, ""n_gt"": 62, ""n_pred"": 59}, ""0.7"": {""matched"": 23, ""n_gt"": 62, ""n_pred"": 59}}",59,0,1,28.97236333500041,True,True
d06-code-editor_dpr1_light_V07,d06-code-editor_dpr1_light,d06-code-editor,desktop,1,light,V07,webp,90,1.0,1280,800,76380,0.596719,chromium,paddle_v5_server,ok,0.56875,"{""0.3"": {""matched"": 57, ""n_gt"": 62, ""n_pred"": 60}, ""0.5"": {""matched"": 38, ""n_gt"": 62, ""n_pred"": 60}, ""0.7"": {""matched"": 23, ""n_gt"": 62, ""n_pred"": 60}}",60,0,1,31.208733125000435,True,True
d06-code-editor_dpr1_light_V08,d06-code-editor_dpr1_light,d06-code-editor,desktop,1,light,V08,webp,75,1.0,1280,800,48802,0.381266,chromium,paddle_v5_server,ok,0.5443037974683544,"{""0.3"": {""matched"": 54, ""n_gt"": 62, ""n_pred"": 60}, ""0.5"": {""matched"": 39, ""n_gt"": 62, ""n_pred"": 60}, ""0.7"": {""matched"": 22, ""n_gt"": 62, ""n_pred"": 60}}",60,0,1,28.739396540999223,True,True
d06-code-editor_dpr1_light_V09,d06-code-editor_dpr1_light,d06-code-editor,desktop,1,light,V09,webp,50,1.0,1280,800,39824,0.311125,chromium,paddle_v5_server,ok,0.5642633228840126,"{""0.3"": {""matched"": 52, ""n_gt"": 62, ""n_pred"": 57}, ""0.5"": {""matched"": 36, ""n_gt"": 62, ""n_pred"": 57}, ""0.7"": {""matched"": 21, ""n_gt"": 62, ""n_pred"": 57}}",57,0,1,32.11934720199952,True,True
d06-code-editor_dpr1_light_V10,d06-code-editor_dpr1_light,d06-code-editor,desktop,1,light,V10,avif,80,1.0,1280,800,45800,0.357812,chromium,paddle_v5_server,ok,0.6338461538461538,"{""0.3"": {""matched"": 60, ""n_gt"": 62, ""n_pred"": 62}, ""0.5"": {""matched"": 40, ""n_gt"": 62, ""n_pred"": 62}, ""0.7"": {""matched"": 24, ""n_gt"": 62, ""n_pred"": 62}}",62,0,1,29.749498814000617,True,True
d06-code-editor_dpr1_light_V11,d06-code-editor_dpr1_light,d06-code-editor,desktop,1,light,V11,avif,60,1.0,1280,800,31820,0.248594,chromium,paddle_v5_server,ok,0.6153846153846154,"{""0.3"": {""matched"": 60, ""n_gt"": 62, ""n_pred"": 60}, ""0.5"": {""matched"": 41, ""n_gt"": 62, ""n_pred"": 60}, ""0.7"": {""matched"": 27, ""n_gt"": 62, ""n_pred"": 60}}",60,0,1,30.372984550000183,True,True
d06-code-editor_dpr1_light_V12,d06-code-editor_dpr1_light,d06-code-editor,desktop,1,light,V12,png,,0.5,640,400,86228,2.694625,chromium,paddle_v5_server,ok,0.5000000000000001,"{""0.3"": {""matched"": 44, ""n_gt"": 62, ""n_pred"": 46}, ""0.5"": {""matched"": 27, ""n_gt"": 62, ""n_pred"": 46}, ""0.7"": {""matched"": 10, ""n_gt"": 62, ""n_pred"": 46}}",46,0,1,14.860259918000338,True,True
d06-code-editor_dpr1_light_V13,d06-code-editor_dpr1_light,d06-code-editor,desktop,1,light,V13,jpeg,75,0.5,640,400,25320,0.79125,chromium,paddle_v5_server,ok,0.23655913978494622,"{""0.3"": {""matched"": 40, ""n_gt"": 62, ""n_pred"": 45}, ""0.5"": {""matched"": 25, ""n_gt"": 62, ""n_pred"": 45}, ""0.7"": {""matched"": 10, ""n_gt"": 62, ""n_pred"": 45}}",45,0,1,13.979892742999255,True,True
d06-code-editor_dpr1p5_dark_V00,d06-code-editor_dpr1p5_dark,d06-code-editor,desktop,1.5,dark,V00,png,,1.0,1920,1200,192228,0.667458,chromium,paddle_v5_server,ok,0.8601583113456464,"{""0.3"": {""matched"": 62, ""n_gt"": 62, ""n_pred"": 84}, ""0.5"": {""matched"": 56, ""n_gt"": 62, ""n_pred"": 84}, ""0.7"": {""matched"": 29, ""n_gt"": 62, ""n_pred"": 84}}",84,0,3,49.648713917999885,True,True
d06-code-editor_dpr1p5_dark_V02,d06-code-editor_dpr1p5_dark,d06-code-editor,desktop,1.5,dark,V02,jpeg,95,1.0,1920,1200,303347,1.053288,chromium,paddle_v5_server,ok,0.7126436781609196,"{""0.3"": {""matched"": 62, ""n_gt"": 62, ""n_pred"": 62}, ""0.5"": {""matched"": 45, ""n_gt"": 62, ""n_pred"": 62}, ""0.7"": {""matched"": 31, ""n_gt"": 62, ""n_pred"": 62}}",62,0,1,49.99305904199991,True,True
d06-code-editor_dpr1p5_dark_V03,d06-code-editor_dpr1p5_dark,d06-code-editor,desktop,1.5,dark,V03,jpeg,85,1.0,1920,1200,193508,0.671903,chromium,paddle_v5_server,ok,0.7956403269754768,"{""0.3"": {""matched"": 59, ""n_gt"": 62, ""n_pred"": 59}, ""0.5"": {""matched"": 40, ""n_gt"": 62, ""n_pred"": 59}, ""0.7"": {""matched"": 28, ""n_gt"": 62, ""n_pred"": 59}}",59,0,1,48.946051205,True,True
d06-code-editor_dpr1p5_dark_V04,d06-code-editor_dpr1p5_dark,d06-code-editor,desktop,1.5,dark,V04,jpeg,75,1.0,1920,1200,154854,0.537687,chromium,paddle_v5_server,ok,0.7967479674796747,"{""0.3"": {""matched"": 60, ""n_gt"": 62, ""n_pred"": 60}, ""0.5"": {""matched"": 41, ""n_gt"": 62, ""n_pred"": 60}, ""0.7"": {""matched"": 24, ""n_gt"": 62, ""n_pred"": 60}}",60,0,1,50.487680152000394,True,True
d06-code-editor_dpr1p5_dark_V05,d06-code-editor_dpr1p5_dark,d06-code-editor,desktop,1.5,dark,V05,jpeg,60,1.0,1920,1200,126848,0.440444,chromium,paddle_v5_server,ok,0.7934782608695652,"{""0.3"": {""matched"": 61, ""n_gt"": 62, ""n_pred"": 61}, ""0.5"": {""matched"": 39, ""n_gt"": 62, ""n_pred"": 61}, ""0.7"": {""matched"": 28, ""n_gt"": 62, ""n_pred"": 61}}",61,0,1,52.05350290200022,True,True
d06-code-editor_dpr1p5_dark_V06,d06-code-editor_dpr1p5_dark,d06-code-editor,desktop,1.5,dark,V06,jpeg,85,1.0,1920,1200,280676,0.974569,chromium,paddle_v5_server,ok,0.8364611260053619,"{""0.3"": {""matched"": 61, ""n_gt"": 62, ""n_pred"": 61}, ""0.5"": {""matched"": 46, ""n_gt"": 62, ""n_pred"": 61}, ""0.7"": {""matched"": 30, ""n_gt"": 62, ""n_pred"": 61}}",61,0,1,49.42573038899991,True,True
d06-code-editor_dpr1p5_dark_V07,d06-code-editor_dpr1p5_dark,d06-code-editor,desktop,1.5,dark,V07,webp,90,1.0,1920,1200,131710,0.457326,chromium,paddle_v5_server,ok,0.7142857142857143,"{""0.3"": {""matched"": 62, ""n_gt"": 62, ""n_pred"": 62}, ""0.5"": {""matched"": 49, ""n_gt"": 62, ""n_pred"": 62}, ""0.7"": {""matched"": 31, ""n_gt"": 62, ""n_pred"": 62}}",62,0,1,46.553942149999784,True,True
d06-code-editor_dpr1p5_dark_V08,d06-code-editor_dpr1p5_dark,d06-code-editor,desktop,1.5,dark,V08,webp,75,1.0,1920,1200,85822,0.297993,chromium,paddle_v5_server,ok,0.728813559322034,"{""0.3"": {""matched"": 62, ""n_gt"": 62, ""n_pred"": 62}, ""0.5"": {""matched"": 43, ""n_gt"": 62, ""n_pred"": 62}, ""0.7"": {""matched"": 31, ""n_gt"": 62, ""n_pred"": 62}}",62,0,1,47.42683583899998,True,True
d06-code-editor_dpr1p5_dark_V09,d06-code-editor_dpr1p5_dark,d06-code-editor,desktop,1.5,dark,V09,webp,50,1.0,1920,1200,70284,0.244042,chromium,paddle_v5_server,ok,0.7167630057803469,"{""0.3"": {""matched"": 62, ""n_gt"": 62, ""n_pred"": 62}, ""0.5"": {""matched"": 47, ""n_gt"": 62, ""n_pred"": 62}, ""0.7"": {""matched"": 33, ""n_gt"": 62, ""n_pred"": 62}}",62,0,1,46.094817187000444,True,True
d06-code-editor_dpr1p5_dark_V10,d06-code-editor_dpr1p5_dark,d06-code-editor,desktop,1.5,dark,V10,avif,80,1.0,1920,1200,118369,0.411003,chromium,paddle_v5_server,ok,0.7277936962750716,"{""0.3"": {""matched"": 62, ""n_gt"": 62, ""n_pred"": 64}, ""0.5"": {""matched"": 49, ""n_gt"": 62, ""n_pred"": 64}, ""0.7"": {""matched"": 31, ""n_gt"": 62, ""n_pred"": 64}}",64,0,1,47.159884255999714,True,True
d06-code-editor_dpr1p5_dark_V11,d06-code-editor_dpr1p5_dark,d06-code-editor,desktop,1.5,dark,V11,avif,60,1.0,1920,1200,78215,0.27158,chromium,paddle_v5_server,ok,0.6862170087976539,"{""0.3"": {""matched"": 62, ""n_gt"": 62, ""n_pred"": 62}, ""0.5"": {""matched"": 45, ""n_gt"": 62, ""n_pred"": 62}, ""0.7"": {""matched"": 30, ""n_gt"": 62, ""n_pred"": 62}}",62,0,1,46.843002780999996,True,True
d06-code-editor_dpr1p5_dark_V12,d06-code-editor_dpr1p5_dark,d06-code-editor,desktop,1.5,dark,V12,png,,0.5,960,600,171260,2.378611,chromium,paddle_v5_server,ok,0.6646884272997033,"{""0.3"": {""matched"": 60, ""n_gt"": 62, ""n_pred"": 62}, ""0.5"": {""matched"": 46, ""n_gt"": 62, ""n_pred"": 62}, ""0.7"": {""matched"": 31, ""n_gt"": 62, ""n_pred"": 62}}",62,0,1,20.18038027000057,True,True
d06-code-editor_dpr1p5_dark_V13,d06-code-editor_dpr1p5_dark,d06-code-editor,desktop,1.5,dark,V13,jpeg,75,0.5,960,600,54085,0.751181,chromium,paddle_v5_server,ok,0.6610644257703081,"{""0.3"": {""matched"": 56, ""n_gt"": 62, ""n_pred"": 58}, ""0.5"": {""matched"": 42, ""n_gt"": 62, ""n_pred"": 58}, ""0.7"": {""matched"": 23, ""n_gt"": 62, ""n_pred"": 58}}",58,0,1,19.538141392999933,True,True
d06-code-editor_dpr1p5_light_V00,d06-code-editor_dpr1p5_light,d06-code-editor,desktop,1.5,light,V00,png,,1.0,1920,1200,191593,0.665253,chromium,paddle_v5_server,ok,0.8753315649867374,"{""0.3"": {""matched"": 60, ""n_gt"": 62, ""n_pred"": 65}, ""0.5"": {""matched"": 38, ""n_gt"": 62, ""n_pred"": 65}, ""0.7"": {""matched"": 30, ""n_gt"": 62, ""n_pred"": 65}}",65,0,1,46.579840748000606,True,True
d06-code-editor_dpr1p5_light_V02,d06-code-editor_dpr1p5_light,d06-code-editor,desktop,1.5,light,V02,jpeg,95,1.0,1920,1200,305897,1.062142,chromium,paddle_v5_server,ok,0.7787114845938375,"{""0.3"": {""matched"": 48, ""n_gt"": 62, ""n_pred"": 53}, ""0.5"": {""matched"": 38, ""n_gt"": 62, ""n_pred"": 53}, ""0.7"": {""matched"": 26, ""n_gt"": 62, ""n_pred"": 53}}",53,0,1,46.89295681499971,True,True
d06-code-editor_dpr1p5_light_V03,d06-code-editor_dpr1p5_light,d06-code-editor,desktop,1.5,light,V03,jpeg,85,1.0,1920,1200,195629,0.679267,chromium,paddle_v5_server,ok,0.8021978021978022,"{""0.3"": {""matched"": 48, ""n_gt"": 62, ""n_pred"": 52}, ""0.5"": {""matched"": 38, ""n_gt"": 62, ""n_pred"": 52}, ""0.7"": {""matched"": 20, ""n_gt"": 62, ""n_pred"": 52}}",52,0,1,46.125353263999386,True,True
d06-code-editor_dpr1p5_light_V04,d06-code-editor_dpr1p5_light,d06-code-editor,desktop,1.5,light,V04,jpeg,75,1.0,1920,1200,156030,0.541771,chromium,paddle_v5_server,ok,0.8260869565217391,"{""0.3"": {""matched"": 48, ""n_gt"": 62, ""n_pred"": 52}, ""0.5"": {""matched"": 37, ""n_gt"": 62, ""n_pred"": 52}, ""0.7"": {""matched"": 18, ""n_gt"": 62, ""n_pred"": 52}}",52,0,1,47.674295896999865,True,True
d06-code-editor_dpr1p5_light_V05,d06-code-editor_dpr1p5_light,d06-code-editor,desktop,1.5,light,V05,jpeg,60,1.0,1920,1200,128284,0.445431,chromium,paddle_v5_server,ok,0.8140161725067385,"{""0.3"": {""matched"": 48, ""n_gt"": 62, ""n_pred"": 52}, ""0.5"": {""matched"": 36, ""n_gt"": 62, ""n_pred"": 52}, ""0.7"": {""matched"": 19, ""n_gt"": 62, ""n_pred"": 52}}",52,0,1,48.2588363320001,True,True
d06-code-editor_dpr1p5_light_V06,d06-code-editor_dpr1p5_light,d06-code-editor,desktop,1.5,light,V06,jpeg,85,1.0,1920,1200,285179,0.990205,chromium,paddle_v5_server,ok,0.8496042216358839,"{""0.3"": {""matched"": 55, ""n_gt"": 62, ""n_pred"": 58}, ""0.5"": {""matched"": 36, ""n_gt"": 62, ""n_pred"": 58}, ""0.7"": {""matched"": 22, ""n_gt"": 62, ""n_pred"": 58}}",58,0,1,47.626945691999936,True,True
d06-code-editor_dpr1p5_light_V07,d06-code-editor_dpr1p5_light,d06-code-editor,desktop,1.5,light,V07,webp,90,1.0,1920,1200,133164,0.462375,chromium,paddle_v5_server,ok,0.7457627118644068,"{""0.3"": {""matched"": 53, ""n_gt"": 62, ""n_pred"": 57}, ""0.5"": {""matched"": 37, ""n_gt"": 62, ""n_pred"": 57}, ""0.7"": {""matched"": 23, ""n_gt"": 62, ""n_pred"": 57}}",57,0,1,47.22040400400056,True,True
d06-code-editor_dpr1p5_light_V08,d06-code-editor_dpr1p5_light,d06-code-editor,desktop,1.5,light,V08,webp,75,1.0,1920,1200,86962,0.301951,chromium,paddle_v5_server,ok,0.8194070080862534,"{""0.3"": {""matched"": 49, ""n_gt"": 62, ""n_pred"": 54}, ""0.5"": {""matched"": 38, ""n_gt"": 62, ""n_pred"": 54}, ""0.7"": {""matched"": 22, ""n_gt"": 62, ""n_pred"": 54}}",54,0,1,46.09257145299944,True,True
d06-code-editor_dpr1p5_light_V09,d06-code-editor_dpr1p5_light,d06-code-editor,desktop,1.5,light,V09,webp,50,1.0,1920,1200,71132,0.246986,chromium,paddle_v5_server,ok,0.8518518518518519,"{""0.3"": {""matched"": 50, ""n_gt"": 62, ""n_pred"": 53}, ""0.5"": {""matched"": 38, ""n_gt"": 62, ""n_pred"": 53}, ""0.7"": {""matched"": 21, ""n_gt"": 62, ""n_pred"": 53}}",53,0,1,47.88267954300045,True,True
d06-code-editor_dpr1p5_light_V10,d06-code-editor_dpr1p5_light,d06-code-editor,desktop,1.5,light,V10,avif,80,1.0,1920,1200,79024,0.274389,chromium,paddle_v5_server,ok,0.7765363128491619,"{""0.3"": {""matched"": 56, ""n_gt"": 62, ""n_pred"": 59}, ""0.5"": {""matched"": 37, ""n_gt"": 62, ""n_pred"": 59}, ""0.7"": {""matched"": 26, ""n_gt"": 62, ""n_pred"": 59}}",59,0,1,49.08507252900017,True,True
d06-code-editor_dpr1p5_light_V11,d06-code-editor_dpr1p5_light,d06-code-editor,desktop,1.5,light,V11,avif,60,1.0,1920,1200,53767,0.186691,chromium,paddle_v5_server,ok,0.7988980716253444,"{""0.3"": {""matched"": 57, ""n_gt"": 62, ""n_pred"": 59}, ""0.5"": {""matched"": 37, ""n_gt"": 62, ""n_pred"": 59}, ""0.7"": {""matched"": 25, ""n_gt"": 62, ""n_pred"": 59}}",59,0,1,48.324119941999925,True,True
d06-code-editor_dpr1p5_light_V12,d06-code-editor_dpr1p5_light,d06-code-editor,desktop,1.5,light,V12,png,,0.5,960,600,153224,2.128111,chromium,paddle_v5_server,ok,0.658753709198813,"{""0.3"": {""matched"": 53, ""n_gt"": 62, ""n_pred"": 59}, ""0.5"": {""matched"": 35, ""n_gt"": 62, ""n_pred"": 59}, ""0.7"": {""matched"": 18, ""n_gt"": 62, ""n_pred"": 59}}",59,0,1,20.894785155000136,True,True
d06-code-editor_dpr1p5_light_V13,d06-code-editor_dpr1p5_light,d06-code-editor,desktop,1.5,light,V13,jpeg,75,0.5,960,600,52798,0.733306,chromium,paddle_v5_server,ok,0.5449101796407186,"{""0.3"": {""matched"": 46, ""n_gt"": 62, ""n_pred"": 52}, ""0.5"": {""matched"": 33, ""n_gt"": 62, ""n_pred"": 52}, ""0.7"": {""matched"": 13, ""n_gt"": 62, ""n_pred"": 52}}",52,0,1,18.734534265000548,True,True
d06-code-editor_dpr2_dark_V00,d06-code-editor_dpr2_dark,d06-code-editor,desktop,2,dark,V00,png,,1.0,2560,1600,267340,0.522148,chromium,paddle_v5_server,ok,0.12206572769953053,"{""0.3"": {""matched"": 6, ""n_gt"": 62, ""n_pred"": 7}, ""0.5"": {""matched"": 6, ""n_gt"": 62, ""n_pred"": 7}, ""0.7"": {""matched"": 4, ""n_gt"": 62, ""n_pred"": 7}}",7,0,0,141.44896565499948,True,True
d06-code-editor_dpr2_dark_V02,d06-code-editor_dpr2_dark,d06-code-editor,desktop,2,dark,V02,jpeg,95,1.0,2560,1600,454623,0.887936,chromium,paddle_v5_server,ok,0.8152173913043479,"{""0.3"": {""matched"": 62, ""n_gt"": 62, ""n_pred"": 63}, ""0.5"": {""matched"": 40, ""n_gt"": 62, ""n_pred"": 63}, ""0.7"": {""matched"": 30, ""n_gt"": 62, ""n_pred"": 63}}",63,1,1,137.09301292199962,True,True
d06-code-editor_dpr2_dark_V03,d06-code-editor_dpr2_dark,d06-code-editor,desktop,2,dark,V03,jpeg,85,1.0,2560,1600,292896,0.572063,chromium,paddle_v5_server,ok,0.8854166666666666,"{""0.3"": {""matched"": 62, ""n_gt"": 62, ""n_pred"": 63}, ""0.5"": {""matched"": 39, ""n_gt"": 62, ""n_pred"": 63}, ""0.7"": {""matched"": 31, ""n_gt"": 62, ""n_pred"": 63}}",63,1,1,125.94779222899979,True,True
d06-code-editor_dpr2_dark_V04,d06-code-editor_dpr2_dark,d06-code-editor,desktop,2,dark,V04,jpeg,75,1.0,2560,1600,236073,0.46108,chromium,paddle_v5_server,ok,0.9053708439897699,"{""0.3"": {""matched"": 62, ""n_gt"": 62, ""n_pred"": 63}, ""0.5"": {""matched"": 39, ""n_gt"": 62, ""n_pred"": 63}, ""0.7"": {""matched"": 32, ""n_gt"": 62, ""n_pred"": 63}}",63,0,1,171.53827344299953,True,True
d06-code-editor_dpr2_dark_V05,d06-code-editor_dpr2_dark,d06-code-editor,desktop,2,dark,V05,jpeg,60,1.0,2560,1600,195753,0.38233,chromium,paddle_v5_server,ok,0.8997429305912596,"{""0.3"": {""matched"": 62, ""n_gt"": 62, ""n_pred"": 63}, ""0.5"": {""matched"": 40, ""n_gt"": 62, ""n_pred"": 63}, ""0.7"": {""matched"": 29, ""n_gt"": 62, ""n_pred"": 63}}",63,1,1,121.44998480999948,True,True
d06-code-editor_dpr2_dark_V06,d06-code-editor_dpr2_dark,d06-code-editor,desktop,2,dark,V06,jpeg,85,1.0,2560,1600,423694,0.827527,chromium,paddle_v5_server,ok,0.09433962264150944,"{""0.3"": {""matched"": 6, ""n_gt"": 62, ""n_pred"": 6}, ""0.5"": {""matched"": 6, ""n_gt"": 62, ""n_pred"": 6}, ""0.7"": {""matched"": 2, ""n_gt"": 62, ""n_pred"": 6}}",6,0,0,122.96949246900022,True,True
d06-code-editor_dpr2_dark_V07,d06-code-editor_dpr2_dark,d06-code-editor,desktop,2,dark,V07,webp,90,1.0,2560,1600,186992,0.365219,chromium,paddle_v5_server,ok,0.8502673796791445,"{""0.3"": {""matched"": 62, ""n_gt"": 62, ""n_pred"": 63}, ""0.5"": {""matched"": 40, ""n_gt"": 62, ""n_pred"": 63}, ""0.7"": {""matched"": 34, ""n_gt"": 62, ""n_pred"": 63}}",63,1,1,83.7370267260003,True,True
d06-code-editor_dpr2_dark_V08,d06-code-editor_dpr2_dark,d06-code-editor,desktop,2,dark,V08,webp,75,1.0,2560,1600,120144,0.234656,chromium,paddle_v5_server,ok,0.8065395095367848,"{""0.3"": {""matched"": 62, ""n_gt"": 62, ""n_pred"": 63}, ""0.5"": {""matched"": 41, ""n_gt"": 62, ""n_pred"": 63}, ""0.7"": {""matched"": 33, ""n_gt"": 62, ""n_pred"": 63}}",63,1,1,157.22866244000124,True,True
d06-code-editor_dpr2_dark_V09,d06-code-editor_dpr2_dark,d06-code-editor,desktop,2,dark,V09,webp,50,1.0,2560,1600,98196,0.191789,chromium,paddle_v5_server,ok,0.8065395095367848,"{""0.3"": {""matched"": 62, ""n_gt"": 62, ""n_pred"": 63}, ""0.5"": {""matched"": 41, ""n_gt"": 62, ""n_pred"": 63}, ""0.7"": {""matched"": 31, ""n_gt"": 62, ""n_pred"": 63}}",63,1,1,126.42490590000125,True,True
d06-code-editor_dpr2_dark_V10,d06-code-editor_dpr2_dark,d06-code-editor,desktop,2,dark,V10,avif,80,1.0,2560,1600,169442,0.330941,chromium,paddle_v5_server,ok,0.9010416666666665,"{""0.3"": {""matched"": 62, ""n_gt"": 62, ""n_pred"": 63}, ""0.5"": {""matched"": 41, ""n_gt"": 62, ""n_pred"": 63}, ""0.7"": {""matched"": 35, ""n_gt"": 62, ""n_pred"": 63}}",63,1,1,127.27988195500075,True,True
d06-code-editor_dpr2_dark_V11,d06-code-editor_dpr2_dark,d06-code-editor,desktop,2,dark,V11,avif,60,1.0,2560,1600,110428,0.21568,chromium,paddle_v5_server,ok,0.8594164456233423,"{""0.3"": {""matched"": 62, ""n_gt"": 62, ""n_pred"": 63}, ""0.5"": {""matched"": 41, ""n_gt"": 62, ""n_pred"": 63}, ""0.7"": {""matched"": 34, ""n_gt"": 62, ""n_pred"": 63}}",63,1,1,122.62208518399893,True,True
d06-code-editor_dpr2_dark_V12,d06-code-editor_dpr2_dark,d06-code-editor,desktop,2,dark,V12,png,,0.5,1280,800,219115,1.711836,chromium,paddle_v5_server,ok,0.6261398176291793,"{""0.3"": {""matched"": 62, ""n_gt"": 62, ""n_pred"": 65}, ""0.5"": {""matched"": 51, ""n_gt"": 62, ""n_pred"": 65}, ""0.7"": {""matched"": 34, ""n_gt"": 62, ""n_pred"": 65}}",65,0,1,35.5210592530002,True,True
d06-code-editor_dpr2_dark_V13,d06-code-editor_dpr2_dark,d06-code-editor,desktop,2,dark,V13,jpeg,75,0.5,1280,800,84964,0.663781,chromium,paddle_v5_server,ok,0.7138810198300283,"{""0.3"": {""matched"": 61, ""n_gt"": 62, ""n_pred"": 63}, ""0.5"": {""matched"": 45, ""n_gt"": 62, ""n_pred"": 63}, ""0.7"": {""matched"": 31, ""n_gt"": 62, ""n_pred"": 63}}",63,0,1,30.36844615800146,True,True
d06-code-editor_dpr2_light_V00,d06-code-editor_dpr2_light,d06-code-editor,desktop,2,light,V00,png,,1.0,2560,1600,266402,0.520316,chromium,paddle_v5_server,ok,0.9289340101522843,"{""0.3"": {""matched"": 62, ""n_gt"": 62, ""n_pred"": 66}, ""0.5"": {""matched"": 37, ""n_gt"": 62, ""n_pred"": 66}, ""0.7"": {""matched"": 31, ""n_gt"": 62, ""n_pred"": 66}}",66,0,1,205.1097990340004,True,True
d06-code-editor_dpr2_light_V02,d06-code-editor_dpr2_light,d06-code-editor,desktop,2,light,V02,jpeg,95,1.0,2560,1600,458672,0.895844,chromium,paddle_v5_server,ok,0.797843665768194,"{""0.3"": {""matched"": 62, ""n_gt"": 62, ""n_pred"": 63}, ""0.5"": {""matched"": 38, ""n_gt"": 62, ""n_pred"": 63}, ""0.7"": {""matched"": 29, ""n_gt"": 62, ""n_pred"": 63}}",63,0,1,169.65023097700032,True,True
d06-code-editor_dpr2_light_V03,d06-code-editor_dpr2_light,d06-code-editor,desktop,2,light,V03,jpeg,85,1.0,2560,1600,295735,0.577607,chromium,paddle_v5_server,ok,0.8097826086956521,"{""0.3"": {""matched"": 62, ""n_gt"": 62, ""n_pred"": 63}, ""0.5"": {""matched"": 38, ""n_gt"": 62, ""n_pred"": 63}, ""0.7"": {""matched"": 29, ""n_gt"": 62, ""n_pred"": 63}}",63,0,1,176.54925107599956,True,True
d06-code-editor_dpr2_light_V04,d06-code-editor_dpr2_light,d06-code-editor,desktop,2,light,V04,jpeg,75,1.0,2560,1600,237552,0.463969,chromium,paddle_v5_server,ok,0.870712401055409,"{""0.3"": {""matched"": 61, ""n_gt"": 62, ""n_pred"": 63}, ""0.5"": {""matched"": 38, ""n_gt"": 62, ""n_pred"": 63}, ""0.7"": {""matched"": 27, ""n_gt"": 62, ""n_pred"": 63}}",63,0,1,156.96976848699887,True,True
d06-code-editor_dpr2_light_V05,d06-code-editor_dpr2_light,d06-code-editor,desktop,2,light,V05,jpeg,60,1.0,2560,1600,197444,0.385633,chromium,paddle_v5_server,ok,0.8601583113456464,"{""0.3"": {""matched"": 61, ""n_gt"": 62, ""n_pred"": 63}, ""0.5"": {""matched"": 38, ""n_gt"": 62, ""n_pred"": 63}, ""0.7"": {""matched"": 27, ""n_gt"": 62, ""n_pred"": 63}}",63,0,1,201.79889399700005,True,True
d06-code-editor_dpr2_light_V06,d06-code-editor_dpr2_light,d06-code-editor,desktop,2,light,V06,jpeg,85,1.0,2560,1600,429903,0.839654,chromium,paddle_v5_server,ok,0.8831168831168831,"{""0.3"": {""matched"": 62, ""n_gt"": 62, ""n_pred"": 63}, ""0.5"": {""matched"": 38, ""n_gt"": 62, ""n_pred"": 63}, ""0.7"": {""matched"": 30, ""n_gt"": 62, ""n_pred"": 63}}",63,0,1,159.15685515800033,True,True
d06-code-editor_dpr2_light_V07,d06-code-editor_dpr2_light,d06-code-editor,desktop,2,light,V07,webp,90,1.0,2560,1600,188544,0.36825,chromium,paddle_v5_server,ok,0.8184281842818428,"{""0.3"": {""matched"": 62, ""n_gt"": 62, ""n_pred"": 63}, ""0.5"": {""matched"": 38, ""n_gt"": 62, ""n_pred"": 63}, ""0.7"": {""matched"": 31, ""n_gt"": 62, ""n_pred"": 63}}",63,0,1,209.28162700699977,True,True
d06-code-editor_dpr2_light_V08,d06-code-editor_dpr2_light,d06-code-editor,desktop,2,light,V08,webp,75,1.0,2560,1600,121978,0.238238,chromium,paddle_v5_server,ok,0.8753315649867374,"{""0.3"": {""matched"": 61, ""n_gt"": 62, ""n_pred"": 63}, ""0.5"": {""matched"": 38, ""n_gt"": 62, ""n_pred"": 63}, ""0.7"": {""matched"": 29, ""n_gt"": 62, ""n_pred"": 63}}",63,0,1,179.20783165699868,True,True
d06-code-editor_dpr2_light_V09,d06-code-editor_dpr2_light,d06-code-editor,desktop,2,light,V09,webp,50,1.0,2560,1600,99612,0.194555,chromium,paddle_v5_server,ok,0.8381962864721486,"{""0.3"": {""matched"": 60, ""n_gt"": 62, ""n_pred"": 62}, ""0.5"": {""matched"": 38, ""n_gt"": 62, ""n_pred"": 62}, ""0.7"": {""matched"": 28, ""n_gt"": 62, ""n_pred"": 62}}",62,0,1,188.04432344299858,True,True
d06-code-editor_dpr2_light_V10,d06-code-editor_dpr2_light,d06-code-editor,desktop,2,light,V10,avif,80,1.0,2560,1600,167988,0.328102,chromium,paddle_v5_server,ok,0.8257372654155496,"{""0.3"": {""matched"": 62, ""n_gt"": 62, ""n_pred"": 63}, ""0.5"": {""matched"": 38, ""n_gt"": 62, ""n_pred"": 63}, ""0.7"": {""matched"": 31, ""n_gt"": 62, ""n_pred"": 63}}",63,0,1,150.3244261689997,True,True
d06-code-editor_dpr2_light_V11,d06-code-editor_dpr2_light,d06-code-editor,desktop,2,light,V11,avif,60,1.0,2560,1600,110442,0.215707,chromium,paddle_v5_server,ok,0.8247978436657682,"{""0.3"": {""matched"": 62, ""n_gt"": 62, ""n_pred"": 63}, ""0.5"": {""matched"": 38, ""n_gt"": 62, ""n_pred"": 63}, ""0.7"": {""matched"": 30, ""n_gt"": 62, ""n_pred"": 63}}",63,0,1,207.56325512500007,True,True
d06-code-editor_dpr2_light_V12,d06-code-editor_dpr2_light,d06-code-editor,desktop,2,light,V12,png,,0.5,1280,800,199725,1.560352,chromium,paddle_v5_server,ok,0.6920821114369501,"{""0.3"": {""matched"": 60, ""n_gt"": 62, ""n_pred"": 60}, ""0.5"": {""matched"": 38, ""n_gt"": 62, ""n_pred"": 60}, ""0.7"": {""matched"": 27, ""n_gt"": 62, ""n_pred"": 60}}",60,0,1,30.056174268000177,True,True
d06-code-editor_dpr2_light_V13,d06-code-editor_dpr2_light,d06-code-editor,desktop,2,light,V13,jpeg,75,0.5,1280,800,84773,0.662289,chromium,paddle_v5_server,ok,0.6627218934911243,"{""0.3"": {""matched"": 53, ""n_gt"": 62, ""n_pred"": 58}, ""0.5"": {""matched"": 37, ""n_gt"": 62, ""n_pred"": 58}, ""0.7"": {""matched"": 14, ""n_gt"": 62, ""n_pred"": 58}}",58,0,1,32.66075058000024,True,True
m01-settings_dpr1_dark_V00,m01-settings_dpr1_dark,m01-settings,mobile,1,dark,V00,png,,1.0,390,844,44933,1.092065,chromium,paddle_v5_server,ok,0.9215686274509803,"{""0.3"": {""matched"": 27, ""n_gt"": 27, ""n_pred"": 29}, ""0.5"": {""matched"": 23, ""n_gt"": 27, ""n_pred"": 29}, ""0.7"": {""matched"": 9, ""n_gt"": 27, ""n_pred"": 29}}",29,0,0,8.796665525000208,True,True
m01-settings_dpr1_dark_V02,m01-settings_dpr1_dark,m01-settings,mobile,1,dark,V02,jpeg,95,1.0,390,844,59902,1.455876,chromium,paddle_v5_server,ok,0.8799999999999999,"{""0.3"": {""matched"": 27, ""n_gt"": 27, ""n_pred"": 29}, ""0.5"": {""matched"": 23, ""n_gt"": 27, ""n_pred"": 29}, ""0.7"": {""matched"": 6, ""n_gt"": 27, ""n_pred"": 29}}",29,0,0,8.310492449000776,True,True
m01-settings_dpr1_dark_V03,m01-settings_dpr1_dark,m01-settings,mobile,1,dark,V03,jpeg,85,1.0,390,844,38077,0.925434,chromium,paddle_v5_server,ok,0.7789473684210527,"{""0.3"": {""matched"": 27, ""n_gt"": 27, ""n_pred"": 29}, ""0.5"": {""matched"": 23, ""n_gt"": 27, ""n_pred"": 29}, ""0.7"": {""matched"": 8, ""n_gt"": 27, ""n_pred"": 29}}",29,0,0,7.9134308630000305,True,True
m01-settings_dpr1_dark_V04,m01-settings_dpr1_dark,m01-settings,mobile,1,dark,V04,jpeg,75,1.0,390,844,30455,0.740187,chromium,paddle_v5_server,ok,0.8,"{""0.3"": {""matched"": 27, ""n_gt"": 27, ""n_pred"": 28}, ""0.5"": {""matched"": 20, ""n_gt"": 27, ""n_pred"": 28}, ""0.7"": {""matched"": 8, ""n_gt"": 27, ""n_pred"": 28}}",28,0,0,7.960963577999792,True,True
m01-settings_dpr1_dark_V05,m01-settings_dpr1_dark,m01-settings,mobile,1,dark,V05,jpeg,60,1.0,390,844,24257,0.589549,chromium,paddle_v5_server,ok,0.9306930693069307,"{""0.3"": {""matched"": 27, ""n_gt"": 27, ""n_pred"": 28}, ""0.5"": {""matched"": 22, ""n_gt"": 27, ""n_pred"": 28}, ""0.7"": {""matched"": 4, ""n_gt"": 27, ""n_pred"": 28}}",28,0,0,7.878519564999806,True,True
m01-settings_dpr1_dark_V06,m01-settings_dpr1_dark,m01-settings,mobile,1,dark,V06,jpeg,85,1.0,390,844,51350,1.248025,chromium,paddle_v5_server,ok,0.8041237113402062,"{""0.3"": {""matched"": 27, ""n_gt"": 27, ""n_pred"": 29}, ""0.5"": {""matched"": 22, ""n_gt"": 27, ""n_pred"": 29}, ""0.7"": {""matched"": 6, ""n_gt"": 27, ""n_pred"": 29}}",29,0,0,8.236594568999863,True,True
m01-settings_dpr1_dark_V07,m01-settings_dpr1_dark,m01-settings,mobile,1,dark,V07,webp,90,1.0,390,844,24582,0.597448,chromium,paddle_v5_server,ok,0.8163265306122448,"{""0.3"": {""matched"": 27, ""n_gt"": 27, ""n_pred"": 29}, ""0.5"": {""matched"": 22, ""n_gt"": 27, ""n_pred"": 29}, ""0.7"": {""matched"": 4, ""n_gt"": 27, ""n_pred"": 29}}",29,0,0,8.161798891000217,True,True
m01-settings_dpr1_dark_V08,m01-settings_dpr1_dark,m01-settings,mobile,1,dark,V08,webp,75,1.0,390,844,15544,0.377786,chromium,paddle_v5_server,ok,0.8367346938775511,"{""0.3"": {""matched"": 27, ""n_gt"": 27, ""n_pred"": 28}, ""0.5"": {""matched"": 23, ""n_gt"": 27, ""n_pred"": 28}, ""0.7"": {""matched"": 6, ""n_gt"": 27, ""n_pred"": 28}}",28,0,0,7.973414285999752,True,True
m01-settings_dpr1_dark_V09,m01-settings_dpr1_dark,m01-settings,mobile,1,dark,V09,webp,50,1.0,390,844,12634,0.30706,chromium,paddle_v5_server,ok,0.8484848484848485,"{""0.3"": {""matched"": 27, ""n_gt"": 27, ""n_pred"": 28}, ""0.5"": {""matched"": 23, ""n_gt"": 27, ""n_pred"": 28}, ""0.7"": {""matched"": 4, ""n_gt"": 27, ""n_pred"": 28}}",28,0,0,7.980029821000244,True,True
m01-settings_dpr1_dark_V10,m01-settings_dpr1_dark,m01-settings,mobile,1,dark,V10,avif,80,1.0,390,844,19919,0.484117,chromium,paddle_v5_server,ok,0.9807692307692307,"{""0.3"": {""matched"": 27, ""n_gt"": 27, ""n_pred"": 29}, ""0.5"": {""matched"": 22, ""n_gt"": 27, ""n_pred"": 29}, ""0.7"": {""matched"": 6, ""n_gt"": 27, ""n_pred"": 29}}",29,0,0,8.290230417000203,True,True
m01-settings_dpr1_dark_V11,m01-settings_dpr1_dark,m01-settings,mobile,1,dark,V11,avif,60,1.0,390,844,14086,0.34235,chromium,paddle_v5_server,ok,0.9411764705882353,"{""0.3"": {""matched"": 27, ""n_gt"": 27, ""n_pred"": 28}, ""0.5"": {""matched"": 23, ""n_gt"": 27, ""n_pred"": 28}, ""0.7"": {""matched"": 7, ""n_gt"": 27, ""n_pred"": 28}}",28,0,0,7.822419412999807,True,True
m01-settings_dpr1_dark_V12,m01-settings_dpr1_dark,m01-settings,mobile,1,dark,V12,png,,0.5,195,422,32889,3.197375,chromium,paddle_v5_server,ok,0.736842105263158,"{""0.3"": {""matched"": 25, ""n_gt"": 27, ""n_pred"": 27}, ""0.5"": {""matched"": 21, ""n_gt"": 27, ""n_pred"": 27}, ""0.7"": {""matched"": 7, ""n_gt"": 27, ""n_pred"": 27}}",27,1,0,4.907537785999921,True,True
m01-settings_dpr1_dark_V13,m01-settings_dpr1_dark,m01-settings,mobile,1,dark,V13,jpeg,75,0.5,195,422,10771,1.047126,chromium,paddle_v5_server,ok,0.6966292134831461,"{""0.3"": {""matched"": 22, ""n_gt"": 27, ""n_pred"": 25}, ""0.5"": {""matched"": 18, ""n_gt"": 27, ""n_pred"": 25}, ""0.7"": {""matched"": 7, ""n_gt"": 27, ""n_pred"": 25}}",25,0,0,3.9462965889997577,True,True
m01-settings_dpr1_light_V00,m01-settings_dpr1_light,m01-settings,mobile,1,light,V00,png,,1.0,390,844,45204,1.098651,chromium,paddle_v5_server,ok,0.9108910891089109,"{""0.3"": {""matched"": 27, ""n_gt"": 27, ""n_pred"": 28}, ""0.5"": {""matched"": 18, ""n_gt"": 27, ""n_pred"": 28}, ""0.7"": {""matched"": 2, ""n_gt"": 27, ""n_pred"": 28}}",28,0,0,8.021694329000638,True,True
m01-settings_dpr1_light_V02,m01-settings_dpr1_light,m01-settings,mobile,1,light,V02,jpeg,95,1.0,390,844,60261,1.464601,chromium,paddle_v5_server,ok,0.92,"{""0.3"": {""matched"": 25, ""n_gt"": 27, ""n_pred"": 28}, ""0.5"": {""matched"": 12, ""n_gt"": 27, ""n_pred"": 28}, ""0.7"": {""matched"": 5, ""n_gt"": 27, ""n_pred"": 28}}",28,0,0,7.572791320999386,True,True
m01-settings_dpr1_light_V03,m01-settings_dpr1_light,m01-settings,mobile,1,light,V03,jpeg,85,1.0,390,844,37989,0.923296,chromium,paddle_v5_server,ok,0.8367346938775511,"{""0.3"": {""matched"": 25, ""n_gt"": 27, ""n_pred"": 28}, ""0.5"": {""matched"": 11, ""n_gt"": 27, ""n_pred"": 28}, ""0.7"": {""matched"": 1, ""n_gt"": 27, ""n_pred"": 28}}",28,0,0,7.457643357999586,True,True
m01-settings_dpr1_light_V04,m01-settings_dpr1_light,m01-settings,mobile,1,light,V04,jpeg,75,1.0,390,844,30013,0.729445,chromium,paddle_v5_server,ok,0.8686868686868686,"{""0.3"": {""matched"": 27, ""n_gt"": 27, ""n_pred"": 28}, ""0.5"": {""matched"": 11, ""n_gt"": 27, ""n_pred"": 28}, ""0.7"": {""matched"": 3, ""n_gt"": 27, ""n_pred"": 28}}",28,0,0,7.641440504999991,True,True
m01-settings_dpr1_light_V05,m01-settings_dpr1_light,m01-settings,mobile,1,light,V05,jpeg,60,1.0,390,844,24658,0.599295,chromium,paddle_v5_server,ok,0.9126213592233009,"{""0.3"": {""matched"": 25, ""n_gt"": 27, ""n_pred"": 29}, ""0.5"": {""matched"": 10, ""n_gt"": 27, ""n_pred"": 29}, ""0.7"": {""matched"": 1, ""n_gt"": 27, ""n_pred"": 29}}",29,0,0,7.78370317200006,True,True
m01-settings_dpr1_light_V06,m01-settings_dpr1_light,m01-settings,mobile,1,light,V06,jpeg,85,1.0,390,844,51944,1.262462,chromium,paddle_v5_server,ok,0.9108910891089109,"{""0.3"": {""matched"": 26, ""n_gt"": 27, ""n_pred"": 28}, ""0.5"": {""matched"": 13, ""n_gt"": 27, ""n_pred"": 28}, ""0.7"": {""matched"": 1, ""n_gt"": 27, ""n_pred"": 28}}",28,0,0,7.483970733000206,True,True
m01-settings_dpr1_light_V07,m01-settings_dpr1_light,m01-settings,mobile,1,light,V07,webp,90,1.0,390,844,24980,0.607121,chromium,paddle_v5_server,ok,0.8571428571428571,"{""0.3"": {""matched"": 27, ""n_gt"": 27, ""n_pred"": 28}, ""0.5"": {""matched"": 13, ""n_gt"": 27, ""n_pred"": 28}, ""0.7"": {""matched"": 1, ""n_gt"": 27, ""n_pred"": 28}}",28,0,0,7.431857452999793,True,True
m01-settings_dpr1_light_V08,m01-settings_dpr1_light,m01-settings,mobile,1,light,V08,webp,75,1.0,390,844,15988,0.388577,chromium,paddle_v5_server,ok,0.8282828282828283,"{""0.3"": {""matched"": 26, ""n_gt"": 27, ""n_pred"": 28}, ""0.5"": {""matched"": 14, ""n_gt"": 27, ""n_pred"": 28}, ""0.7"": {""matched"": 3, ""n_gt"": 27, ""n_pred"": 28}}",28,0,0,7.457190615999934,True,True
m01-settings_dpr1_light_V09,m01-settings_dpr1_light,m01-settings,mobile,1,light,V09,webp,50,1.0,390,844,13048,0.317122,chromium,paddle_v5_server,ok,0.8686868686868686,"{""0.3"": {""matched"": 26, ""n_gt"": 27, ""n_pred"": 28}, ""0.5"": {""matched"": 15, ""n_gt"": 27, ""n_pred"": 28}, ""0.7"": {""matched"": 4, ""n_gt"": 27, ""n_pred"": 28}}",28,0,0,7.485404331000609,True,True
m01-settings_dpr1_light_V10,m01-settings_dpr1_light,m01-settings,mobile,1,light,V10,avif,80,1.0,390,844,20031,0.486839,chromium,paddle_v5_server,ok,0.9,"{""0.3"": {""matched"": 27, ""n_gt"": 27, ""n_pred"": 28}, ""0.5"": {""matched"": 13, ""n_gt"": 27, ""n_pred"": 28}, ""0.7"": {""matched"": 0, ""n_gt"": 27, ""n_pred"": 28}}",28,0,0,7.6881390770004145,True,True
m01-settings_dpr1_light_V11,m01-settings_dpr1_light,m01-settings,mobile,1,light,V11,avif,60,1.0,390,844,14265,0.346701,chromium,paddle_v5_server,ok,0.8484848484848485,"{""0.3"": {""matched"": 27, ""n_gt"": 27, ""n_pred"": 29}, ""0.5"": {""matched"": 14, ""n_gt"": 27, ""n_pred"": 29}, ""0.7"": {""matched"": 3, ""n_gt"": 27, ""n_pred"": 29}}",29,0,0,7.819397454999489,True,True
m01-settings_dpr1_light_V12,m01-settings_dpr1_light,m01-settings,mobile,1,light,V12,png,,0.5,195,422,31346,3.047369,chromium,paddle_v5_server,ok,0.7741935483870968,"{""0.3"": {""matched"": 25, ""n_gt"": 27, ""n_pred"": 27}, ""0.5"": {""matched"": 15, ""n_gt"": 27, ""n_pred"": 27}, ""0.7"": {""matched"": 3, ""n_gt"": 27, ""n_pred"": 27}}",27,0,0,4.134626580000258,True,True
m01-settings_dpr1_light_V13,m01-settings_dpr1_light,m01-settings,mobile,1,light,V13,jpeg,75,0.5,195,422,10318,1.003087,chromium,paddle_v5_server,ok,0.7865168539325842,"{""0.3"": {""matched"": 23, ""n_gt"": 27, ""n_pred"": 24}, ""0.5"": {""matched"": 12, ""n_gt"": 27, ""n_pred"": 24}, ""0.7"": {""matched"": 1, ""n_gt"": 27, ""n_pred"": 24}}",24,0,0,3.6946524619997945,True,True
m01-settings_dpr2_dark_V00,m01-settings_dpr2_dark,m01-settings,mobile,2,dark,V00,png,,1.0,780,1688,101728,0.618107,chromium,paddle_v5_server,ok,0.96,"{""0.3"": {""matched"": 27, ""n_gt"": 27, ""n_pred"": 27}, ""0.5"": {""matched"": 25, ""n_gt"": 27, ""n_pred"": 27}, ""0.7"": {""matched"": 11, ""n_gt"": 27, ""n_pred"": 27}}",27,0,0,23.828397504999884,True,True
m01-settings_dpr2_dark_V02,m01-settings_dpr2_dark,m01-settings,mobile,2,dark,V02,jpeg,95,1.0,780,1688,148333,0.901282,chromium,paddle_v5_server,ok,0.8541666666666666,"{""0.3"": {""matched"": 27, ""n_gt"": 27, ""n_pred"": 28}, ""0.5"": {""matched"": 23, ""n_gt"": 27, ""n_pred"": 28}, ""0.7"": {""matched"": 10, ""n_gt"": 27, ""n_pred"": 28}}",28,0,0,21.848436606000178,True,True
m01-settings_dpr2_dark_V03,m01-settings_dpr2_dark,m01-settings,mobile,2,dark,V03,jpeg,85,1.0,780,1688,96051,0.583613,chromium,paddle_v5_server,ok,0.845360824742268,"{""0.3"": {""matched"": 27, ""n_gt"": 27, ""n_pred"": 28}, ""0.5"": {""matched"": 23, ""n_gt"": 27, ""n_pred"": 28}, ""0.7"": {""matched"": 9, ""n_gt"": 27, ""n_pred"": 28}}",28,0,0,23.293846339000083,True,True
m01-settings_dpr2_dark_V04,m01-settings_dpr2_dark,m01-settings,mobile,2,dark,V04,jpeg,75,1.0,780,1688,77659,0.471862,chromium,paddle_v5_server,ok,0.8749999999999999,"{""0.3"": {""matched"": 27, ""n_gt"": 27, ""n_pred"": 27}, ""0.5"": {""matched"": 23, ""n_gt"": 27, ""n_pred"": 27}, ""0.7"": {""matched"": 9, ""n_gt"": 27, ""n_pred"": 27}}",27,0,0,21.47201807699912,True,True
m01-settings_dpr2_dark_V05,m01-settings_dpr2_dark,m01-settings,mobile,2,dark,V05,jpeg,60,1.0,780,1688,64195,0.390053,chromium,paddle_v5_server,ok,0.8631578947368421,"{""0.3"": {""matched"": 27, ""n_gt"": 27, ""n_pred"": 27}, ""0.5"": {""matched"": 20, ""n_gt"": 27, ""n_pred"": 27}, ""0.7"": {""matched"": 7, ""n_gt"": 27, ""n_pred"": 27}}",27,0,0,21.26650090699968,True,True
m01-settings_dpr2_dark_V06,m01-settings_dpr2_dark,m01-settings,mobile,2,dark,V06,jpeg,85,1.0,780,1688,131225,0.797333,chromium,paddle_v5_server,ok,0.7391304347826086,"{""0.3"": {""matched"": 27, ""n_gt"": 27, ""n_pred"": 28}, ""0.5"": {""matched"": 24, ""n_gt"": 27, ""n_pred"": 28}, ""0.7"": {""matched"": 11, ""n_gt"": 27, ""n_pred"": 28}}",28,0,0,22.056231438000395,True,True
m01-settings_dpr2_dark_V07,m01-settings_dpr2_dark,m01-settings,mobile,2,dark,V07,webp,90,1.0,780,1688,56082,0.340758,chromium,paddle_v5_server,ok,0.888888888888889,"{""0.3"": {""matched"": 27, ""n_gt"": 27, ""n_pred"": 28}, ""0.5"": {""matched"": 24, ""n_gt"": 27, ""n_pred"": 28}, ""0.7"": {""matched"": 9, ""n_gt"": 27, ""n_pred"": 28}}",28,0,0,21.815721445000236,True,True
m01-settings_dpr2_dark_V08,m01-settings_dpr2_dark,m01-settings,mobile,2,dark,V08,webp,75,1.0,780,1688,35134,0.213477,chromium,paddle_v5_server,ok,0.6888888888888889,"{""0.3"": {""matched"": 27, ""n_gt"": 27, ""n_pred"": 28}, ""0.5"": {""matched"": 23, ""n_gt"": 27, ""n_pred"": 28}, ""0.7"": {""matched"": 8, ""n_gt"": 27, ""n_pred"": 28}}",28,0,0,25.839419154000097,True,True
m01-settings_dpr2_dark_V09,m01-settings_dpr2_dark,m01-settings,mobile,2,dark,V09,webp,50,1.0,780,1688,28356,0.172293,chromium,paddle_v5_server,ok,0.7741935483870968,"{""0.3"": {""matched"": 27, ""n_gt"": 27, ""n_pred"": 27}, ""0.5"": {""matched"": 23, ""n_gt"": 27, ""n_pred"": 27}, ""0.7"": {""matched"": 7, ""n_gt"": 27, ""n_pred"": 27}}",27,0,0,23.545418806999805,True,True
m01-settings_dpr2_dark_V10,m01-settings_dpr2_dark,m01-settings,mobile,2,dark,V10,avif,80,1.0,780,1688,38797,0.235733,chromium,paddle_v5_server,ok,0.96,"{""0.3"": {""matched"": 27, ""n_gt"": 27, ""n_pred"": 27}, ""0.5"": {""matched"": 25, ""n_gt"": 27, ""n_pred"": 27}, ""0.7"": {""matched"": 10, ""n_gt"": 27, ""n_pred"": 27}}",27,0,0,21.11581680100062,True,True
m01-settings_dpr2_dark_V11,m01-settings_dpr2_dark,m01-settings,mobile,2,dark,V11,avif,60,1.0,780,1688,27309,0.165931,chromium,paddle_v5_server,ok,0.8775510204081632,"{""0.3"": {""matched"": 27, ""n_gt"": 27, ""n_pred"": 28}, ""0.5"": {""matched"": 24, ""n_gt"": 27, ""n_pred"": 28}, ""0.7"": {""matched"": 8, ""n_gt"": 27, ""n_pred"": 28}}",28,0,0,21.669574569999895,True,True
m01-settings_dpr2_dark_V12,m01-settings_dpr2_dark,m01-settings,mobile,2,dark,V12,png,,0.5,390,844,77665,1.887593,chromium,paddle_v5_server,ok,0.9411764705882353,"{""0.3"": {""matched"": 27, ""n_gt"": 27, ""n_pred"": 29}, ""0.5"": {""matched"": 22, ""n_gt"": 27, ""n_pred"": 29}, ""0.7"": {""matched"": 7, ""n_gt"": 27, ""n_pred"": 29}}",29,0,0,8.280529225999999,True,True
m01-settings_dpr2_dark_V13,m01-settings_dpr2_dark,m01-settings,mobile,2,dark,V13,jpeg,75,0.5,390,844,29494,0.716831,chromium,paddle_v5_server,ok,0.8125,"{""0.3"": {""matched"": 27, ""n_gt"": 27, ""n_pred"": 29}, ""0.5"": {""matched"": 21, ""n_gt"": 27, ""n_pred"": 29}, ""0.7"": {""matched"": 7, ""n_gt"": 27, ""n_pred"": 29}}",29,0,0,7.963753617000293,True,True
m01-settings_dpr2_light_V00,m01-settings_dpr2_light,m01-settings,mobile,2,light,V00,png,,1.0,780,1688,103144,0.62671,chromium,paddle_v5_server,ok,0.8163265306122448,"{""0.3"": {""matched"": 27, ""n_gt"": 27, ""n_pred"": 28}, ""0.5"": {""matched"": 25, ""n_gt"": 27, ""n_pred"": 28}, ""0.7"": {""matched"": 16, ""n_gt"": 27, ""n_pred"": 28}}",28,0,0,22.666208491999896,True,True
m01-settings_dpr2_light_V02,m01-settings_dpr2_light,m01-settings,mobile,2,light,V02,jpeg,95,1.0,780,1688,150575,0.914905,chromium,paddle_v5_server,ok,0.7872340425531916,"{""0.3"": {""matched"": 27, ""n_gt"": 27, ""n_pred"": 27}, ""0.5"": {""matched"": 23, ""n_gt"": 27, ""n_pred"": 27}, ""0.7"": {""matched"": 15, ""n_gt"": 27, ""n_pred"": 27}}",27,0,0,20.987761069000044,True,True
m01-settings_dpr2_light_V03,m01-settings_dpr2_light,m01-settings,mobile,2,light,V03,jpeg,85,1.0,780,1688,97641,0.593274,chromium,paddle_v5_server,ok,0.6966292134831461,"{""0.3"": {""matched"": 27, ""n_gt"": 27, ""n_pred"": 27}, ""0.5"": {""matched"": 22, ""n_gt"": 27, ""n_pred"": 27}, ""0.7"": {""matched"": 11, ""n_gt"": 27, ""n_pred"": 27}}",27,0,0,21.16337266299979,True,True
m01-settings_dpr2_light_V04,m01-settings_dpr2_light,m01-settings,mobile,2,light,V04,jpeg,75,1.0,780,1688,77675,0.471959,chromium,paddle_v5_server,ok,0.717391304347826,"{""0.3"": {""matched"": 27, ""n_gt"": 27, ""n_pred"": 27}, ""0.5"": {""matched"": 21, ""n_gt"": 27, ""n_pred"": 27}, ""0.7"": {""matched"": 13, ""n_gt"": 27, ""n_pred"": 27}}",27,0,0,21.680423550999876,True,True
m01-settings_dpr2_light_V05,m01-settings_dpr2_light,m01-settings,mobile,2,light,V05,jpeg,60,1.0,780,1688,64649,0.392812,chromium,paddle_v5_server,ok,0.7252747252747253,"{""0.3"": {""matched"": 27, ""n_gt"": 27, ""n_pred"": 27}, ""0.5"": {""matched"": 20, ""n_gt"": 27, ""n_pred"": 27}, ""0.7"": {""matched"": 11, ""n_gt"": 27, ""n_pred"": 27}}",27,0,0,21.9209018749998,True,True
m01-settings_dpr2_light_V06,m01-settings_dpr2_light,m01-settings,mobile,2,light,V06,jpeg,85,1.0,780,1688,133980,0.814072,chromium,paddle_v5_server,ok,0.7252747252747253,"{""0.3"": {""matched"": 27, ""n_gt"": 27, ""n_pred"": 27}, ""0.5"": {""matched"": 23, ""n_gt"": 27, ""n_pred"": 27}, ""0.7"": {""matched"": 12, ""n_gt"": 27, ""n_pred"": 27}}",27,0,0,20.323814361000586,True,True
m01-settings_dpr2_light_V07,m01-settings_dpr2_light,m01-settings,mobile,2,light,V07,webp,90,1.0,780,1688,57856,0.351537,chromium,paddle_v5_server,ok,0.7415730337078651,"{""0.3"": {""matched"": 27, ""n_gt"": 27, ""n_pred"": 27}, ""0.5"": {""matched"": 22, ""n_gt"": 27, ""n_pred"": 27}, ""0.7"": {""matched"": 13, ""n_gt"": 27, ""n_pred"": 27}}",27,0,0,21.971019665000313,True,True
m01-settings_dpr2_light_V08,m01-settings_dpr2_light,m01-settings,mobile,2,light,V08,webp,75,1.0,780,1688,36216,0.220051,chromium,paddle_v5_server,ok,0.717391304347826,"{""0.3"": {""matched"": 27, ""n_gt"": 27, ""n_pred"": 29}, ""0.5"": {""matched"": 25, ""n_gt"": 27, ""n_pred"": 29}, ""0.7"": {""matched"": 17, ""n_gt"": 27, ""n_pred"": 29}}",29,0,0,23.34432139800083,True,True
m01-settings_dpr2_light_V09,m01-settings_dpr2_light,m01-settings,mobile,2,light,V09,webp,50,1.0,780,1688,29596,0.179827,chromium,paddle_v5_server,ok,0.6956521739130435,"{""0.3"": {""matched"": 27, ""n_gt"": 27, ""n_pred"": 29}, ""0.5"": {""matched"": 23, ""n_gt"": 27, ""n_pred"": 29}, ""0.7"": {""matched"": 13, ""n_gt"": 27, ""n_pred"": 29}}",29,0,0,21.999899997000284,True,True
m01-settings_dpr2_light_V10,m01-settings_dpr2_light,m01-settings,mobile,2,light,V10,avif,80,1.0,780,1688,38673,0.23498,chromium,paddle_v5_server,ok,0.7311827956989246,"{""0.3"": {""matched"": 27, ""n_gt"": 27, ""n_pred"": 28}, ""0.5"": {""matched"": 22, ""n_gt"": 27, ""n_pred"": 28}, ""0.7"": {""matched"": 17, ""n_gt"": 27, ""n_pred"": 28}}",28,0,0,22.988188833000095,True,True
m01-settings_dpr2_light_V11,m01-settings_dpr2_light,m01-settings,mobile,2,light,V11,avif,60,1.0,780,1688,27575,0.167548,chromium,paddle_v5_server,ok,0.845360824742268,"{""0.3"": {""matched"": 27, ""n_gt"": 27, ""n_pred"": 28}, ""0.5"": {""matched"": 24, ""n_gt"": 27, ""n_pred"": 28}, ""0.7"": {""matched"": 17, ""n_gt"": 27, ""n_pred"": 28}}",28,0,0,22.855565980000392,True,True
m01-settings_dpr2_light_V12,m01-settings_dpr2_light,m01-settings,mobile,2,light,V12,png,,0.5,390,844,75348,1.83128,chromium,paddle_v5_server,ok,0.9108910891089109,"{""0.3"": {""matched"": 27, ""n_gt"": 27, ""n_pred"": 28}, ""0.5"": {""matched"": 13, ""n_gt"": 27, ""n_pred"": 28}, ""0.7"": {""matched"": 1, ""n_gt"": 27, ""n_pred"": 28}}",28,0,0,8.207921528999577,True,True
m01-settings_dpr2_light_V13,m01-settings_dpr2_light,m01-settings,mobile,2,light,V13,jpeg,75,0.5,390,844,29923,0.727257,chromium,paddle_v5_server,ok,0.8282828282828283,"{""0.3"": {""matched"": 26, ""n_gt"": 27, ""n_pred"": 29}, ""0.5"": {""matched"": 12, ""n_gt"": 27, ""n_pred"": 29}, ""0.7"": {""matched"": 2, ""n_gt"": 27, ""n_pred"": 29}}",29,0,0,7.759334491000118,True,True
m01-settings_dpr3_dark_V00,m01-settings_dpr3_dark,m01-settings,mobile,3,dark,V00,png,,1.0,1170,2532,158258,0.427372,chromium,paddle_v5_server,ok,0.9292929292929293,"{""0.3"": {""matched"": 27, ""n_gt"": 27, ""n_pred"": 27}, ""0.5"": {""matched"": 26, ""n_gt"": 27, ""n_pred"": 27}, ""0.7"": {""matched"": 14, ""n_gt"": 27, ""n_pred"": 27}}",27,0,0,44.775894909999806,True,True
m01-settings_dpr3_dark_V02,m01-settings_dpr3_dark,m01-settings,mobile,3,dark,V02,jpeg,95,1.0,1170,2532,259931,0.701938,chromium,paddle_v5_server,ok,0.9504950495049505,"{""0.3"": {""matched"": 27, ""n_gt"": 27, ""n_pred"": 28}, ""0.5"": {""matched"": 25, ""n_gt"": 27, ""n_pred"": 28}, ""0.7"": {""matched"": 13, ""n_gt"": 27, ""n_pred"": 28}}",28,0,0,50.274829705999764,True,True
m01-settings_dpr3_dark_V03,m01-settings_dpr3_dark,m01-settings,mobile,3,dark,V03,jpeg,85,1.0,1170,2532,173589,0.468773,chromium,paddle_v5_server,ok,0.8421052631578948,"{""0.3"": {""matched"": 27, ""n_gt"": 27, ""n_pred"": 28}, ""0.5"": {""matched"": 26, ""n_gt"": 27, ""n_pred"": 28}, ""0.7"": {""matched"": 13, ""n_gt"": 27, ""n_pred"": 28}}",28,0,0,55.516424231999736,True,True
m01-settings_dpr3_dark_V04,m01-settings_dpr3_dark,m01-settings,mobile,3,dark,V04,jpeg,75,1.0,1170,2532,143354,0.387124,chromium,paddle_v5_server,ok,0.8297872340425532,"{""0.3"": {""matched"": 27, ""n_gt"": 27, ""n_pred"": 28}, ""0.5"": {""matched"": 25, ""n_gt"": 27, ""n_pred"": 28}, ""0.7"": {""matched"": 15, ""n_gt"": 27, ""n_pred"": 28}}",28,0,0,47.5693001439995,True,True
m01-settings_dpr3_dark_V05,m01-settings_dpr3_dark,m01-settings,mobile,3,dark,V05,jpeg,60,1.0,1170,2532,121982,0.32941,chromium,paddle_v5_server,ok,0.8421052631578948,"{""0.3"": {""matched"": 27, ""n_gt"": 27, ""n_pred"": 28}, ""0.5"": {""matched"": 25, ""n_gt"": 27, ""n_pred"": 28}, ""0.7"": {""matched"": 14, ""n_gt"": 27, ""n_pred"": 28}}",28,0,0,59.35258959800012,True,True
m01-settings_dpr3_dark_V06,m01-settings_dpr3_dark,m01-settings,mobile,3,dark,V06,jpeg,85,1.0,1170,2532,238035,0.642808,chromium,paddle_v5_server,ok,0.8421052631578948,"{""0.3"": {""matched"": 27, ""n_gt"": 27, ""n_pred"": 28}, ""0.5"": {""matched"": 25, ""n_gt"": 27, ""n_pred"": 28}, ""0.7"": {""matched"": 12, ""n_gt"": 27, ""n_pred"": 28}}",28,0,0,53.605257267000525,True,True
m01-settings_dpr3_dark_V07,m01-settings_dpr3_dark,m01-settings,mobile,3,dark,V07,webp,90,1.0,1170,2532,88344,0.238571,chromium,paddle_v5_server,ok,0.8775510204081632,"{""0.3"": {""matched"": 27, ""n_gt"": 27, ""n_pred"": 28}, ""0.5"": {""matched"": 26, ""n_gt"": 27, ""n_pred"": 28}, ""0.7"": {""matched"": 12, ""n_gt"": 27, ""n_pred"": 28}}",28,0,0,50.77593186299964,True,True
m01-settings_dpr3_dark_V08,m01-settings_dpr3_dark,m01-settings,mobile,3,dark,V08,webp,75,1.0,1170,2532,54258,0.146522,chromium,paddle_v5_server,ok,0.7311827956989246,"{""0.3"": {""matched"": 27, ""n_gt"": 27, ""n_pred"": 28}, ""0.5"": {""matched"": 26, ""n_gt"": 27, ""n_pred"": 28}, ""0.7"": {""matched"": 13, ""n_gt"": 27, ""n_pred"": 28}}",28,0,0,48.53003816900036,True,True
m01-settings_dpr3_dark_V09,m01-settings_dpr3_dark,m01-settings,mobile,3,dark,V09,webp,50,1.0,1170,2532,44070,0.11901,chromium,paddle_v5_server,ok,0.7526881720430109,"{""0.3"": {""matched"": 27, ""n_gt"": 27, ""n_pred"": 27}, ""0.5"": {""matched"": 26, ""n_gt"": 27, ""n_pred"": 27}, ""0.7"": {""matched"": 16, ""n_gt"": 27, ""n_pred"": 27}}",27,0,0,48.72036292300072,True,True
m01-settings_dpr3_dark_V10,m01-settings_dpr3_dark,m01-settings,mobile,3,dark,V10,avif,80,1.0,1170,2532,53603,0.144754,chromium,paddle_v5_server,ok,0.9504950495049505,"{""0.3"": {""matched"": 27, ""n_gt"": 27, ""n_pred"": 28}, ""0.5"": {""matched"": 26, ""n_gt"": 27, ""n_pred"": 28}, ""0.7"": {""matched"": 13, ""n_gt"": 27, ""n_pred"": 28}}",28,0,0,50.156014035000226,True,True
m01-settings_dpr3_dark_V11,m01-settings_dpr3_dark,m01-settings,mobile,3,dark,V11,avif,60,1.0,1170,2532,37511,0.101298,chromium,paddle_v5_server,ok,0.92,"{""0.3"": {""matched"": 27, ""n_gt"": 27, ""n_pred"": 28}, ""0.5"": {""matched"": 26, ""n_gt"": 27, ""n_pred"": 28}, ""0.7"": {""matched"": 13, ""n_gt"": 27, ""n_pred"": 28}}",28,0,0,47.732674803999544,True,True
m01-settings_dpr3_dark_V12,m01-settings_dpr3_dark,m01-settings,mobile,3,dark,V12,png,,0.5,585,1266,138608,1.497231,chromium,paddle_v5_server,ok,0.92,"{""0.3"": {""matched"": 27, ""n_gt"": 27, ""n_pred"": 28}, ""0.5"": {""matched"": 24, ""n_gt"": 27, ""n_pred"": 28}, ""0.7"": {""matched"": 11, ""n_gt"": 27, ""n_pred"": 28}}",28,0,0,13.861776081000244,True,True
m01-settings_dpr3_dark_V13,m01-settings_dpr3_dark,m01-settings,mobile,3,dark,V13,jpeg,75,0.5,585,1266,52796,0.570297,chromium,paddle_v5_server,ok,0.7916666666666666,"{""0.3"": {""matched"": 27, ""n_gt"": 27, ""n_pred"": 28}, ""0.5"": {""matched"": 21, ""n_gt"": 27, ""n_pred"": 28}, ""0.7"": {""matched"": 7, ""n_gt"": 27, ""n_pred"": 28}}",28,0,0,13.351643633999629,True,True
m01-settings_dpr3_light_V00,m01-settings_dpr3_light,m01-settings,mobile,3,light,V00,png,,1.0,1170,2532,159695,0.431253,chromium,paddle_v5_server,ok,0.9108910891089109,"{""0.3"": {""matched"": 27, ""n_gt"": 27, ""n_pred"": 29}, ""0.5"": {""matched"": 26, ""n_gt"": 27, ""n_pred"": 29}, ""0.7"": {""matched"": 15, ""n_gt"": 27, ""n_pred"": 29}}",29,0,0,49.96983417900083,True,True
m01-settings_dpr3_light_V02,m01-settings_dpr3_light,m01-settings,mobile,3,light,V02,jpeg,95,1.0,1170,2532,262612,0.709178,chromium,paddle_v5_server,ok,0.7526881720430109,"{""0.3"": {""matched"": 27, ""n_gt"": 27, ""n_pred"": 29}, ""0.5"": {""matched"": 26, ""n_gt"": 27, ""n_pred"": 29}, ""0.7"": {""matched"": 16, ""n_gt"": 27, ""n_pred"": 29}}",29,0,0,49.76515286199992,True,True
m01-settings_dpr3_light_V03,m01-settings_dpr3_light,m01-settings,mobile,3,light,V03,jpeg,85,1.0,1170,2532,174238,0.470526,chromium,paddle_v5_server,ok,0.717391304347826,"{""0.3"": {""matched"": 27, ""n_gt"": 27, ""n_pred"": 28}, ""0.5"": {""matched"": 25, ""n_gt"": 27, ""n_pred"": 28}, ""0.7"": {""matched"": 17, ""n_gt"": 27, ""n_pred"": 28}}",28,0,0,53.66802450900013,True,True
m01-settings_dpr3_light_V04,m01-settings_dpr3_light,m01-settings,mobile,3,light,V04,jpeg,75,1.0,1170,2532,146034,0.394361,chromium,paddle_v5_server,ok,0.7446808510638299,"{""0.3"": {""matched"": 27, ""n_gt"": 27, ""n_pred"": 29}, ""0.5"": {""matched"": 24, ""n_gt"": 27, ""n_pred"": 29}, ""0.7"": {""matched"": 14, ""n_gt"": 27, ""n_pred"": 29}}",29,0,0,46.85443871900043,True,True
m01-settings_dpr3_light_V05,m01-settings_dpr3_light,m01-settings,mobile,3,light,V05,jpeg,60,1.0,1170,2532,121484,0.328065,chromium,paddle_v5_server,ok,0.6739130434782609,"{""0.3"": {""matched"": 27, ""n_gt"": 27, ""n_pred"": 29}, ""0.5"": {""matched"": 24, ""n_gt"": 27, ""n_pred"": 29}, ""0.7"": {""matched"": 14, ""n_gt"": 27, ""n_pred"": 29}}",29,0,0,54.014091347999965,True,True
m01-settings_dpr3_light_V06,m01-settings_dpr3_light,m01-settings,mobile,3,light,V06,jpeg,85,1.0,1170,2532,241210,0.651382,chromium,paddle_v5_server,ok,0.6444444444444445,"{""0.3"": {""matched"": 27, ""n_gt"": 27, ""n_pred"": 29}, ""0.5"": {""matched"": 24, ""n_gt"": 27, ""n_pred"": 29}, ""0.7"": {""matched"": 15, ""n_gt"": 27, ""n_pred"": 29}}",29,0,0,48.87407981199976,True,True
m01-settings_dpr3_light_V07,m01-settings_dpr3_light,m01-settings,mobile,3,light,V07,webp,90,1.0,1170,2532,91344,0.246672,chromium,paddle_v5_server,ok,0.7252747252747253,"{""0.3"": {""matched"": 27, ""n_gt"": 27, ""n_pred"": 29}, ""0.5"": {""matched"": 25, ""n_gt"": 27, ""n_pred"": 29}, ""0.7"": {""matched"": 15, ""n_gt"": 27, ""n_pred"": 29}}",29,0,0,49.09720831300001,True,True
m01-settings_dpr3_light_V08,m01-settings_dpr3_light,m01-settings,mobile,3,light,V08,webp,75,1.0,1170,2532,56674,0.153047,chromium,paddle_v5_server,ok,0.7311827956989246,"{""0.3"": {""matched"": 27, ""n_gt"": 27, ""n_pred"": 29}, ""0.5"": {""matched"": 26, ""n_gt"": 27, ""n_pred"": 29}, ""0.7"": {""matched"": 15, ""n_gt"": 27, ""n_pred"": 29}}",29,0,0,50.112180252000144,True,True
m01-settings_dpr3_light_V09,m01-settings_dpr3_light,m01-settings,mobile,3,light,V09,webp,50,1.0,1170,2532,46096,0.124481,chromium,paddle_v5_server,ok,0.6813186813186813,"{""0.3"": {""matched"": 27, ""n_gt"": 27, ""n_pred"": 29}, ""0.5"": {""matched"": 25, ""n_gt"": 27, ""n_pred"": 29}, ""0.7"": {""matched"": 16, ""n_gt"": 27, ""n_pred"": 29}}",29,0,0,46.854274058000556,True,True
m01-settings_dpr3_light_V10,m01-settings_dpr3_light,m01-settings,mobile,3,light,V10,avif,80,1.0,1170,2532,54311,0.146666,chromium,paddle_v5_server,ok,0.8799999999999999,"{""0.3"": {""matched"": 27, ""n_gt"": 27, ""n_pred"": 28}, ""0.5"": {""matched"": 25, ""n_gt"": 27, ""n_pred"": 28}, ""0.7"": {""matched"": 17, ""n_gt"": 27, ""n_pred"": 28}}",28,0,0,46.6327531930001,True,True
m01-settings_dpr3_light_V11,m01-settings_dpr3_light,m01-settings,mobile,3,light,V11,avif,60,1.0,1170,2532,37751,0.101946,chromium,paddle_v5_server,ok,0.8163265306122448,"{""0.3"": {""matched"": 27, ""n_gt"": 27, ""n_pred"": 29}, ""0.5"": {""matched"": 25, ""n_gt"": 27, ""n_pred"": 29}, ""0.7"": {""matched"": 16, ""n_gt"": 27, ""n_pred"": 29}}",29,0,0,53.518506366999645,True,True
m01-settings_dpr3_light_V12,m01-settings_dpr3_light,m01-settings,mobile,3,light,V12,png,,0.5,585,1266,132638,1.432743,chromium,paddle_v5_server,ok,0.8723404255319148,"{""0.3"": {""matched"": 27, ""n_gt"": 27, ""n_pred"": 27}, ""0.5"": {""matched"": 19, ""n_gt"": 27, ""n_pred"": 27}, ""0.7"": {""matched"": 8, ""n_gt"": 27, ""n_pred"": 27}}",27,0,0,13.087098511000477,True,True
m01-settings_dpr3_light_V13,m01-settings_dpr3_light,m01-settings,mobile,3,light,V13,jpeg,75,0.5,585,1266,52654,0.568764,chromium,paddle_v5_server,ok,0.7234042553191489,"{""0.3"": {""matched"": 27, ""n_gt"": 27, ""n_pred"": 28}, ""0.5"": {""matched"": 20, ""n_gt"": 27, ""n_pred"": 28}, ""0.7"": {""matched"": 10, ""n_gt"": 27, ""n_pred"": 28}}",28,0,0,12.8769965649999,True,True
m05-chat_dpr1_dark_V00,m05-chat_dpr1_dark,m05-chat,mobile,1,dark,V00,png,,1.0,390,844,48409,1.176546,chromium,paddle_v5_server,ok,0.967741935483871,"{""0.3"": {""matched"": 26, ""n_gt"": 26, ""n_pred"": 27}, ""0.5"": {""matched"": 25, ""n_gt"": 26, ""n_pred"": 27}, ""0.7"": {""matched"": 14, ""n_gt"": 26, ""n_pred"": 27}}",27,0,1,7.747099707999951,True,True
m05-chat_dpr1_dark_V02,m05-chat_dpr1_dark,m05-chat,mobile,1,dark,V02,jpeg,95,1.0,390,844,77343,1.879767,chromium,paddle_v5_server,ok,0.9398907103825136,"{""0.3"": {""matched"": 26, ""n_gt"": 26, ""n_pred"": 28}, ""0.5"": {""matched"": 24, ""n_gt"": 26, ""n_pred"": 28}, ""0.7"": {""matched"": 15, ""n_gt"": 26, ""n_pred"": 28}}",28,0,1,7.571380244999091,True,True
m05-chat_dpr1_dark_V03,m05-chat_dpr1_dark,m05-chat,mobile,1,dark,V03,jpeg,85,1.0,390,844,48882,1.188042,chromium,paddle_v5_server,ok,0.8361581920903955,"{""0.3"": {""matched"": 26, ""n_gt"": 26, ""n_pred"": 26}, ""0.5"": {""matched"": 25, ""n_gt"": 26, ""n_pred"": 26}, ""0.7"": {""matched"": 15, ""n_gt"": 26, ""n_pred"": 26}}",26,0,1,7.732335291999334,True,True
m05-chat_dpr1_dark_V04,m05-chat_dpr1_dark,m05-chat,mobile,1,dark,V04,jpeg,75,1.0,390,844,38233,0.929226,chromium,paddle_v5_server,ok,0.8409090909090909,"{""0.3"": {""matched"": 26, ""n_gt"": 26, ""n_pred"": 26}, ""0.5"": {""matched"": 24, ""n_gt"": 26, ""n_pred"": 26}, ""0.7"": {""matched"": 14, ""n_gt"": 26, ""n_pred"": 26}}",26,0,1,7.645681275000243,True,True
m05-chat_dpr1_dark_V05,m05-chat_dpr1_dark,m05-chat,mobile,1,dark,V05,jpeg,60,1.0,390,844,30166,0.733163,chromium,paddle_v5_server,ok,0.8587570621468926,"{""0.3"": {""matched"": 26, ""n_gt"": 26, ""n_pred"": 26}, ""0.5"": {""matched"": 24, ""n_gt"": 26, ""n_pred"": 26}, ""0.7"": {""matched"": 13, ""n_gt"": 26, ""n_pred"": 26}}",26,0,1,7.384619886999644,True,True
m05-chat_dpr1_dark_V06,m05-chat_dpr1_dark,m05-chat,mobile,1,dark,V06,jpeg,85,1.0,390,844,67565,1.642119,chromium,paddle_v5_server,ok,0.9050279329608938,"{""0.3"": {""matched"": 26, ""n_gt"": 26, ""n_pred"": 27}, ""0.5"": {""matched"": 24, ""n_gt"": 26, ""n_pred"": 27}, ""0.7"": {""matched"": 14, ""n_gt"": 26, ""n_pred"": 27}}",27,0,1,7.7546131720009726,True,True
m05-chat_dpr1_dark_V07,m05-chat_dpr1_dark,m05-chat,mobile,1,dark,V07,webp,90,1.0,390,844,33252,0.808166,chromium,paddle_v5_server,ok,0.967741935483871,"{""0.3"": {""matched"": 26, ""n_gt"": 26, ""n_pred"": 27}, ""0.5"": {""matched"": 25, ""n_gt"": 26, ""n_pred"": 27}, ""0.7"": {""matched"": 15, ""n_gt"": 26, ""n_pred"": 27}}",27,0,1,7.836546092999924,True,True
m05-chat_dpr1_dark_V08,m05-chat_dpr1_dark,m05-chat,mobile,1,dark,V08,webp,75,1.0,390,844,21494,0.522396,chromium,paddle_v5_server,ok,0.875,"{""0.3"": {""matched"": 26, ""n_gt"": 26, ""n_pred"": 27}, ""0.5"": {""matched"": 25, ""n_gt"": 26, ""n_pred"": 27}, ""0.7"": {""matched"": 10, ""n_gt"": 26, ""n_pred"": 27}}",27,0,1,7.779413221000141,True,True
m05-chat_dpr1_dark_V09,m05-chat_dpr1_dark,m05-chat,mobile,1,dark,V09,webp,50,1.0,390,844,17616,0.428144,chromium,paddle_v5_server,ok,0.8323699421965318,"{""0.3"": {""matched"": 26, ""n_gt"": 26, ""n_pred"": 26}, ""0.5"": {""matched"": 24, ""n_gt"": 26, ""n_pred"": 26}, ""0.7"": {""matched"": 14, ""n_gt"": 26, ""n_pred"": 26}}",26,0,1,7.702990032999878,True,True
m05-chat_dpr1_dark_V10,m05-chat_dpr1_dark,m05-chat,mobile,1,dark,V10,avif,80,1.0,390,844,23583,0.573168,chromium,paddle_v5_server,ok,0.9625668449197862,"{""0.3"": {""matched"": 26, ""n_gt"": 26, ""n_pred"": 27}, ""0.5"": {""matched"": 25, ""n_gt"": 26, ""n_pred"": 27}, ""0.7"": {""matched"": 15, ""n_gt"": 26, ""n_pred"": 27}}",27,0,1,7.546901253999749,True,True
m05-chat_dpr1_dark_V11,m05-chat_dpr1_dark,m05-chat,mobile,1,dark,V11,avif,60,1.0,390,844,16639,0.404399,chromium,paddle_v5_server,ok,0.967741935483871,"{""0.3"": {""matched"": 26, ""n_gt"": 26, ""n_pred"": 27}, ""0.5"": {""matched"": 25, ""n_gt"": 26, ""n_pred"": 27}, ""0.7"": {""matched"": 14, ""n_gt"": 26, ""n_pred"": 27}}",27,0,1,7.745825371999672,True,True
m05-chat_dpr1_dark_V12,m05-chat_dpr1_dark,m05-chat,mobile,1,dark,V12,png,,0.5,195,422,44437,4.320039,chromium,paddle_v5_server,ok,0.7701149425287356,"{""0.3"": {""matched"": 25, ""n_gt"": 26, ""n_pred"": 25}, ""0.5"": {""matched"": 25, ""n_gt"": 26, ""n_pred"": 25}, ""0.7"": {""matched"": 15, ""n_gt"": 26, ""n_pred"": 25}}",25,0,1,5.219998165999641,True,True
m05-chat_dpr1_dark_V13,m05-chat_dpr1_dark,m05-chat,mobile,1,dark,V13,jpeg,75,0.5,195,422,12870,1.251185,chromium,paddle_v5_server,ok,0.6419753086419752,"{""0.3"": {""matched"": 22, ""n_gt"": 26, ""n_pred"": 23}, ""0.5"": {""matched"": 20, ""n_gt"": 26, ""n_pred"": 23}, ""0.7"": {""matched"": 12, ""n_gt"": 26, ""n_pred"": 23}}",23,0,0,4.644270528999186,True,True
m05-chat_dpr1_light_V00,m05-chat_dpr1_light,m05-chat,mobile,1,light,V00,png,,1.0,390,844,47470,1.153725,chromium,paddle_v5_server,ok,0.9405405405405406,"{""0.3"": {""matched"": 26, ""n_gt"": 26, ""n_pred"": 27}, ""0.5"": {""matched"": 23, ""n_gt"": 26, ""n_pred"": 27}, ""0.7"": {""matched"": 10, ""n_gt"": 26, ""n_pred"": 27}}",27,0,1,7.94622747899848,True,True
m05-chat_dpr1_light_V02,m05-chat_dpr1_light,m05-chat,mobile,1,light,V02,jpeg,95,1.0,390,844,79330,1.928059,chromium,paddle_v5_server,ok,0.9120879120879122,"{""0.3"": {""matched"": 26, ""n_gt"": 26, ""n_pred"": 26}, ""0.5"": {""matched"": 22, ""n_gt"": 26, ""n_pred"": 26}, ""0.7"": {""matched"": 13, ""n_gt"": 26, ""n_pred"": 26}}",26,0,1,7.675096848999601,True,True
m05-chat_dpr1_light_V03,m05-chat_dpr1_light,m05-chat,mobile,1,light,V03,jpeg,85,1.0,390,844,50229,1.22078,chromium,paddle_v5_server,ok,0.8777777777777779,"{""0.3"": {""matched"": 26, ""n_gt"": 26, ""n_pred"": 26}, ""0.5"": {""matched"": 22, ""n_gt"": 26, ""n_pred"": 26}, ""0.7"": {""matched"": 11, ""n_gt"": 26, ""n_pred"": 26}}",26,0,1,7.797235145999366,True,True
m05-chat_dpr1_light_V04,m05-chat_dpr1_light,m05-chat,mobile,1,light,V04,jpeg,75,1.0,390,844,39032,0.948645,chromium,paddle_v5_server,ok,0.8361581920903955,"{""0.3"": {""matched"": 26, ""n_gt"": 26, ""n_pred"": 26}, ""0.5"": {""matched"": 22, ""n_gt"": 26, ""n_pred"": 26}, ""0.7"": {""matched"": 8, ""n_gt"": 26, ""n_pred"": 26}}",26,0,1,7.51408466599969,True,True
m05-chat_dpr1_light_V05,m05-chat_dpr1_light,m05-chat,mobile,1,light,V05,jpeg,60,1.0,390,844,31107,0.756034,chromium,paddle_v5_server,ok,0.8361581920903955,"{""0.3"": {""matched"": 25, ""n_gt"": 26, ""n_pred"": 26}, ""0.5"": {""matched"": 21, ""n_gt"": 26, ""n_pred"": 26}, ""0.7"": {""matched"": 8, ""n_gt"": 26, ""n_pred"": 26}}",26,0,1,7.70277747199907,True,True
m05-chat_dpr1_light_V06,m05-chat_dpr1_light,m05-chat,mobile,1,light,V06,jpeg,85,1.0,390,844,70736,1.719188,chromium,paddle_v5_server,ok,0.9120879120879122,"{""0.3"": {""matched"": 26, ""n_gt"": 26, ""n_pred"": 26}, ""0.5"": {""matched"": 21, ""n_gt"": 26, ""n_pred"": 26}, ""0.7"": {""matched"": 11, ""n_gt"": 26, ""n_pred"": 26}}",26,0,1,7.685049078998418,True,True
m05-chat_dpr1_light_V07,m05-chat_dpr1_light,m05-chat,mobile,1,light,V07,webp,90,1.0,390,844,34446,0.837186,chromium,paddle_v5_server,ok,0.9347826086956522,"{""0.3"": {""matched"": 26, ""n_gt"": 26, ""n_pred"": 27}, ""0.5"": {""matched"": 22, ""n_gt"": 26, ""n_pred"": 27}, ""0.7"": {""matched"": 12, ""n_gt"": 26, ""n_pred"": 27}}",27,0,1,7.823140888000125,True,True
m05-chat_dpr1_light_V08,m05-chat_dpr1_light,m05-chat,mobile,1,light,V08,webp,75,1.0,390,844,22722,0.552242,chromium,paddle_v5_server,ok,0.9405405405405406,"{""0.3"": {""matched"": 26, ""n_gt"": 26, ""n_pred"": 27}, ""0.5"": {""matched"": 21, ""n_gt"": 26, ""n_pred"": 27}, ""0.7"": {""matched"": 10, ""n_gt"": 26, ""n_pred"": 27}}",27,0,1,7.778035418999934,True,True
m05-chat_dpr1_light_V09,m05-chat_dpr1_light,m05-chat,mobile,1,light,V09,webp,50,1.0,390,844,18592,0.451865,chromium,paddle_v5_server,ok,0.9239130434782609,"{""0.3"": {""matched"": 26, ""n_gt"": 26, ""n_pred"": 27}, ""0.5"": {""matched"": 21, ""n_gt"": 26, ""n_pred"": 27}, ""0.7"": {""matched"": 9, ""n_gt"": 26, ""n_pred"": 27}}",27,0,1,7.751491925000664,True,True
m05-chat_dpr1_light_V10,m05-chat_dpr1_light,m05-chat,mobile,1,light,V10,avif,80,1.0,390,844,23933,0.581675,chromium,paddle_v5_server,ok,0.9289617486338798,"{""0.3"": {""matched"": 26, ""n_gt"": 26, ""n_pred"": 26}, ""0.5"": {""matched"": 22, ""n_gt"": 26, ""n_pred"": 26}, ""0.7"": {""matched"": 10, ""n_gt"": 26, ""n_pred"": 26}}",26,0,1,7.611268545999337,True,True
m05-chat_dpr1_light_V11,m05-chat_dpr1_light,m05-chat,mobile,1,light,V11,avif,60,1.0,390,844,16979,0.412663,chromium,paddle_v5_server,ok,0.9513513513513513,"{""0.3"": {""matched"": 26, ""n_gt"": 26, ""n_pred"": 26}, ""0.5"": {""matched"": 21, ""n_gt"": 26, ""n_pred"": 26}, ""0.7"": {""matched"": 10, ""n_gt"": 26, ""n_pred"": 26}}",26,0,1,7.80899368000064,True,True
m05-chat_dpr1_light_V12,m05-chat_dpr1_light,m05-chat,mobile,1,light,V12,png,,0.5,195,422,42669,4.148159,chromium,paddle_v5_server,ok,0.7932960893854748,"{""0.3"": {""matched"": 26, ""n_gt"": 26, ""n_pred"": 26}, ""0.5"": {""matched"": 21, ""n_gt"": 26, ""n_pred"": 26}, ""0.7"": {""matched"": 11, ""n_gt"": 26, ""n_pred"": 26}}",26,0,1,4.988980808999258,True,True
m05-chat_dpr1_light_V13,m05-chat_dpr1_light,m05-chat,mobile,1,light,V13,jpeg,75,0.5,195,422,13076,1.271212,chromium,paddle_v5_server,ok,0.6547619047619048,"{""0.3"": {""matched"": 25, ""n_gt"": 26, ""n_pred"": 26}, ""0.5"": {""matched"": 20, ""n_gt"": 26, ""n_pred"": 26}, ""0.7"": {""matched"": 13, ""n_gt"": 26, ""n_pred"": 26}}",26,0,1,4.691432978001103,True,True
m05-chat_dpr2_dark_V00,m05-chat_dpr2_dark,m05-chat,mobile,2,dark,V00,png,,1.0,780,1688,124765,0.758081,chromium,paddle_v5_server,ok,0.9281767955801106,"{""0.3"": {""matched"": 25, ""n_gt"": 26, ""n_pred"": 42}, ""0.5"": {""matched"": 22, ""n_gt"": 26, ""n_pred"": 42}, ""0.7"": {""matched"": 14, ""n_gt"": 26, ""n_pred"": 42}}",42,0,1,24.114770914000474,True,True
m05-chat_dpr2_dark_V02,m05-chat_dpr2_dark,m05-chat,mobile,2,dark,V02,jpeg,95,1.0,780,1688,190795,1.159284,chromium,paddle_v5_server,ok,0.9111111111111112,"{""0.3"": {""matched"": 22, ""n_gt"": 26, ""n_pred"": 58}, ""0.5"": {""matched"": 17, ""n_gt"": 26, ""n_pred"": 58}, ""0.7"": {""matched"": 11, ""n_gt"": 26, ""n_pred"": 58}}",58,0,1,24.774770392999926,True,True
m05-chat_dpr2_dark_V03,m05-chat_dpr2_dark,m05-chat,mobile,2,dark,V03,jpeg,85,1.0,780,1688,121021,0.735332,chromium,paddle_v5_server,ok,0.8522727272727272,"{""0.3"": {""matched"": 24, ""n_gt"": 26, ""n_pred"": 48}, ""0.5"": {""matched"": 19, ""n_gt"": 26, ""n_pred"": 48}, ""0.7"": {""matched"": 15, ""n_gt"": 26, ""n_pred"": 48}}",48,0,1,22.86712914800046,True,True
m05-chat_dpr2_dark_V04,m05-chat_dpr2_dark,m05-chat,mobile,2,dark,V04,jpeg,75,1.0,780,1688,95649,0.58117,chromium,paddle_v5_server,ok,0.8764044943820225,"{""0.3"": {""matched"": 26, ""n_gt"": 26, ""n_pred"": 27}, ""0.5"": {""matched"": 25, ""n_gt"": 26, ""n_pred"": 27}, ""0.7"": {""matched"": 19, ""n_gt"": 26, ""n_pred"": 27}}",27,0,1,20.719193748998805,True,True
m05-chat_dpr2_dark_V05,m05-chat_dpr2_dark,m05-chat,mobile,2,dark,V05,jpeg,60,1.0,780,1688,78417,0.476467,chromium,paddle_v5_server,ok,0.9060773480662984,"{""0.3"": {""matched"": 26, ""n_gt"": 26, ""n_pred"": 26}, ""0.5"": {""matched"": 25, ""n_gt"": 26, ""n_pred"": 26}, ""0.7"": {""matched"": 16, ""n_gt"": 26, ""n_pred"": 26}}",26,0,1,20.612579285998436,True,True
m05-chat_dpr2_dark_V06,m05-chat_dpr2_dark,m05-chat,mobile,2,dark,V06,jpeg,85,1.0,780,1688,167702,1.018969,chromium,paddle_v5_server,ok,0.8342857142857142,"{""0.3"": {""matched"": 26, ""n_gt"": 26, ""n_pred"": 36}, ""0.5"": {""matched"": 22, ""n_gt"": 26, ""n_pred"": 36}, ""0.7"": {""matched"": 11, ""n_gt"": 26, ""n_pred"": 36}}",36,0,1,21.417621544998838,True,True
m05-chat_dpr2_dark_V07,m05-chat_dpr2_dark,m05-chat,mobile,2,dark,V07,webp,90,1.0,780,1688,80064,0.486475,chromium,paddle_v5_server,ok,0.8999999999999999,"{""0.3"": {""matched"": 22, ""n_gt"": 26, ""n_pred"": 59}, ""0.5"": {""matched"": 17, ""n_gt"": 26, ""n_pred"": 59}, ""0.7"": {""matched"": 8, ""n_gt"": 26, ""n_pred"": 59}}",59,0,1,23.940543298000193,True,True
m05-chat_dpr2_dark_V08,m05-chat_dpr2_dark,m05-chat,mobile,2,dark,V08,webp,75,1.0,780,1688,50838,0.308895,chromium,paddle_v5_server,ok,0.9060773480662984,"{""0.3"": {""matched"": 24, ""n_gt"": 26, ""n_pred"": 52}, ""0.5"": {""matched"": 19, ""n_gt"": 26, ""n_pred"": 52}, ""0.7"": {""matched"": 12, ""n_gt"": 26, ""n_pred"": 52}}",52,0,1,23.33482336399902,True,True
m05-chat_dpr2_dark_V09,m05-chat_dpr2_dark,m05-chat,mobile,2,dark,V09,webp,50,1.0,780,1688,41130,0.249909,chromium,paddle_v5_server,ok,0.8636363636363636,"{""0.3"": {""matched"": 25, ""n_gt"": 26, ""n_pred"": 50}, ""0.5"": {""matched"": 19, ""n_gt"": 26, ""n_pred"": 50}, ""0.7"": {""matched"": 10, ""n_gt"": 26, ""n_pred"": 50}}",50,0,1,22.744821045000208,True,True
m05-chat_dpr2_dark_V10,m05-chat_dpr2_dark,m05-chat,mobile,2,dark,V10,avif,80,1.0,780,1688,50657,0.307796,chromium,paddle_v5_server,ok,0.87292817679558,"{""0.3"": {""matched"": 24, ""n_gt"": 26, ""n_pred"": 50}, ""0.5"": {""matched"": 19, ""n_gt"": 26, ""n_pred"": 50}, ""0.7"": {""matched"": 11, ""n_gt"": 26, ""n_pred"": 50}}",50,0,1,23.025554849999025,True,True
m05-chat_dpr2_dark_V11,m05-chat_dpr2_dark,m05-chat,mobile,2,dark,V11,avif,60,1.0,780,1688,35339,0.214722,chromium,paddle_v5_server,ok,0.9230769230769231,"{""0.3"": {""matched"": 22, ""n_gt"": 26, ""n_pred"": 63}, ""0.5"": {""matched"": 16, ""n_gt"": 26, ""n_pred"": 63}, ""0.7"": {""matched"": 10, ""n_gt"": 26, ""n_pred"": 63}}",63,0,1,23.894531108999217,True,True
m05-chat_dpr2_dark_V12,m05-chat_dpr2_dark,m05-chat,mobile,2,dark,V12,png,,0.5,390,844,93291,2.267371,chromium,paddle_v5_server,ok,0.9784946236559139,"{""0.3"": {""matched"": 26, ""n_gt"": 26, ""n_pred"": 27}, ""0.5"": {""matched"": 25, ""n_gt"": 26, ""n_pred"": 27}, ""0.7"": {""matched"": 16, ""n_gt"": 26, ""n_pred"": 27}}",27,0,1,7.878548503000275,True,True
m05-chat_dpr2_dark_V13,m05-chat_dpr2_dark,m05-chat,mobile,2,dark,V13,jpeg,75,0.5,390,844,38252,0.929688,chromium,paddle_v5_server,ok,0.853932584269663,"{""0.3"": {""matched"": 26, ""n_gt"": 26, ""n_pred"": 26}, ""0.5"": {""matched"": 23, ""n_gt"": 26, ""n_pred"": 26}, ""0.7"": {""matched"": 12, ""n_gt"": 26, ""n_pred"": 26}}",26,0,1,7.56954260800012,True,True
m05-chat_dpr2_light_V00,m05-chat_dpr2_light,m05-chat,mobile,2,light,V00,png,,1.0,780,1688,123094,0.747928,chromium,paddle_v5_server,ok,0.9347826086956522,"{""0.3"": {""matched"": 26, ""n_gt"": 26, ""n_pred"": 27}, ""0.5"": {""matched"": 25, ""n_gt"": 26, ""n_pred"": 27}, ""0.7"": {""matched"": 16, ""n_gt"": 26, ""n_pred"": 27}}",27,0,1,20.668764517000454,True,True
m05-chat_dpr2_light_V02,m05-chat_dpr2_light,m05-chat,mobile,2,light,V02,jpeg,95,1.0,780,1688,196897,1.19636,chromium,paddle_v5_server,ok,0.9230769230769231,"{""0.3"": {""matched"": 26, ""n_gt"": 26, ""n_pred"": 27}, ""0.5"": {""matched"": 24, ""n_gt"": 26, ""n_pred"": 27}, ""0.7"": {""matched"": 14, ""n_gt"": 26, ""n_pred"": 27}}",27,0,1,20.23311959900093,True,True
m05-chat_dpr2_light_V03,m05-chat_dpr2_light,m05-chat,mobile,2,light,V03,jpeg,85,1.0,780,1688,124872,0.758731,chromium,paddle_v5_server,ok,0.8685714285714285,"{""0.3"": {""matched"": 26, ""n_gt"": 26, ""n_pred"": 27}, ""0.5"": {""matched"": 23, ""n_gt"": 26, ""n_pred"": 27}, ""0.7"": {""matched"": 14, ""n_gt"": 26, ""n_pred"": 27}}",27,0,1,20.301969293001093,True,True
m05-chat_dpr2_light_V04,m05-chat_dpr2_light,m05-chat,mobile,2,light,V04,jpeg,75,1.0,780,1688,98751,0.600018,chromium,paddle_v5_server,ok,0.871508379888268,"{""0.3"": {""matched"": 26, ""n_gt"": 26, ""n_pred"": 26}, ""0.5"": {""matched"": 23, ""n_gt"": 26, ""n_pred"": 26}, ""0.7"": {""matched"": 15, ""n_gt"": 26, ""n_pred"": 26}}",26,0,1,20.409478295001463,True,True
m05-chat_dpr2_light_V05,m05-chat_dpr2_light,m05-chat,mobile,2,light,V05,jpeg,60,1.0,780,1688,80945,0.491828,chromium,paddle_v5_server,ok,0.8999999999999999,"{""0.3"": {""matched"": 26, ""n_gt"": 26, ""n_pred"": 26}, ""0.5"": {""matched"": 23, ""n_gt"": 26, ""n_pred"": 26}, ""0.7"": {""matched"": 15, ""n_gt"": 26, ""n_pred"": 26}}",26,0,1,20.333488005999243,True,True
m05-chat_dpr2_light_V06,m05-chat_dpr2_light,m05-chat,mobile,2,light,V06,jpeg,85,1.0,780,1688,175156,1.064261,chromium,paddle_v5_server,ok,0.8876404494382023,"{""0.3"": {""matched"": 26, ""n_gt"": 26, ""n_pred"": 26}, ""0.5"": {""matched"": 24, ""n_gt"": 26, ""n_pred"": 26}, ""0.7"": {""matched"": 17, ""n_gt"": 26, ""n_pred"": 26}}",26,0,1,20.298456406000696,True,True
m05-chat_dpr2_light_V07,m05-chat_dpr2_light,m05-chat,mobile,2,light,V07,webp,90,1.0,780,1688,83430,0.506927,chromium,paddle_v5_server,ok,0.9230769230769231,"{""0.3"": {""matched"": 26, ""n_gt"": 26, ""n_pred"": 26}, ""0.5"": {""matched"": 24, ""n_gt"": 26, ""n_pred"": 26}, ""0.7"": {""matched"": 17, ""n_gt"": 26, ""n_pred"": 26}}",26,0,1,20.245880706999742,True,True
m05-chat_dpr2_light_V08,m05-chat_dpr2_light,m05-chat,mobile,2,light,V08,webp,75,1.0,780,1688,53676,0.326139,chromium,paddle_v5_server,ok,0.9111111111111112,"{""0.3"": {""matched"": 26, ""n_gt"": 26, ""n_pred"": 28}, ""0.5"": {""matched"": 24, ""n_gt"": 26, ""n_pred"": 28}, ""0.7"": {""matched"": 13, ""n_gt"": 26, ""n_pred"": 28}}",28,0,1,20.290529890999096,True,True
m05-chat_dpr2_light_V09,m05-chat_dpr2_light,m05-chat,mobile,2,light,V09,webp,50,1.0,780,1688,43970,0.267165,chromium,paddle_v5_server,ok,0.8651685393258427,"{""0.3"": {""matched"": 26, ""n_gt"": 26, ""n_pred"": 28}, ""0.5"": {""matched"": 24, ""n_gt"": 26, ""n_pred"": 28}, ""0.7"": {""matched"": 16, ""n_gt"": 26, ""n_pred"": 28}}",28,0,1,20.228562938000323,True,True
m05-chat_dpr2_light_V10,m05-chat_dpr2_light,m05-chat,mobile,2,light,V10,avif,80,1.0,780,1688,51376,0.312164,chromium,paddle_v5_server,ok,0.9289617486338798,"{""0.3"": {""matched"": 26, ""n_gt"": 26, ""n_pred"": 26}, ""0.5"": {""matched"": 24, ""n_gt"": 26, ""n_pred"": 26}, ""0.7"": {""matched"": 16, ""n_gt"": 26, ""n_pred"": 26}}",26,0,1,20.33509384199897,True,True
m05-chat_dpr2_light_V11,m05-chat_dpr2_light,m05-chat,mobile,2,light,V11,avif,60,1.0,780,1688,36025,0.218891,chromium,paddle_v5_server,ok,0.8950276243093922,"{""0.3"": {""matched"": 26, ""n_gt"": 26, ""n_pred"": 27}, ""0.5"": {""matched"": 24, ""n_gt"": 26, ""n_pred"": 27}, ""0.7"": {""matched"": 15, ""n_gt"": 26, ""n_pred"": 27}}",27,0,1,20.24035116899904,True,True
m05-chat_dpr2_light_V12,m05-chat_dpr2_light,m05-chat,mobile,2,light,V12,png,,0.5,390,844,89958,2.186365,chromium,paddle_v5_server,ok,0.9462365591397849,"{""0.3"": {""matched"": 26, ""n_gt"": 26, ""n_pred"": 27}, ""0.5"": {""matched"": 22, ""n_gt"": 26, ""n_pred"": 27}, ""0.7"": {""matched"": 11, ""n_gt"": 26, ""n_pred"": 27}}",27,0,1,7.86195322399908,True,True
m05-chat_dpr2_light_V13,m05-chat_dpr2_light,m05-chat,mobile,2,light,V13,jpeg,75,0.5,390,844,39582,0.962012,chromium,paddle_v5_server,ok,0.871508379888268,"{""0.3"": {""matched"": 26, ""n_gt"": 26, ""n_pred"": 26}, ""0.5"": {""matched"": 22, ""n_gt"": 26, ""n_pred"": 26}, ""0.7"": {""matched"": 11, ""n_gt"": 26, ""n_pred"": 26}}",26,0,1,8.228411068999776,True,True
m05-chat_dpr3_dark_V00,m05-chat_dpr3_dark,m05-chat,mobile,3,dark,V00,png,,1.0,1170,2532,193687,0.523047,chromium,paddle_v5_server,ok,0.9180327868852459,"{""0.3"": {""matched"": 24, ""n_gt"": 26, ""n_pred"": 48}, ""0.5"": {""matched"": 20, ""n_gt"": 26, ""n_pred"": 48}, ""0.7"": {""matched"": 10, ""n_gt"": 26, ""n_pred"": 48}}",48,0,1,47.20285584299927,True,True
m05-chat_dpr3_dark_V02,m05-chat_dpr3_dark,m05-chat,mobile,3,dark,V02,jpeg,95,1.0,1170,2532,342688,0.925421,chromium,paddle_v5_server,ok,0.8826815642458101,"{""0.3"": {""matched"": 23, ""n_gt"": 26, ""n_pred"": 62}, ""0.5"": {""matched"": 16, ""n_gt"": 26, ""n_pred"": 62}, ""0.7"": {""matched"": 8, ""n_gt"": 26, ""n_pred"": 62}}",62,0,1,50.58128884300095,True,True
m05-chat_dpr3_dark_V03,m05-chat_dpr3_dark,m05-chat,mobile,3,dark,V03,jpeg,85,1.0,1170,2532,222286,0.600278,chromium,paddle_v5_server,ok,0.9565217391304347,"{""0.3"": {""matched"": 26, ""n_gt"": 26, ""n_pred"": 39}, ""0.5"": {""matched"": 23, ""n_gt"": 26, ""n_pred"": 39}, ""0.7"": {""matched"": 12, ""n_gt"": 26, ""n_pred"": 39}}",39,0,1,46.41700558100092,True,True
m05-chat_dpr3_dark_V04,m05-chat_dpr3_dark,m05-chat,mobile,3,dark,V04,jpeg,75,1.0,1170,2532,180398,0.487161,chromium,paddle_v5_server,ok,0.9171270718232043,"{""0.3"": {""matched"": 26, ""n_gt"": 26, ""n_pred"": 28}, ""0.5"": {""matched"": 25, ""n_gt"": 26, ""n_pred"": 28}, ""0.7"": {""matched"": 16, ""n_gt"": 26, ""n_pred"": 28}}",28,0,1,48.695232461999694,True,True
m05-chat_dpr3_dark_V05,m05-chat_dpr3_dark,m05-chat,mobile,3,dark,V05,jpeg,60,1.0,1170,2532,149063,0.402541,chromium,paddle_v5_server,ok,0.9120879120879122,"{""0.3"": {""matched"": 26, ""n_gt"": 26, ""n_pred"": 28}, ""0.5"": {""matched"": 24, ""n_gt"": 26, ""n_pred"": 28}, ""0.7"": {""matched"": 15, ""n_gt"": 26, ""n_pred"": 28}}",28,0,1,48.96170153000094,True,True
m05-chat_dpr3_dark_V06,m05-chat_dpr3_dark,m05-chat,mobile,3,dark,V06,jpeg,85,1.0,1170,2532,310547,0.838625,chromium,paddle_v5_server,ok,0.8839779005524862,"{""0.3"": {""matched"": 26, ""n_gt"": 26, ""n_pred"": 42}, ""0.5"": {""matched"": 22, ""n_gt"": 26, ""n_pred"": 42}, ""0.7"": {""matched"": 12, ""n_gt"": 26, ""n_pred"": 42}}",42,0,1,48.08013453100102,True,True
m05-chat_dpr3_dark_V07,m05-chat_dpr3_dark,m05-chat,mobile,3,dark,V07,webp,90,1.0,1170,2532,128572,0.347206,chromium,paddle_v5_server,ok,0.907103825136612,"{""0.3"": {""matched"": 22, ""n_gt"": 26, ""n_pred"": 68}, ""0.5"": {""matched"": 15, ""n_gt"": 26, ""n_pred"": 68}, ""0.7"": {""matched"": 7, ""n_gt"": 26, ""n_pred"": 68}}",68,0,1,54.08318242999849,True,True
m05-chat_dpr3_dark_V08,m05-chat_dpr3_dark,m05-chat,mobile,3,dark,V08,webp,75,1.0,1170,2532,80086,0.21627,chromium,paddle_v5_server,ok,0.8295454545454545,"{""0.3"": {""matched"": 23, ""n_gt"": 26, ""n_pred"": 62}, ""0.5"": {""matched"": 17, ""n_gt"": 26, ""n_pred"": 62}, ""0.7"": {""matched"": 8, ""n_gt"": 26, ""n_pred"": 62}}",62,0,1,53.40134679400035,True,True
m05-chat_dpr3_dark_V09,m05-chat_dpr3_dark,m05-chat,mobile,3,dark,V09,webp,50,1.0,1170,2532,64852,0.175131,chromium,paddle_v5_server,ok,0.8181818181818182,"{""0.3"": {""matched"": 23, ""n_gt"": 26, ""n_pred"": 61}, ""0.5"": {""matched"": 17, ""n_gt"": 26, ""n_pred"": 61}, ""0.7"": {""matched"": 9, ""n_gt"": 26, ""n_pred"": 61}}",61,0,1,50.838710074998744,True,True
m05-chat_dpr3_dark_V10,m05-chat_dpr3_dark,m05-chat,mobile,3,dark,V10,avif,80,1.0,1170,2532,76440,0.206424,chromium,paddle_v5_server,ok,0.9513513513513513,"{""0.3"": {""matched"": 23, ""n_gt"": 26, ""n_pred"": 64}, ""0.5"": {""matched"": 17, ""n_gt"": 26, ""n_pred"": 64}, ""0.7"": {""matched"": 8, ""n_gt"": 26, ""n_pred"": 64}}",64,0,1,53.14050231699912,True,True
m05-chat_dpr3_dark_V11,m05-chat_dpr3_dark,m05-chat,mobile,3,dark,V11,avif,60,1.0,1170,2532,52822,0.142645,chromium,paddle_v5_server,ok,0.9130434782608695,"{""0.3"": {""matched"": 23, ""n_gt"": 26, ""n_pred"": 65}, ""0.5"": {""matched"": 16, ""n_gt"": 26, ""n_pred"": 65}, ""0.7"": {""matched"": 7, ""n_gt"": 26, ""n_pred"": 65}}",65,1,1,49.39946238599987,True,True
m05-chat_dpr3_dark_V12,m05-chat_dpr3_dark,m05-chat,mobile,3,dark,V12,png,,0.5,585,1266,175279,1.893347,chromium,paddle_v5_server,ok,0.8522727272727272,"{""0.3"": {""matched"": 26, ""n_gt"": 26, ""n_pred"": 37}, ""0.5"": {""matched"": 23, ""n_gt"": 26, ""n_pred"": 37}, ""0.7"": {""matched"": 14, ""n_gt"": 26, ""n_pred"": 37}}",37,0,1,14.768816686999344,True,True
m05-chat_dpr3_dark_V13,m05-chat_dpr3_dark,m05-chat,mobile,3,dark,V13,jpeg,75,0.5,585,1266,67116,0.724981,chromium,paddle_v5_server,ok,0.8295454545454545,"{""0.3"": {""matched"": 26, ""n_gt"": 26, ""n_pred"": 27}, ""0.5"": {""matched"": 26, ""n_gt"": 26, ""n_pred"": 27}, ""0.7"": {""matched"": 13, ""n_gt"": 26, ""n_pred"": 27}}",27,0,1,12.95077554099953,True,True
m05-chat_dpr3_light_V00,m05-chat_dpr3_light,m05-chat,mobile,3,light,V00,png,,1.0,1170,2532,191237,0.516431,chromium,paddle_v5_server,ok,0.9347826086956522,"{""0.3"": {""matched"": 26, ""n_gt"": 26, ""n_pred"": 27}, ""0.5"": {""matched"": 26, ""n_gt"": 26, ""n_pred"": 27}, ""0.7"": {""matched"": 18, ""n_gt"": 26, ""n_pred"": 27}}",27,0,1,44.493272416000764,True,True
m05-chat_dpr3_light_V02,m05-chat_dpr3_light,m05-chat,mobile,3,light,V02,jpeg,95,1.0,1170,2532,352533,0.952007,chromium,paddle_v5_server,ok,0.888888888888889,"{""0.3"": {""matched"": 26, ""n_gt"": 26, ""n_pred"": 28}, ""0.5"": {""matched"": 26, ""n_gt"": 26, ""n_pred"": 28}, ""0.7"": {""matched"": 13, ""n_gt"": 26, ""n_pred"": 28}}",28,0,1,49.88866356700055,True,True
m05-chat_dpr3_light_V03,m05-chat_dpr3_light,m05-chat,mobile,3,light,V03,jpeg,85,1.0,1170,2532,228871,0.618061,chromium,paddle_v5_server,ok,0.8700564971751413,"{""0.3"": {""matched"": 26, ""n_gt"": 26, ""n_pred"": 26}, ""0.5"": {""matched"": 25, ""n_gt"": 26, ""n_pred"": 26}, ""0.7"": {""matched"": 15, ""n_gt"": 26, ""n_pred"": 26}}",26,0,1,48.417901553000775,True,True
m05-chat_dpr3_light_V04,m05-chat_dpr3_light,m05-chat,mobile,3,light,V04,jpeg,75,1.0,1170,2532,184827,0.499121,chromium,paddle_v5_server,ok,0.8636363636363636,"{""0.3"": {""matched"": 26, ""n_gt"": 26, ""n_pred"": 26}, ""0.5"": {""matched"": 25, ""n_gt"": 26, ""n_pred"": 26}, ""0.7"": {""matched"": 18, ""n_gt"": 26, ""n_pred"": 26}}",26,0,1,46.06897638200098,True,True
m05-chat_dpr3_light_V05,m05-chat_dpr3_light,m05-chat,mobile,3,light,V05,jpeg,60,1.0,1170,2532,153852,0.415474,chromium,paddle_v5_server,ok,0.8390804597701149,"{""0.3"": {""matched"": 26, ""n_gt"": 26, ""n_pred"": 26}, ""0.5"": {""matched"": 25, ""n_gt"": 26, ""n_pred"": 26}, ""0.7"": {""matched"": 19, ""n_gt"": 26, ""n_pred"": 26}}",26,0,1,45.718905117999384,True,True
m05-chat_dpr3_light_V06,m05-chat_dpr3_light,m05-chat,mobile,3,light,V06,jpeg,85,1.0,1170,2532,323570,0.873793,chromium,paddle_v5_server,ok,0.8636363636363636,"{""0.3"": {""matched"": 26, ""n_gt"": 26, ""n_pred"": 26}, ""0.5"": {""matched"": 26, ""n_gt"": 26, ""n_pred"": 26}, ""0.7"": {""matched"": 15, ""n_gt"": 26, ""n_pred"": 26}}",26,0,1,50.11548900099842,True,True
m05-chat_dpr3_light_V07,m05-chat_dpr3_light,m05-chat,mobile,3,light,V07,webp,90,1.0,1170,2532,134100,0.362134,chromium,paddle_v5_server,ok,0.888888888888889,"{""0.3"": {""matched"": 26, ""n_gt"": 26, ""n_pred"": 27}, ""0.5"": {""matched"": 26, ""n_gt"": 26, ""n_pred"": 27}, ""0.7"": {""matched"": 16, ""n_gt"": 26, ""n_pred"": 27}}",27,0,1,46.99253914300061,True,True
m05-chat_dpr3_light_V08,m05-chat_dpr3_light,m05-chat,mobile,3,light,V08,webp,75,1.0,1170,2532,84860,0.229162,chromium,paddle_v5_server,ok,0.8390804597701149,"{""0.3"": {""matched"": 26, ""n_gt"": 26, ""n_pred"": 27}, ""0.5"": {""matched"": 26, ""n_gt"": 26, ""n_pred"": 27}, ""0.7"": {""matched"": 16, ""n_gt"": 26, ""n_pred"": 27}}",27,0,1,45.82610452500012,True,True
m05-chat_dpr3_light_V09,m05-chat_dpr3_light,m05-chat,mobile,3,light,V09,webp,50,1.0,1170,2532,69628,0.188029,chromium,paddle_v5_server,ok,0.7790697674418605,"{""0.3"": {""matched"": 26, ""n_gt"": 26, ""n_pred"": 27}, ""0.5"": {""matched"": 26, ""n_gt"": 26, ""n_pred"": 27}, ""0.7"": {""matched"": 16, ""n_gt"": 26, ""n_pred"": 27}}",27,0,1,45.00158258800002,True,True
m05-chat_dpr3_light_V10,m05-chat_dpr3_light,m05-chat,mobile,3,light,V10,avif,80,1.0,1170,2532,77697,0.209819,chromium,paddle_v5_server,ok,0.9398907103825136,"{""0.3"": {""matched"": 26, ""n_gt"": 26, ""n_pred"": 26}, ""0.5"": {""matched"": 26, ""n_gt"": 26, ""n_pred"": 26}, ""0.7"": {""matched"": 16, ""n_gt"": 26, ""n_pred"": 26}}",26,0,1,49.48787960199843,True,True
m05-chat_dpr3_light_V11,m05-chat_dpr3_light,m05-chat,mobile,3,light,V11,avif,60,1.0,1170,2532,53869,0.145472,chromium,paddle_v5_server,ok,0.956989247311828,"{""0.3"": {""matched"": 26, ""n_gt"": 26, ""n_pred"": 26}, ""0.5"": {""matched"": 26, ""n_gt"": 26, ""n_pred"": 26}, ""0.7"": {""matched"": 14, ""n_gt"": 26, ""n_pred"": 26}}",26,0,1,50.34256923300018,True,True
m05-chat_dpr3_light_V12,m05-chat_dpr3_light,m05-chat,mobile,3,light,V12,png,,0.5,585,1266,169956,1.835849,chromium,paddle_v5_server,ok,0.9060773480662984,"{""0.3"": {""matched"": 26, ""n_gt"": 26, ""n_pred"": 28}, ""0.5"": {""matched"": 22, ""n_gt"": 26, ""n_pred"": 28}, ""0.7"": {""matched"": 13, ""n_gt"": 26, ""n_pred"": 28}}",28,0,1,14.828201615999205,True,True
m05-chat_dpr3_light_V13,m05-chat_dpr3_light,m05-chat,mobile,3,light,V13,jpeg,75,0.5,585,1266,69221,0.747719,chromium,paddle_v5_server,ok,0.9060773480662984,"{""0.3"": {""matched"": 26, ""n_gt"": 26, ""n_pred"": 26}, ""0.5"": {""matched"": 23, ""n_gt"": 26, ""n_pred"": 26}, ""0.7"": {""matched"": 12, ""n_gt"": 26, ""n_pred"": 26}}",26,0,1,13.894983190999483,True,True
d01-dashboard_dpr1_dark_V00,d01-dashboard_dpr1_dark,d01-dashboard,desktop,1,dark,V00,png,,1.0,1280,800,73416,0.573562,chromium,tesseract5,ok,0.5670103092783506,"{""0.3"": {""matched"": 32, ""n_gt"": 63, ""n_pred"": 35}, ""0.5"": {""matched"": 22, ""n_gt"": 63, ""n_pred"": 35}, ""0.7"": {""matched"": 22, ""n_gt"": 63, ""n_pred"": 35}}",35,0,0,1.0627581059998192,True,True
d01-dashboard_dpr1_dark_V02,d01-dashboard_dpr1_dark,d01-dashboard,desktop,1,dark,V02,jpeg,95,1.0,1280,800,120706,0.943016,chromium,tesseract5,ok,0.7123287671232875,"{""0.3"": {""matched"": 51, ""n_gt"": 63, ""n_pred"": 52}, ""0.5"": {""matched"": 47, ""n_gt"": 63, ""n_pred"": 52}, ""0.7"": {""matched"": 45, ""n_gt"": 63, ""n_pred"": 52}}",52,0,0,1.290326264000214,True,True
d01-dashboard_dpr1_dark_V03,d01-dashboard_dpr1_dark,d01-dashboard,desktop,1,dark,V03,jpeg,85,1.0,1280,800,79053,0.617602,chromium,tesseract5,ok,0.7053571428571429,"{""0.3"": {""matched"": 51, ""n_gt"": 63, ""n_pred"": 54}, ""0.5"": {""matched"": 46, ""n_gt"": 63, ""n_pred"": 54}, ""0.7"": {""matched"": 44, ""n_gt"": 63, ""n_pred"": 54}}",54,0,0,1.4900599560000956,True,True
d01-dashboard_dpr1_dark_V04,d01-dashboard_dpr1_dark,d01-dashboard,desktop,1,dark,V04,jpeg,75,1.0,1280,800,64255,0.501992,chromium,tesseract5,ok,0.6701570680628273,"{""0.3"": {""matched"": 4, ""n_gt"": 63, ""n_pred"": 12}, ""0.5"": {""matched"": 1, ""n_gt"": 63, ""n_pred"": 12}, ""0.7"": {""matched"": 1, ""n_gt"": 63, ""n_pred"": 12}}",12,0,0,1.2188381430000845,True,True
d01-dashboard_dpr1_dark_V05,d01-dashboard_dpr1_dark,d01-dashboard,desktop,1,dark,V05,jpeg,60,1.0,1280,800,53000,0.414062,chromium,tesseract5,ok,0.6788990825688073,"{""0.3"": {""matched"": 44, ""n_gt"": 63, ""n_pred"": 49}, ""0.5"": {""matched"": 37, ""n_gt"": 63, ""n_pred"": 49}, ""0.7"": {""matched"": 36, ""n_gt"": 63, ""n_pred"": 49}}",49,0,0,2.926565465999829,True,True
d01-dashboard_dpr1_dark_V06,d01-dashboard_dpr1_dark,d01-dashboard,desktop,1,dark,V06,jpeg,85,1.0,1280,800,111149,0.868352,chromium,tesseract5,ok,0.62,"{""0.3"": {""matched"": 33, ""n_gt"": 63, ""n_pred"": 36}, ""0.5"": {""matched"": 22, ""n_gt"": 63, ""n_pred"": 36}, ""0.7"": {""matched"": 21, ""n_gt"": 63, ""n_pred"": 36}}",36,0,0,2.3939857599998504,True,True
d01-dashboard_dpr1_dark_V07,d01-dashboard_dpr1_dark,d01-dashboard,desktop,1,dark,V07,webp,90,1.0,1280,800,46776,0.365438,chromium,tesseract5,ok,0.7058823529411764,"{""0.3"": {""matched"": 50, ""n_gt"": 63, ""n_pred"": 52}, ""0.5"": {""matched"": 45, ""n_gt"": 63, ""n_pred"": 52}, ""0.7"": {""matched"": 43, ""n_gt"": 63, ""n_pred"": 52}}",52,0,0,3.0410737480001444,True,True
d01-dashboard_dpr1_dark_V08,d01-dashboard_dpr1_dark,d01-dashboard,desktop,1,dark,V08,webp,75,1.0,1280,800,30498,0.238266,chromium,tesseract5,ok,0.7149321266968325,"{""0.3"": {""matched"": 50, ""n_gt"": 63, ""n_pred"": 52}, ""0.5"": {""matched"": 45, ""n_gt"": 63, ""n_pred"": 52}, ""0.7"": {""matched"": 42, ""n_gt"": 63, ""n_pred"": 52}}",52,0,0,5.187987167999836,True,True
d01-dashboard_dpr1_dark_V09,d01-dashboard_dpr1_dark,d01-dashboard,desktop,1,dark,V09,webp,50,1.0,1280,800,25222,0.197047,chromium,tesseract5,ok,0.7222222222222222,"{""0.3"": {""matched"": 4, ""n_gt"": 63, ""n_pred"": 14}, ""0.5"": {""matched"": 1, ""n_gt"": 63, ""n_pred"": 14}, ""0.7"": {""matched"": 1, ""n_gt"": 63, ""n_pred"": 14}}",14,0,0,2.7211677229997804,True,True
d01-dashboard_dpr1_dark_V10,d01-dashboard_dpr1_dark,d01-dashboard,desktop,1,dark,V10,avif,80,1.0,1280,800,31095,0.24293,chromium,tesseract5,ok,0.7149321266968325,"{""0.3"": {""matched"": 50, ""n_gt"": 63, ""n_pred"": 52}, ""0.5"": {""matched"": 45, ""n_gt"": 63, ""n_pred"": 52}, ""0.7"": {""matched"": 43, ""n_gt"": 63, ""n_pred"": 52}}",52,0,0,2.344088912999723,True,True
d01-dashboard_dpr1_dark_V11,d01-dashboard_dpr1_dark,d01-dashboard,desktop,1,dark,V11,avif,60,1.0,1280,800,22099,0.172648,chromium,tesseract5,ok,0.6936936936936938,"{""0.3"": {""matched"": 51, ""n_gt"": 63, ""n_pred"": 53}, ""0.5"": {""matched"": 46, ""n_gt"": 63, ""n_pred"": 53}, ""0.7"": {""matched"": 44, ""n_gt"": 63, ""n_pred"": 53}}",53,0,0,2.78798221299985,True,True
d01-dashboard_dpr1_dark_V12,d01-dashboard_dpr1_dark,d01-dashboard,desktop,1,dark,V12,png,,0.5,640,400,66396,2.074875,chromium,tesseract5,ok,0.10447761194029852,"{""0.3"": {""matched"": 7, ""n_gt"": 63, ""n_pred"": 12}, ""0.5"": {""matched"": 4, ""n_gt"": 63, ""n_pred"": 12}, ""0.7"": {""matched"": 3, ""n_gt"": 63, ""n_pred"": 12}}",12,0,0,0.6418649910001477,True,True
d01-dashboard_dpr1_dark_V13,d01-dashboard_dpr1_dark,d01-dashboard,desktop,1,dark,V13,jpeg,75,0.5,640,400,21378,0.668063,chromium,tesseract5,ok,0.09374999999999999,"{""0.3"": {""matched"": 4, ""n_gt"": 63, ""n_pred"": 7}, ""0.5"": {""matched"": 3, ""n_gt"": 63, ""n_pred"": 7}, ""0.7"": {""matched"": 0, ""n_gt"": 63, ""n_pred"": 7}}",7,0,0,0.5930104700000811,True,True
d01-dashboard_dpr1_light_V00,d01-dashboard_dpr1_light,d01-dashboard,desktop,1,light,V00,png,,1.0,1280,800,72672,0.56775,chromium,tesseract5,ok,0.7214611872146118,"{""0.3"": {""matched"": 44, ""n_gt"": 63, ""n_pred"": 48}, ""0.5"": {""matched"": 40, ""n_gt"": 63, ""n_pred"": 48}, ""0.7"": {""matched"": 39, ""n_gt"": 63, ""n_pred"": 48}}",48,0,0,1.0181990900000528,True,True
d01-dashboard_dpr1_light_V02,d01-dashboard_dpr1_light,d01-dashboard,desktop,1,light,V02,jpeg,95,1.0,1280,800,124624,0.973625,chromium,tesseract5,ok,0.6991150442477877,"{""0.3"": {""matched"": 49, ""n_gt"": 63, ""n_pred"": 52}, ""0.5"": {""matched"": 44, ""n_gt"": 63, ""n_pred"": 52}, ""0.7"": {""matched"": 40, ""n_gt"": 63, ""n_pred"": 52}}",52,0,0,1.5514486399997622,True,True
d01-dashboard_dpr1_light_V03,d01-dashboard_dpr1_light,d01-dashboard,desktop,1,light,V03,jpeg,85,1.0,1280,800,81700,0.638281,chromium,tesseract5,ok,0.6872246696035242,"{""0.3"": {""matched"": 48, ""n_gt"": 63, ""n_pred"": 52}, ""0.5"": {""matched"": 43, ""n_gt"": 63, ""n_pred"": 52}, ""0.7"": {""matched"": 39, ""n_gt"": 63, ""n_pred"": 52}}",52,0,0,1.5440513879998434,True,True
d01-dashboard_dpr1_light_V04,d01-dashboard_dpr1_light,d01-dashboard,desktop,1,light,V04,jpeg,75,1.0,1280,800,66482,0.519391,chromium,tesseract5,ok,0.7017543859649122,"{""0.3"": {""matched"": 6, ""n_gt"": 63, ""n_pred"": 18}, ""0.5"": {""matched"": 3, ""n_gt"": 63, ""n_pred"": 18}, ""0.7"": {""matched"": 2, ""n_gt"": 63, ""n_pred"": 18}}",18,0,0,1.837133601000005,True,True
d01-dashboard_dpr1_light_V05,d01-dashboard_dpr1_light,d01-dashboard,desktop,1,light,V05,jpeg,60,1.0,1280,800,55460,0.433281,chromium,tesseract5,ok,0.6875,"{""0.3"": {""matched"": 47, ""n_gt"": 63, ""n_pred"": 51}, ""0.5"": {""matched"": 43, ""n_gt"": 63, ""n_pred"": 51}, ""0.7"": {""matched"": 38, ""n_gt"": 63, ""n_pred"": 51}}",51,0,0,1.705094308000298,True,True
d01-dashboard_dpr1_light_V06,d01-dashboard_dpr1_light,d01-dashboard,desktop,1,light,V06,jpeg,85,1.0,1280,800,116916,0.913406,chromium,tesseract5,ok,0.730593607305936,"{""0.3"": {""matched"": 44, ""n_gt"": 63, ""n_pred"": 48}, ""0.5"": {""matched"": 36, ""n_gt"": 63, ""n_pred"": 48}, ""0.7"": {""matched"": 35, ""n_gt"": 63, ""n_pred"": 48}}",48,0,0,1.4096182619996398,True,True
d01-dashboard_dpr1_light_V07,d01-dashboard_dpr1_light,d01-dashboard,desktop,1,light,V07,webp,90,1.0,1280,800,48016,0.375125,chromium,tesseract5,ok,0.736842105263158,"{""0.3"": {""matched"": 6, ""n_gt"": 63, ""n_pred"": 18}, ""0.5"": {""matched"": 3, ""n_gt"": 63, ""n_pred"": 18}, ""0.7"": {""matched"": 2, ""n_gt"": 63, ""n_pred"": 18}}",18,0,0,1.208472219000214,True,True
d01-dashboard_dpr1_light_V08,d01-dashboard_dpr1_light,d01-dashboard,desktop,1,light,V08,webp,75,1.0,1280,800,31934,0.249484,chromium,tesseract5,ok,0.7161572052401747,"{""0.3"": {""matched"": 6, ""n_gt"": 63, ""n_pred"": 18}, ""0.5"": {""matched"": 3, ""n_gt"": 63, ""n_pred"": 18}, ""0.7"": {""matched"": 2, ""n_gt"": 63, ""n_pred"": 18}}",18,0,0,1.1088915939999424,True,True
d01-dashboard_dpr1_light_V09,d01-dashboard_dpr1_light,d01-dashboard,desktop,1,light,V09,webp,50,1.0,1280,800,26486,0.206922,chromium,tesseract5,ok,0.75,"{""0.3"": {""matched"": 4, ""n_gt"": 63, ""n_pred"": 16}, ""0.5"": {""matched"": 1, ""n_gt"": 63, ""n_pred"": 16}, ""0.7"": {""matched"": 1, ""n_gt"": 63, ""n_pred"": 16}}",16,0,0,2.068726276000234,True,True
d01-dashboard_dpr1_light_V10,d01-dashboard_dpr1_light,d01-dashboard,desktop,1,light,V10,avif,80,1.0,1280,800,32413,0.253227,chromium,tesseract5,ok,0.6933333333333334,"{""0.3"": {""matched"": 48, ""n_gt"": 63, ""n_pred"": 51}, ""0.5"": {""matched"": 43, ""n_gt"": 63, ""n_pred"": 51}, ""0.7"": {""matched"": 38, ""n_gt"": 63, ""n_pred"": 51}}",51,0,0,3.643183107999903,True,True
d01-dashboard_dpr1_light_V11,d01-dashboard_dpr1_light,d01-dashboard,desktop,1,light,V11,avif,60,1.0,1280,800,22808,0.178187,chromium,tesseract5,ok,0.7053571428571429,"{""0.3"": {""matched"": 47, ""n_gt"": 63, ""n_pred"": 50}, ""0.5"": {""matched"": 42, ""n_gt"": 63, ""n_pred"": 50}, ""0.7"": {""matched"": 37, ""n_gt"": 63, ""n_pred"": 50}}",50,0,0,2.7691828970000643,True,True
d01-dashboard_dpr1_light_V12,d01-dashboard_dpr1_light,d01-dashboard,desktop,1,light,V12,png,,0.5,640,400,59482,1.858812,chromium,tesseract5,ok,0.07751937984496124,"{""0.3"": {""matched"": 2, ""n_gt"": 63, ""n_pred"": 7}, ""0.5"": {""matched"": 1, ""n_gt"": 63, ""n_pred"": 7}, ""0.7"": {""matched"": 1, ""n_gt"": 63, ""n_pred"": 7}}",7,0,0,0.7600304480001796,True,True
d01-dashboard_dpr1_light_V13,d01-dashboard_dpr1_light,d01-dashboard,desktop,1,light,V13,jpeg,75,0.5,640,400,21672,0.67725,chromium,tesseract5,ok,0.10144927536231886,"{""0.3"": {""matched"": 2, ""n_gt"": 63, ""n_pred"": 7}, ""0.5"": {""matched"": 2, ""n_gt"": 63, ""n_pred"": 7}, ""0.7"": {""matched"": 1, ""n_gt"": 63, ""n_pred"": 7}}",7,0,0,0.5336562679999588,True,True
d01-dashboard_dpr1p5_dark_V00,d01-dashboard_dpr1p5_dark,d01-dashboard,desktop,1.5,dark,V00,png,,1.0,1920,1200,124895,0.433663,chromium,tesseract5,ok,0.9310344827586208,"{""0.3"": {""matched"": 53, ""n_gt"": 63, ""n_pred"": 57}, ""0.5"": {""matched"": 50, ""n_gt"": 63, ""n_pred"": 57}, ""0.7"": {""matched"": 46, ""n_gt"": 63, ""n_pred"": 57}}",57,0,0,2.9165901050000684,True,True
d01-dashboard_dpr1p5_dark_V02,d01-dashboard_dpr1p5_dark,d01-dashboard,desktop,1.5,dark,V02,jpeg,95,1.0,1920,1200,217858,0.756451,chromium,tesseract5,ok,0.9196428571428571,"{""0.3"": {""matched"": 47, ""n_gt"": 63, ""n_pred"": 51}, ""0.5"": {""matched"": 45, ""n_gt"": 63, ""n_pred"": 51}, ""0.7"": {""matched"": 43, ""n_gt"": 63, ""n_pred"": 51}}",51,0,0,4.841471742000067,True,True
d01-dashboard_dpr1p5_dark_V03,d01-dashboard_dpr1p5_dark,d01-dashboard,desktop,1.5,dark,V03,jpeg,85,1.0,1920,1200,143655,0.498802,chromium,tesseract5,ok,0.9292035398230089,"{""0.3"": {""matched"": 49, ""n_gt"": 63, ""n_pred"": 53}, ""0.5"": {""matched"": 47, ""n_gt"": 63, ""n_pred"": 53}, ""0.7"": {""matched"": 45, ""n_gt"": 63, ""n_pred"": 53}}",53,0,0,3.737368281000272,True,True
d01-dashboard_dpr1p5_dark_V04,d01-dashboard_dpr1p5_dark,d01-dashboard,desktop,1.5,dark,V04,jpeg,75,1.0,1920,1200,116697,0.405198,chromium,tesseract5,ok,0.9385964912280702,"{""0.3"": {""matched"": 40, ""n_gt"": 63, ""n_pred"": 45}, ""0.5"": {""matched"": 36, ""n_gt"": 63, ""n_pred"": 45}, ""0.7"": {""matched"": 33, ""n_gt"": 63, ""n_pred"": 45}}",45,0,0,5.008312437000313,True,True
d01-dashboard_dpr1p5_dark_V05,d01-dashboard_dpr1p5_dark,d01-dashboard,desktop,1.5,dark,V05,jpeg,60,1.0,1920,1200,97432,0.338306,chromium,tesseract5,ok,0.8789237668161435,"{""0.3"": {""matched"": 47, ""n_gt"": 63, ""n_pred"": 51}, ""0.5"": {""matched"": 47, ""n_gt"": 63, ""n_pred"": 51}, ""0.7"": {""matched"": 42, ""n_gt"": 63, ""n_pred"": 51}}",51,0,0,4.4836516289997235,True,True
d01-dashboard_dpr1p5_dark_V06,d01-dashboard_dpr1p5_dark,d01-dashboard,desktop,1.5,dark,V06,jpeg,85,1.0,1920,1200,202450,0.702951,chromium,tesseract5,ok,0.935064935064935,"{""0.3"": {""matched"": 52, ""n_gt"": 63, ""n_pred"": 57}, ""0.5"": {""matched"": 50, ""n_gt"": 63, ""n_pred"": 57}, ""0.7"": {""matched"": 46, ""n_gt"": 63, ""n_pred"": 57}}",57,0,0,3.3076758410002185,True,True
d01-dashboard_dpr1p5_dark_V07,d01-dashboard_dpr1p5_dark,d01-dashboard,desktop,1.5,dark,V07,webp,90,1.0,1920,1200,81192,0.281917,chromium,tesseract5,ok,0.9344978165938864,"{""0.3"": {""matched"": 40, ""n_gt"": 63, ""n_pred"": 45}, ""0.5"": {""matched"": 36, ""n_gt"": 63, ""n_pred"": 45}, ""0.7"": {""matched"": 32, ""n_gt"": 63, ""n_pred"": 45}}",45,0,0,3.4958515719999923,True,True
d01-dashboard_dpr1p5_dark_V08,d01-dashboard_dpr1p5_dark,d01-dashboard,desktop,1.5,dark,V08,webp,75,1.0,1920,1200,51534,0.178937,chromium,tesseract5,ok,0.925764192139738,"{""0.3"": {""matched"": 40, ""n_gt"": 63, ""n_pred"": 45}, ""0.5"": {""matched"": 36, ""n_gt"": 63, ""n_pred"": 45}, ""0.7"": {""matched"": 32, ""n_gt"": 63, ""n_pred"": 45}}",45,0,0,4.041076685000007,True,True
d01-dashboard_dpr1p5_dark_V09,d01-dashboard_dpr1p5_dark,d01-dashboard,desktop,1.5,dark,V09,webp,50,1.0,1920,1200,42338,0.147007,chromium,tesseract5,ok,0.9339207048458149,"{""0.3"": {""matched"": 40, ""n_gt"": 63, ""n_pred"": 45}, ""0.5"": {""matched"": 36, ""n_gt"": 63, ""n_pred"": 45}, ""0.7"": {""matched"": 32, ""n_gt"": 63, ""n_pred"": 45}}",45,0,0,6.5448630209998555,True,True
d01-dashboard_dpr1p5_dark_V10,d01-dashboard_dpr1p5_dark,d01-dashboard,desktop,1.5,dark,V10,avif,80,1.0,1920,1200,56788,0.197181,chromium,tesseract5,ok,0.9292035398230089,"{""0.3"": {""matched"": 38, ""n_gt"": 63, ""n_pred"": 43}, ""0.5"": {""matched"": 34, ""n_gt"": 63, ""n_pred"": 43}, ""0.7"": {""matched"": 30, ""n_gt"": 63, ""n_pred"": 43}}",43,0,0,3.4152954309997767,True,True
d01-dashboard_dpr1p5_dark_V11,d01-dashboard_dpr1p5_dark,d01-dashboard,desktop,1.5,dark,V11,avif,60,1.0,1920,1200,40260,0.139792,chromium,tesseract5,ok,0.939655172413793,"{""0.3"": {""matched"": 44, ""n_gt"": 63, ""n_pred"": 49}, ""0.5"": {""matched"": 40, ""n_gt"": 63, ""n_pred"": 49}, ""0.7"": {""matched"": 36, ""n_gt"": 63, ""n_pred"": 49}}",49,0,0,5.207903005999924,True,True
d01-dashboard_dpr1p5_dark_V12,d01-dashboard_dpr1p5_dark,d01-dashboard,desktop,1.5,dark,V12,png,,0.5,960,600,112413,1.561292,chromium,tesseract5,ok,0.3905325443786983,"{""0.3"": {""matched"": 11, ""n_gt"": 63, ""n_pred"": 17}, ""0.5"": {""matched"": 9, ""n_gt"": 63, ""n_pred"": 17}, ""0.7"": {""matched"": 6, ""n_gt"": 63, ""n_pred"": 17}}",17,0,0,3.6000700399999914,True,True
d01-dashboard_dpr1p5_dark_V13,d01-dashboard_dpr1p5_dark,d01-dashboard,desktop,1.5,dark,V13,jpeg,75,0.5,960,600,41052,0.570167,chromium,tesseract5,ok,0.4444444444444444,"{""0.3"": {""matched"": 19, ""n_gt"": 63, ""n_pred"": 27}, ""0.5"": {""matched"": 15, ""n_gt"": 63, ""n_pred"": 27}, ""0.7"": {""matched"": 12, ""n_gt"": 63, ""n_pred"": 27}}",27,0,0,1.6497899529999813,True,True
d01-dashboard_dpr1p5_light_V00,d01-dashboard_dpr1p5_light,d01-dashboard,desktop,1.5,light,V00,png,,1.0,1920,1200,123904,0.430222,chromium,tesseract5,ok,0.9427312775330396,"{""0.3"": {""matched"": 37, ""n_gt"": 63, ""n_pred"": 43}, ""0.5"": {""matched"": 34, ""n_gt"": 63, ""n_pred"": 43}, ""0.7"": {""matched"": 30, ""n_gt"": 63, ""n_pred"": 43}}",43,0,0,1.951268065000022,True,True
d01-dashboard_dpr1p5_light_V02,d01-dashboard_dpr1p5_light,d01-dashboard,desktop,1.5,light,V02,jpeg,95,1.0,1920,1200,226374,0.786021,chromium,tesseract5,ok,0.9613733905579399,"{""0.3"": {""matched"": 43, ""n_gt"": 63, ""n_pred"": 49}, ""0.5"": {""matched"": 40, ""n_gt"": 63, ""n_pred"": 49}, ""0.7"": {""matched"": 36, ""n_gt"": 63, ""n_pred"": 49}}",49,0,0,2.0367332910000187,True,True
d01-dashboard_dpr1p5_light_V03,d01-dashboard_dpr1p5_light,d01-dashboard,desktop,1.5,light,V03,jpeg,85,1.0,1920,1200,150234,0.521646,chromium,tesseract5,ok,0.9437229437229439,"{""0.3"": {""matched"": 41, ""n_gt"": 63, ""n_pred"": 47}, ""0.5"": {""matched"": 38, ""n_gt"": 63, ""n_pred"": 47}, ""0.7"": {""matched"": 34, ""n_gt"": 63, ""n_pred"": 47}}",47,0,0,1.5518768010001622,True,True
d01-dashboard_dpr1p5_light_V04,d01-dashboard_dpr1p5_light,d01-dashboard,desktop,1.5,light,V04,jpeg,75,1.0,1920,1200,122072,0.423861,chromium,tesseract5,ok,0.888888888888889,"{""0.3"": {""matched"": 30, ""n_gt"": 63, ""n_pred"": 40}, ""0.5"": {""matched"": 27, ""n_gt"": 63, ""n_pred"": 40}, ""0.7"": {""matched"": 24, ""n_gt"": 63, ""n_pred"": 40}}",40,0,0,1.2596144669996647,True,True
d01-dashboard_dpr1p5_light_V05,d01-dashboard_dpr1p5_light,d01-dashboard,desktop,1.5,light,V05,jpeg,60,1.0,1920,1200,101932,0.353931,chromium,tesseract5,ok,0.944206008583691,"{""0.3"": {""matched"": 43, ""n_gt"": 63, ""n_pred"": 49}, ""0.5"": {""matched"": 40, ""n_gt"": 63, ""n_pred"": 49}, ""0.7"": {""matched"": 36, ""n_gt"": 63, ""n_pred"": 49}}",49,0,0,1.3356250120000368,True,True
d01-dashboard_dpr1p5_light_V06,d01-dashboard_dpr1p5_light,d01-dashboard,desktop,1.5,light,V06,jpeg,85,1.0,1920,1200,213071,0.73983,chromium,tesseract5,ok,0.9082969432314411,"{""0.3"": {""matched"": 34, ""n_gt"": 63, ""n_pred"": 44}, ""0.5"": {""matched"": 31, ""n_gt"": 63, ""n_pred"": 44}, ""0.7"": {""matched"": 27, ""n_gt"": 63, ""n_pred"": 44}}",44,0,0,1.5665503090003767,True,True
d01-dashboard_dpr1p5_light_V07,d01-dashboard_dpr1p5_light,d01-dashboard,desktop,1.5,light,V07,webp,90,1.0,1920,1200,83020,0.288264,chromium,tesseract5,ok,0.9613733905579399,"{""0.3"": {""matched"": 37, ""n_gt"": 63, ""n_pred"": 43}, ""0.5"": {""matched"": 31, ""n_gt"": 63, ""n_pred"": 43}, ""0.7"": {""matched"": 24, ""n_gt"": 63, ""n_pred"": 43}}",43,0,0,2.145935589000146,True,True
d01-dashboard_dpr1p5_light_V08,d01-dashboard_dpr1p5_light,d01-dashboard,desktop,1.5,light,V08,webp,75,1.0,1920,1200,54068,0.187736,chromium,tesseract5,ok,0.944206008583691,"{""0.3"": {""matched"": 37, ""n_gt"": 63, ""n_pred"": 43}, ""0.5"": {""matched"": 31, ""n_gt"": 63, ""n_pred"": 43}, ""0.7"": {""matched"": 24, ""n_gt"": 63, ""n_pred"": 43}}",43,0,0,3.3908582959998057,True,True
d01-dashboard_dpr1p5_light_V09,d01-dashboard_dpr1p5_light,d01-dashboard,desktop,1.5,light,V09,webp,50,1.0,1920,1200,44676,0.155125,chromium,tesseract5,ok,0.944206008583691,"{""0.3"": {""matched"": 44, ""n_gt"": 63, ""n_pred"": 49}, ""0.5"": {""matched"": 41, ""n_gt"": 63, ""n_pred"": 49}, ""0.7"": {""matched"": 37, ""n_gt"": 63, ""n_pred"": 49}}",49,0,0,1.7457516960002977,True,True
d01-dashboard_dpr1p5_light_V10,d01-dashboard_dpr1p5_light,d01-dashboard,desktop,1.5,light,V10,avif,80,1.0,1920,1200,59819,0.207705,chromium,tesseract5,ok,0.9699570815450643,"{""0.3"": {""matched"": 43, ""n_gt"": 63, ""n_pred"": 49}, ""0.5"": {""matched"": 40, ""n_gt"": 63, ""n_pred"": 49}, ""0.7"": {""matched"": 36, ""n_gt"": 63, ""n_pred"": 49}}",49,0,0,1.7680367499997374,True,True
d01-dashboard_dpr1p5_light_V11,d01-dashboard_dpr1p5_light,d01-dashboard,desktop,1.5,light,V11,avif,60,1.0,1920,1200,41647,0.144608,chromium,tesseract5,ok,0.9613733905579399,"{""0.3"": {""matched"": 43, ""n_gt"": 63, ""n_pred"": 49}, ""0.5"": {""matched"": 40, ""n_gt"": 63, ""n_pred"": 49}, ""0.7"": {""matched"": 36, ""n_gt"": 63, ""n_pred"": 49}}",49,0,0,2.555438488999698,True,True
d01-dashboard_dpr1p5_light_V12,d01-dashboard_dpr1p5_light,d01-dashboard,desktop,1.5,light,V12,png,,0.5,960,600,102671,1.425986,chromium,tesseract5,ok,0.3919597989949749,"{""0.3"": {""matched"": 28, ""n_gt"": 63, ""n_pred"": 32}, ""0.5"": {""matched"": 22, ""n_gt"": 63, ""n_pred"": 32}, ""0.7"": {""matched"": 19, ""n_gt"": 63, ""n_pred"": 32}}",32,0,0,2.5869543569997404,True,True
d01-dashboard_dpr1p5_light_V13,d01-dashboard_dpr1p5_light,d01-dashboard,desktop,1.5,light,V13,jpeg,75,0.5,960,600,42869,0.595403,chromium,tesseract5,ok,0.4020618556701031,"{""0.3"": {""matched"": 38, ""n_gt"": 63, ""n_pred"": 40}, ""0.5"": {""matched"": 30, ""n_gt"": 63, ""n_pred"": 40}, ""0.7"": {""matched"": 27, ""n_gt"": 63, ""n_pred"": 40}}",40,0,0,0.997567287000038,True,True
d01-dashboard_dpr2_dark_V00,d01-dashboard_dpr2_dark,d01-dashboard,desktop,2,dark,V00,png,,1.0,2560,1600,171364,0.334695,chromium,tesseract5,ok,0.9535864978902953,"{""0.3"": {""matched"": 54, ""n_gt"": 63, ""n_pred"": 57}, ""0.5"": {""matched"": 51, ""n_gt"": 63, ""n_pred"": 57}, ""0.7"": {""matched"": 47, ""n_gt"": 63, ""n_pred"": 57}}",57,0,0,3.519926096999825,True,True
d01-dashboard_dpr2_dark_V02,d01-dashboard_dpr2_dark,d01-dashboard,desktop,2,dark,V02,jpeg,95,1.0,2560,1600,313661,0.612619,chromium,tesseract5,ok,0.9316239316239316,"{""0.3"": {""matched"": 10, ""n_gt"": 63, ""n_pred"": 23}, ""0.5"": {""matched"": 10, ""n_gt"": 63, ""n_pred"": 23}, ""0.7"": {""matched"": 7, ""n_gt"": 63, ""n_pred"": 23}}",23,0,0,7.0445718630003284,True,True
d01-dashboard_dpr2_dark_V03,d01-dashboard_dpr2_dark,d01-dashboard,desktop,2,dark,V03,jpeg,85,1.0,2560,1600,213709,0.4174,chromium,tesseract5,ok,0.9356223175965666,"{""0.3"": {""matched"": 10, ""n_gt"": 63, ""n_pred"": 23}, ""0.5"": {""matched"": 10, ""n_gt"": 63, ""n_pred"": 23}, ""0.7"": {""matched"": 8, ""n_gt"": 63, ""n_pred"": 23}}",23,0,0,2.9382747530003144,True,True
d01-dashboard_dpr2_dark_V04,d01-dashboard_dpr2_dark,d01-dashboard,desktop,2,dark,V04,jpeg,75,1.0,2560,1600,176690,0.345098,chromium,tesseract5,ok,0.944206008583691,"{""0.3"": {""matched"": 10, ""n_gt"": 63, ""n_pred"": 23}, ""0.5"": {""matched"": 10, ""n_gt"": 63, ""n_pred"": 23}, ""0.7"": {""matched"": 8, ""n_gt"": 63, ""n_pred"": 23}}",23,0,0,3.8296931070003666,True,True
d01-dashboard_dpr2_dark_V05,d01-dashboard_dpr2_dark,d01-dashboard,desktop,2,dark,V05,jpeg,60,1.0,2560,1600,149578,0.292145,chromium,tesseract5,ok,0.9870129870129869,"{""0.3"": {""matched"": 40, ""n_gt"": 63, ""n_pred"": 48}, ""0.5"": {""matched"": 40, ""n_gt"": 63, ""n_pred"": 48}, ""0.7"": {""matched"": 39, ""n_gt"": 63, ""n_pred"": 48}}",48,0,0,5.729203847000008,True,True
d01-dashboard_dpr2_dark_V06,d01-dashboard_dpr2_dark,d01-dashboard,desktop,2,dark,V06,jpeg,85,1.0,2560,1600,301545,0.588955,chromium,tesseract5,ok,0.9491525423728814,"{""0.3"": {""matched"": 54, ""n_gt"": 63, ""n_pred"": 58}, ""0.5"": {""matched"": 51, ""n_gt"": 63, ""n_pred"": 58}, ""0.7"": {""matched"": 49, ""n_gt"": 63, ""n_pred"": 58}}",58,0,0,8.745798571999785,True,True
d01-dashboard_dpr2_dark_V07,d01-dashboard_dpr2_dark,d01-dashboard,desktop,2,dark,V07,webp,90,1.0,2560,1600,110500,0.21582,chromium,tesseract5,ok,0.9401709401709402,"{""0.3"": {""matched"": 10, ""n_gt"": 63, ""n_pred"": 23}, ""0.5"": {""matched"": 10, ""n_gt"": 63, ""n_pred"": 23}, ""0.7"": {""matched"": 7, ""n_gt"": 63, ""n_pred"": 23}}",23,0,0,3.4007120600003873,True,True
d01-dashboard_dpr2_dark_V08,d01-dashboard_dpr2_dark,d01-dashboard,desktop,2,dark,V08,webp,75,1.0,2560,1600,70512,0.137719,chromium,tesseract5,ok,0.9401709401709402,"{""0.3"": {""matched"": 10, ""n_gt"": 63, ""n_pred"": 23}, ""0.5"": {""matched"": 10, ""n_gt"": 63, ""n_pred"": 23}, ""0.7"": {""matched"": 6, ""n_gt"": 63, ""n_pred"": 23}}",23,0,0,4.392120507000072,True,True
d01-dashboard_dpr2_dark_V09,d01-dashboard_dpr2_dark,d01-dashboard,desktop,2,dark,V09,webp,50,1.0,2560,1600,58154,0.113582,chromium,tesseract5,ok,0.9617021276595745,"{""0.3"": {""matched"": 54, ""n_gt"": 63, ""n_pred"": 57}, ""0.5"": {""matched"": 51, ""n_gt"": 63, ""n_pred"": 57}, ""0.7"": {""matched"": 49, ""n_gt"": 63, ""n_pred"": 57}}",57,0,0,2.942618732000028,True,True
d01-dashboard_dpr2_dark_V10,d01-dashboard_dpr2_dark,d01-dashboard,desktop,2,dark,V10,avif,80,1.0,2560,1600,69922,0.136566,chromium,tesseract5,ok,0.9316239316239316,"{""0.3"": {""matched"": 10, ""n_gt"": 63, ""n_pred"": 23}, ""0.5"": {""matched"": 10, ""n_gt"": 63, ""n_pred"": 23}, ""0.7"": {""matched"": 6, ""n_gt"": 63, ""n_pred"": 23}}",23,0,0,2.5086446609998347,True,True
d01-dashboard_dpr2_dark_V11,d01-dashboard_dpr2_dark,d01-dashboard,desktop,2,dark,V11,avif,60,1.0,2560,1600,49545,0.096768,chromium,tesseract5,ok,0.9316239316239316,"{""0.3"": {""matched"": 10, ""n_gt"": 63, ""n_pred"": 23}, ""0.5"": {""matched"": 10, ""n_gt"": 63, ""n_pred"": 23}, ""0.7"": {""matched"": 6, ""n_gt"": 63, ""n_pred"": 23}}",23,0,0,2.821633354000369,True,True
d01-dashboard_dpr2_dark_V12,d01-dashboard_dpr2_dark,d01-dashboard,desktop,2,dark,V12,png,,0.5,1280,800,153870,1.202109,chromium,tesseract5,ok,0.7312775330396476,"{""0.3"": {""matched"": 6, ""n_gt"": 63, ""n_pred"": 17}, ""0.5"": {""matched"": 4, ""n_gt"": 63, ""n_pred"": 17}, ""0.7"": {""matched"": 3, ""n_gt"": 63, ""n_pred"": 17}}",17,0,0,2.6930733140002303,True,True
d01-dashboard_dpr2_dark_V13,d01-dashboard_dpr2_dark,d01-dashboard,desktop,2,dark,V13,jpeg,75,0.5,1280,800,63365,0.495039,chromium,tesseract5,ok,0.7945205479452055,"{""0.3"": {""matched"": 33, ""n_gt"": 63, ""n_pred"": 41}, ""0.5"": {""matched"": 31, ""n_gt"": 63, ""n_pred"": 41}, ""0.7"": {""matched"": 30, ""n_gt"": 63, ""n_pred"": 41}}",41,0,0,2.148734142000194,True,True
d01-dashboard_dpr2_light_V00,d01-dashboard_dpr2_light,d01-dashboard,desktop,2,light,V00,png,,1.0,2560,1600,171825,0.335596,chromium,tesseract5,ok,0.9535864978902953,"{""0.3"": {""matched"": 54, ""n_gt"": 63, ""n_pred"": 57}, ""0.5"": {""matched"": 51, ""n_gt"": 63, ""n_pred"": 57}, ""0.7"": {""matched"": 47, ""n_gt"": 63, ""n_pred"": 57}}",57,0,0,2.605016749999777,True,True
d01-dashboard_dpr2_light_V02,d01-dashboard_dpr2_light,d01-dashboard,desktop,2,light,V02,jpeg,95,1.0,2560,1600,326771,0.638225,chromium,tesseract5,ok,0.9487179487179487,"{""0.3"": {""matched"": 10, ""n_gt"": 63, ""n_pred"": 23}, ""0.5"": {""matched"": 10, ""n_gt"": 63, ""n_pred"": 23}, ""0.7"": {""matched"": 6, ""n_gt"": 63, ""n_pred"": 23}}",23,0,0,2.160128506000092,True,True
d01-dashboard_dpr2_light_V03,d01-dashboard_dpr2_light,d01-dashboard,desktop,2,light,V03,jpeg,85,1.0,2560,1600,222866,0.435285,chromium,tesseract5,ok,0.9401709401709402,"{""0.3"": {""matched"": 10, ""n_gt"": 63, ""n_pred"": 23}, ""0.5"": {""matched"": 10, ""n_gt"": 63, ""n_pred"": 23}, ""0.7"": {""matched"": 6, ""n_gt"": 63, ""n_pred"": 23}}",23,0,0,2.403223910000179,True,True
d01-dashboard_dpr2_light_V04,d01-dashboard_dpr2_light,d01-dashboard,desktop,2,light,V04,jpeg,75,1.0,2560,1600,182759,0.356951,chromium,tesseract5,ok,0.944206008583691,"{""0.3"": {""matched"": 10, ""n_gt"": 63, ""n_pred"": 23}, ""0.5"": {""matched"": 10, ""n_gt"": 63, ""n_pred"": 23}, ""0.7"": {""matched"": 8, ""n_gt"": 63, ""n_pred"": 23}}",23,0,0,3.2321078099998886,True,True
d01-dashboard_dpr2_light_V05,d01-dashboard_dpr2_light,d01-dashboard,desktop,2,light,V05,jpeg,60,1.0,2560,1600,157029,0.306697,chromium,tesseract5,ok,0.9743589743589743,"{""0.3"": {""matched"": 43, ""n_gt"": 63, ""n_pred"": 48}, ""0.5"": {""matched"": 40, ""n_gt"": 63, ""n_pred"": 48}, ""0.7"": {""matched"": 37, ""n_gt"": 63, ""n_pred"": 48}}",48,0,0,5.148583467999742,True,True
d01-dashboard_dpr2_light_V06,d01-dashboard_dpr2_light,d01-dashboard,desktop,2,light,V06,jpeg,85,1.0,2560,1600,318647,0.622357,chromium,tesseract5,ok,0.9576271186440679,"{""0.3"": {""matched"": 54, ""n_gt"": 63, ""n_pred"": 57}, ""0.5"": {""matched"": 51, ""n_gt"": 63, ""n_pred"": 57}, ""0.7"": {""matched"": 47, ""n_gt"": 63, ""n_pred"": 57}}",57,0,0,2.4230357070000537,True,True
d01-dashboard_dpr2_light_V07,d01-dashboard_dpr2_light,d01-dashboard,desktop,2,light,V07,webp,90,1.0,2560,1600,115548,0.22568,chromium,tesseract5,ok,0.9487179487179487,"{""0.3"": {""matched"": 10, ""n_gt"": 63, ""n_pred"": 23}, ""0.5"": {""matched"": 10, ""n_gt"": 63, ""n_pred"": 23}, ""0.7"": {""matched"": 6, ""n_gt"": 63, ""n_pred"": 23}}",23,0,0,2.3139405179999812,True,True
d01-dashboard_dpr2_light_V08,d01-dashboard_dpr2_light,d01-dashboard,desktop,2,light,V08,webp,75,1.0,2560,1600,74508,0.145523,chromium,tesseract5,ok,0.9401709401709402,"{""0.3"": {""matched"": 10, ""n_gt"": 63, ""n_pred"": 23}, ""0.5"": {""matched"": 10, ""n_gt"": 63, ""n_pred"": 23}, ""0.7"": {""matched"": 6, ""n_gt"": 63, ""n_pred"": 23}}",23,0,0,2.9378159990001222,True,True
d01-dashboard_dpr2_light_V09,d01-dashboard_dpr2_light,d01-dashboard,desktop,2,light,V09,webp,50,1.0,2560,1600,61836,0.120773,chromium,tesseract5,ok,0.9316239316239316,"{""0.3"": {""matched"": 10, ""n_gt"": 63, ""n_pred"": 23}, ""0.5"": {""matched"": 10, ""n_gt"": 63, ""n_pred"": 23}, ""0.7"": {""matched"": 6, ""n_gt"": 63, ""n_pred"": 23}}",23,0,0,2.549462821999896,True,True
d01-dashboard_dpr2_light_V10,d01-dashboard_dpr2_light,d01-dashboard,desktop,2,light,V10,avif,80,1.0,2560,1600,73339,0.14324,chromium,tesseract5,ok,0.9487179487179487,"{""0.3"": {""matched"": 10, ""n_gt"": 63, ""n_pred"": 23}, ""0.5"": {""matched"": 10, ""n_gt"": 63, ""n_pred"": 23}, ""0.7"": {""matched"": 6, ""n_gt"": 63, ""n_pred"": 23}}",23,0,0,2.6344532719999734,True,True
d01-dashboard_dpr2_light_V11,d01-dashboard_dpr2_light,d01-dashboard,desktop,2,light,V11,avif,60,1.0,2560,1600,51723,0.101021,chromium,tesseract5,ok,0.944206008583691,"{""0.3"": {""matched"": 6, ""n_gt"": 63, ""n_pred"": 18}, ""0.5"": {""matched"": 5, ""n_gt"": 63, ""n_pred"": 18}, ""0.7"": {""matched"": 3, ""n_gt"": 63, ""n_pred"": 18}}",18,0,0,2.7845521239996742,True,True
d01-dashboard_dpr2_light_V12,d01-dashboard_dpr2_light,d01-dashboard,desktop,2,light,V12,png,,0.5,1280,800,140721,1.099383,chromium,tesseract5,ok,0.7619047619047619,"{""0.3"": {""matched"": 62, ""n_gt"": 63, ""n_pred"": 65}, ""0.5"": {""matched"": 59, ""n_gt"": 63, ""n_pred"": 65}, ""0.7"": {""matched"": 55, ""n_gt"": 63, ""n_pred"": 65}}",65,0,0,1.3500839109997287,True,True
d01-dashboard_dpr2_light_V13,d01-dashboard_dpr2_light,d01-dashboard,desktop,2,light,V13,jpeg,75,0.5,1280,800,65282,0.510016,chromium,tesseract5,ok,0.7644444444444444,"{""0.3"": {""matched"": 37, ""n_gt"": 63, ""n_pred"": 44}, ""0.5"": {""matched"": 36, ""n_gt"": 63, ""n_pred"": 44}, ""0.7"": {""matched"": 32, ""n_gt"": 63, ""n_pred"": 44}}",44,0,0,1.4770385770002576,True,True
d06-code-editor_dpr1_dark_V00,d06-code-editor_dpr1_dark,d06-code-editor,desktop,1,dark,V00,png,,1.0,1280,800,115563,0.902836,chromium,tesseract5,ok,0.7758186397984888,"{""0.3"": {""matched"": 52, ""n_gt"": 62, ""n_pred"": 54}, ""0.5"": {""matched"": 44, ""n_gt"": 62, ""n_pred"": 54}, ""0.7"": {""matched"": 37, ""n_gt"": 62, ""n_pred"": 54}}",54,0,1,4.886040427000353,True,True
d06-code-editor_dpr1_dark_V02,d06-code-editor_dpr1_dark,d06-code-editor,desktop,1,dark,V02,jpeg,95,1.0,1280,800,167078,1.305297,chromium,tesseract5,ok,0.7272727272727273,"{""0.3"": {""matched"": 40, ""n_gt"": 62, ""n_pred"": 48}, ""0.5"": {""matched"": 33, ""n_gt"": 62, ""n_pred"": 48}, ""0.7"": {""matched"": 22, ""n_gt"": 62, ""n_pred"": 48}}",48,0,1,6.137431160999768,True,True
d06-code-editor_dpr1_dark_V03,d06-code-editor_dpr1_dark,d06-code-editor,desktop,1,dark,V03,jpeg,85,1.0,1280,800,106846,0.834734,chromium,tesseract5,ok,0.7570332480818416,"{""0.3"": {""matched"": 37, ""n_gt"": 62, ""n_pred"": 38}, ""0.5"": {""matched"": 30, ""n_gt"": 62, ""n_pred"": 38}, ""0.7"": {""matched"": 25, ""n_gt"": 62, ""n_pred"": 38}}",38,0,1,2.1784412070001054,True,True
d06-code-editor_dpr1_dark_V04,d06-code-editor_dpr1_dark,d06-code-editor,desktop,1,dark,V04,jpeg,75,1.0,1280,800,84379,0.659211,chromium,tesseract5,ok,0.7055702917771882,"{""0.3"": {""matched"": 31, ""n_gt"": 62, ""n_pred"": 32}, ""0.5"": {""matched"": 27, ""n_gt"": 62, ""n_pred"": 32}, ""0.7"": {""matched"": 26, ""n_gt"": 62, ""n_pred"": 32}}",32,0,1,1.8037727240002823,True,True
d06-code-editor_dpr1_dark_V05,d06-code-editor_dpr1_dark,d06-code-editor,desktop,1,dark,V05,jpeg,60,1.0,1280,800,68179,0.532648,chromium,tesseract5,ok,0.7100271002710028,"{""0.3"": {""matched"": 31, ""n_gt"": 62, ""n_pred"": 33}, ""0.5"": {""matched"": 26, ""n_gt"": 62, ""n_pred"": 33}, ""0.7"": {""matched"": 25, ""n_gt"": 62, ""n_pred"": 33}}",33,0,1,2.8353950220002844,True,True
d06-code-editor_dpr1_dark_V06,d06-code-editor_dpr1_dark,d06-code-editor,desktop,1,dark,V06,jpeg,85,1.0,1280,800,156807,1.225055,chromium,tesseract5,ok,0.7387862796833773,"{""0.3"": {""matched"": 31, ""n_gt"": 62, ""n_pred"": 32}, ""0.5"": {""matched"": 23, ""n_gt"": 62, ""n_pred"": 32}, ""0.7"": {""matched"": 23, ""n_gt"": 62, ""n_pred"": 32}}",32,0,1,2.465503197999624,True,True
d06-code-editor_dpr1_dark_V07,d06-code-editor_dpr1_dark,d06-code-editor,desktop,1,dark,V07,webp,90,1.0,1280,800,76046,0.594109,chromium,tesseract5,ok,0.7788944723618091,"{""0.3"": {""matched"": 53, ""n_gt"": 62, ""n_pred"": 61}, ""0.5"": {""matched"": 47, ""n_gt"": 62, ""n_pred"": 61}, ""0.7"": {""matched"": 35, ""n_gt"": 62, ""n_pred"": 61}}",61,0,1,2.732370342000195,True,True
d06-code-editor_dpr1_dark_V08,d06-code-editor_dpr1_dark,d06-code-editor,desktop,1,dark,V08,webp,75,1.0,1280,800,48572,0.379469,chromium,tesseract5,ok,0.7631578947368423,"{""0.3"": {""matched"": 35, ""n_gt"": 62, ""n_pred"": 36}, ""0.5"": {""matched"": 29, ""n_gt"": 62, ""n_pred"": 36}, ""0.7"": {""matched"": 26, ""n_gt"": 62, ""n_pred"": 36}}",36,0,1,2.5332548760002283,True,True
d06-code-editor_dpr1_dark_V09,d06-code-editor_dpr1_dark,d06-code-editor,desktop,1,dark,V09,webp,50,1.0,1280,800,39682,0.310016,chromium,tesseract5,ok,0.7234042553191491,"{""0.3"": {""matched"": 32, ""n_gt"": 62, ""n_pred"": 40}, ""0.5"": {""matched"": 25, ""n_gt"": 62, ""n_pred"": 40}, ""0.7"": {""matched"": 23, ""n_gt"": 62, ""n_pred"": 40}}",40,0,1,4.458671317000153,True,True
d06-code-editor_dpr1_dark_V10,d06-code-editor_dpr1_dark,d06-code-editor,desktop,1,dark,V10,avif,80,1.0,1280,800,45802,0.357828,chromium,tesseract5,ok,0.7660668380462725,"{""0.3"": {""matched"": 43, ""n_gt"": 62, ""n_pred"": 44}, ""0.5"": {""matched"": 37, ""n_gt"": 62, ""n_pred"": 44}, ""0.7"": {""matched"": 36, ""n_gt"": 62, ""n_pred"": 44}}",44,0,1,2.657029303999934,True,True
d06-code-editor_dpr1_dark_V11,d06-code-editor_dpr1_dark,d06-code-editor,desktop,1,dark,V11,avif,60,1.0,1280,800,31619,0.247023,chromium,tesseract5,ok,0.7055702917771882,"{""0.3"": {""matched"": 32, ""n_gt"": 62, ""n_pred"": 39}, ""0.5"": {""matched"": 23, ""n_gt"": 62, ""n_pred"": 39}, ""0.7"": {""matched"": 21, ""n_gt"": 62, ""n_pred"": 39}}",39,0,1,3.4897635050001554,True,True
d06-code-editor_dpr1_dark_V12,d06-code-editor_dpr1_dark,d06-code-editor,desktop,1,dark,V12,png,,0.5,640,400,96707,3.022094,chromium,tesseract5,ok,0.05020920502092051,"{""0.3"": {""matched"": 5, ""n_gt"": 62, ""n_pred"": 9}, ""0.5"": {""matched"": 3, ""n_gt"": 62, ""n_pred"": 9}, ""0.7"": {""matched"": 3, ""n_gt"": 62, ""n_pred"": 9}}",9,0,1,0.7389179080000758,True,True
d06-code-editor_dpr1_dark_V13,d06-code-editor_dpr1_dark,d06-code-editor,desktop,1,dark,V13,jpeg,75,0.5,640,400,26025,0.813281,chromium,tesseract5,ok,0.04587155963302752,"{""0.3"": {""matched"": 3, ""n_gt"": 62, ""n_pred"": 4}, ""0.5"": {""matched"": 1, ""n_gt"": 62, ""n_pred"": 4}, ""0.7"": {""matched"": 1, ""n_gt"": 62, ""n_pred"": 4}}",4,0,1,0.38319570700014083,True,True
d06-code-editor_dpr1_light_V00,d06-code-editor_dpr1_light,d06-code-editor,desktop,1,light,V00,png,,1.0,1280,800,113625,0.887695,chromium,tesseract5,ok,0.7216494845360825,"{""0.3"": {""matched"": 43, ""n_gt"": 62, ""n_pred"": 44}, ""0.5"": {""matched"": 36, ""n_gt"": 62, ""n_pred"": 44}, ""0.7"": {""matched"": 35, ""n_gt"": 62, ""n_pred"": 44}}",44,0,1,1.7526835909998226,True,True
d06-code-editor_dpr1_light_V02,d06-code-editor_dpr1_light,d06-code-editor,desktop,1,light,V02,jpeg,95,1.0,1280,800,167255,1.30668,chromium,tesseract5,ok,0.7214854111405835,"{""0.3"": {""matched"": 33, ""n_gt"": 62, ""n_pred"": 41}, ""0.5"": {""matched"": 26, ""n_gt"": 62, ""n_pred"": 41}, ""0.7"": {""matched"": 22, ""n_gt"": 62, ""n_pred"": 41}}",41,0,1,1.6048495959998945,True,True
d06-code-editor_dpr1_light_V03,d06-code-editor_dpr1_light,d06-code-editor,desktop,1,light,V03,jpeg,85,1.0,1280,800,106546,0.832391,chromium,tesseract5,ok,0.7127659574468085,"{""0.3"": {""matched"": 32, ""n_gt"": 62, ""n_pred"": 40}, ""0.5"": {""matched"": 27, ""n_gt"": 62, ""n_pred"": 40}, ""0.7"": {""matched"": 22, ""n_gt"": 62, ""n_pred"": 40}}",40,0,1,2.2970371389997126,True,True
d06-code-editor_dpr1_light_V04,d06-code-editor_dpr1_light,d06-code-editor,desktop,1,light,V04,jpeg,75,1.0,1280,800,84396,0.659344,chromium,tesseract5,ok,0.6947368421052631,"{""0.3"": {""matched"": 20, ""n_gt"": 62, ""n_pred"": 27}, ""0.5"": {""matched"": 15, ""n_gt"": 62, ""n_pred"": 27}, ""0.7"": {""matched"": 15, ""n_gt"": 62, ""n_pred"": 27}}",27,0,0,1.5352401770001052,True,True
d06-code-editor_dpr1_light_V05,d06-code-editor_dpr1_light,d06-code-editor,desktop,1,light,V05,jpeg,60,1.0,1280,800,68337,0.533883,chromium,tesseract5,ok,0.6684931506849314,"{""0.3"": {""matched"": 29, ""n_gt"": 62, ""n_pred"": 31}, ""0.5"": {""matched"": 24, ""n_gt"": 62, ""n_pred"": 31}, ""0.7"": {""matched"": 24, ""n_gt"": 62, ""n_pred"": 31}}",31,0,1,1.6513391890002822,True,True
d06-code-editor_dpr1_light_V06,d06-code-editor_dpr1_light,d06-code-editor,desktop,1,light,V06,jpeg,85,1.0,1280,800,157132,1.227594,chromium,tesseract5,ok,0.6989247311827957,"{""0.3"": {""matched"": 32, ""n_gt"": 62, ""n_pred"": 40}, ""0.5"": {""matched"": 28, ""n_gt"": 62, ""n_pred"": 40}, ""0.7"": {""matched"": 23, ""n_gt"": 62, ""n_pred"": 40}}",40,0,1,1.4960091909997573,True,True
d06-code-editor_dpr1_light_V07,d06-code-editor_dpr1_light,d06-code-editor,desktop,1,light,V07,webp,90,1.0,1280,800,76380,0.596719,chromium,tesseract5,ok,0.7074468085106382,"{""0.3"": {""matched"": 33, ""n_gt"": 62, ""n_pred"": 40}, ""0.5"": {""matched"": 26, ""n_gt"": 62, ""n_pred"": 40}, ""0.7"": {""matched"": 22, ""n_gt"": 62, ""n_pred"": 40}}",40,0,1,2.2098551100002624,True,True
d06-code-editor_dpr1_light_V08,d06-code-editor_dpr1_light,d06-code-editor,desktop,1,light,V08,webp,75,1.0,1280,800,48802,0.381266,chromium,tesseract5,ok,0.7277486910994765,"{""0.3"": {""matched"": 29, ""n_gt"": 62, ""n_pred"": 41}, ""0.5"": {""matched"": 22, ""n_gt"": 62, ""n_pred"": 41}, ""0.7"": {""matched"": 18, ""n_gt"": 62, ""n_pred"": 41}}",41,0,1,1.723053291999804,True,True
d06-code-editor_dpr1_light_V09,d06-code-editor_dpr1_light,d06-code-editor,desktop,1,light,V09,webp,50,1.0,1280,800,39824,0.311125,chromium,tesseract5,ok,0.7244094488188977,"{""0.3"": {""matched"": 31, ""n_gt"": 62, ""n_pred"": 38}, ""0.5"": {""matched"": 22, ""n_gt"": 62, ""n_pred"": 38}, ""0.7"": {""matched"": 20, ""n_gt"": 62, ""n_pred"": 38}}",38,0,1,2.1394548859998395,True,True
d06-code-editor_dpr1_light_V10,d06-code-editor_dpr1_light,d06-code-editor,desktop,1,light,V10,avif,80,1.0,1280,800,45800,0.357812,chromium,tesseract5,ok,0.6721763085399449,"{""0.3"": {""matched"": 30, ""n_gt"": 62, ""n_pred"": 38}, ""0.5"": {""matched"": 24, ""n_gt"": 62, ""n_pred"": 38}, ""0.7"": {""matched"": 21, ""n_gt"": 62, ""n_pred"": 38}}",38,0,1,1.367517023000346,True,True
d06-code-editor_dpr1_light_V11,d06-code-editor_dpr1_light,d06-code-editor,desktop,1,light,V11,avif,60,1.0,1280,800,31820,0.248594,chromium,tesseract5,ok,0.6775956284153004,"{""0.3"": {""matched"": 31, ""n_gt"": 62, ""n_pred"": 32}, ""0.5"": {""matched"": 25, ""n_gt"": 62, ""n_pred"": 32}, ""0.7"": {""matched"": 24, ""n_gt"": 62, ""n_pred"": 32}}",32,0,1,1.1913812810003037,True,True
d06-code-editor_dpr1_light_V12,d06-code-editor_dpr1_light,d06-code-editor,desktop,1,light,V12,png,,0.5,640,400,86228,2.694625,chromium,tesseract5,ok,0.041841004184100423,"{""0.3"": {""matched"": 4, ""n_gt"": 62, ""n_pred"": 8}, ""0.5"": {""matched"": 4, ""n_gt"": 62, ""n_pred"": 8}, ""0.7"": {""matched"": 3, ""n_gt"": 62, ""n_pred"": 8}}",8,0,0,0.4533029310000529,True,True
d06-code-editor_dpr1_light_V13,d06-code-editor_dpr1_light,d06-code-editor,desktop,1,light,V13,jpeg,75,0.5,640,400,25320,0.79125,chromium,tesseract5,ok,0.00947867298578199,"{""0.3"": {""matched"": 2, ""n_gt"": 62, ""n_pred"": 3}, ""0.5"": {""matched"": 2, ""n_gt"": 62, ""n_pred"": 3}, ""0.7"": {""matched"": 2, ""n_gt"": 62, ""n_pred"": 3}}",3,0,0,0.33871101900012945,True,True
d06-code-editor_dpr1p5_dark_V00,d06-code-editor_dpr1p5_dark,d06-code-editor,desktop,1.5,dark,V00,png,,1.0,1920,1200,192228,0.667458,chromium,tesseract5,ok,0.8040712468193384,"{""0.3"": {""matched"": 22, ""n_gt"": 62, ""n_pred"": 27}, ""0.5"": {""matched"": 17, ""n_gt"": 62, ""n_pred"": 27}, ""0.7"": {""matched"": 17, ""n_gt"": 62, ""n_pred"": 27}}",27,0,1,4.257616288999998,True,True
d06-code-editor_dpr1p5_dark_V02,d06-code-editor_dpr1p5_dark,d06-code-editor,desktop,1.5,dark,V02,jpeg,95,1.0,1920,1200,303347,1.053288,chromium,tesseract5,ok,0.8091603053435115,"{""0.3"": {""matched"": 43, ""n_gt"": 62, ""n_pred"": 45}, ""0.5"": {""matched"": 42, ""n_gt"": 62, ""n_pred"": 45}, ""0.7"": {""matched"": 42, ""n_gt"": 62, ""n_pred"": 45}}",45,0,1,4.259277443999963,True,True
d06-code-editor_dpr1p5_dark_V03,d06-code-editor_dpr1p5_dark,d06-code-editor,desktop,1.5,dark,V03,jpeg,85,1.0,1920,1200,193508,0.671903,chromium,tesseract5,ok,0.823529411764706,"{""0.3"": {""matched"": 43, ""n_gt"": 62, ""n_pred"": 45}, ""0.5"": {""matched"": 42, ""n_gt"": 62, ""n_pred"": 45}, ""0.7"": {""matched"": 42, ""n_gt"": 62, ""n_pred"": 45}}",45,0,1,4.093916136999724,True,True
d06-code-editor_dpr1p5_dark_V04,d06-code-editor_dpr1p5_dark,d06-code-editor,desktop,1.5,dark,V04,jpeg,75,1.0,1920,1200,154854,0.537687,chromium,tesseract5,ok,0.8244274809160306,"{""0.3"": {""matched"": 43, ""n_gt"": 62, ""n_pred"": 45}, ""0.5"": {""matched"": 43, ""n_gt"": 62, ""n_pred"": 45}, ""0.7"": {""matched"": 43, ""n_gt"": 62, ""n_pred"": 45}}",45,0,1,5.447750715999973,True,True
d06-code-editor_dpr1p5_dark_V05,d06-code-editor_dpr1p5_dark,d06-code-editor,desktop,1.5,dark,V05,jpeg,60,1.0,1920,1200,126848,0.440444,chromium,tesseract5,ok,0.8214285714285714,"{""0.3"": {""matched"": 43, ""n_gt"": 62, ""n_pred"": 45}, ""0.5"": {""matched"": 42, ""n_gt"": 62, ""n_pred"": 45}, ""0.7"": {""matched"": 42, ""n_gt"": 62, ""n_pred"": 45}}",45,0,1,6.598272880999957,True,True
d06-code-editor_dpr1p5_dark_V06,d06-code-editor_dpr1p5_dark,d06-code-editor,desktop,1.5,dark,V06,jpeg,85,1.0,1920,1200,280676,0.974569,chromium,tesseract5,ok,0.816326530612245,"{""0.3"": {""matched"": 43, ""n_gt"": 62, ""n_pred"": 45}, ""0.5"": {""matched"": 42, ""n_gt"": 62, ""n_pred"": 45}, ""0.7"": {""matched"": 42, ""n_gt"": 62, ""n_pred"": 45}}",45,0,1,5.460923863000062,True,True
d06-code-editor_dpr1p5_dark_V07,d06-code-editor_dpr1p5_dark,d06-code-editor,desktop,1.5,dark,V07,webp,90,1.0,1920,1200,131710,0.457326,chromium,tesseract5,ok,0.8142493638676844,"{""0.3"": {""matched"": 43, ""n_gt"": 62, ""n_pred"": 45}, ""0.5"": {""matched"": 42, ""n_gt"": 62, ""n_pred"": 45}, ""0.7"": {""matched"": 42, ""n_gt"": 62, ""n_pred"": 45}}",45,0,1,4.374180833000082,True,True
d06-code-editor_dpr1p5_dark_V08,d06-code-editor_dpr1p5_dark,d06-code-editor,desktop,1.5,dark,V08,webp,75,1.0,1920,1200,85822,0.297993,chromium,tesseract5,ok,0.8071065989847716,"{""0.3"": {""matched"": 43, ""n_gt"": 62, ""n_pred"": 45}, ""0.5"": {""matched"": 42, ""n_gt"": 62, ""n_pred"": 45}, ""0.7"": {""matched"": 42, ""n_gt"": 62, ""n_pred"": 45}}",45,0,1,4.416176344000178,True,True
d06-code-editor_dpr1p5_dark_V09,d06-code-editor_dpr1p5_dark,d06-code-editor,desktop,1.5,dark,V09,webp,50,1.0,1920,1200,70284,0.244042,chromium,tesseract5,ok,0.7893333333333332,"{""0.3"": {""matched"": 31, ""n_gt"": 62, ""n_pred"": 32}, ""0.5"": {""matched"": 31, ""n_gt"": 62, ""n_pred"": 32}, ""0.7"": {""matched"": 31, ""n_gt"": 62, ""n_pred"": 32}}",32,0,1,4.52938574000018,True,True
d06-code-editor_dpr1p5_dark_V10,d06-code-editor_dpr1p5_dark,d06-code-editor,desktop,1.5,dark,V10,avif,80,1.0,1920,1200,118369,0.411003,chromium,tesseract5,ok,0.8286445012787724,"{""0.3"": {""matched"": 43, ""n_gt"": 62, ""n_pred"": 45}, ""0.5"": {""matched"": 43, ""n_gt"": 62, ""n_pred"": 45}, ""0.7"": {""matched"": 43, ""n_gt"": 62, ""n_pred"": 45}}",45,0,1,5.515832338999644,True,True
d06-code-editor_dpr1p5_dark_V11,d06-code-editor_dpr1p5_dark,d06-code-editor,desktop,1.5,dark,V11,avif,60,1.0,1920,1200,78215,0.27158,chromium,tesseract5,ok,0.7925531914893618,"{""0.3"": {""matched"": 31, ""n_gt"": 62, ""n_pred"": 32}, ""0.5"": {""matched"": 30, ""n_gt"": 62, ""n_pred"": 32}, ""0.7"": {""matched"": 30, ""n_gt"": 62, ""n_pred"": 32}}",32,0,1,4.2000917919999665,True,True
d06-code-editor_dpr1p5_dark_V12,d06-code-editor_dpr1p5_dark,d06-code-editor,desktop,1.5,dark,V12,png,,0.5,960,600,171260,2.378611,chromium,tesseract5,ok,0.5744125326370757,"{""0.3"": {""matched"": 26, ""n_gt"": 62, ""n_pred"": 28}, ""0.5"": {""matched"": 18, ""n_gt"": 62, ""n_pred"": 28}, ""0.7"": {""matched"": 18, ""n_gt"": 62, ""n_pred"": 28}}",28,0,0,1.6391528140002265,True,True
d06-code-editor_dpr1p5_dark_V13,d06-code-editor_dpr1p5_dark,d06-code-editor,desktop,1.5,dark,V13,jpeg,75,0.5,960,600,54085,0.751181,chromium,tesseract5,ok,0.5303030303030303,"{""0.3"": {""matched"": 29, ""n_gt"": 62, ""n_pred"": 35}, ""0.5"": {""matched"": 18, ""n_gt"": 62, ""n_pred"": 35}, ""0.7"": {""matched"": 17, ""n_gt"": 62, ""n_pred"": 35}}",35,0,0,1.6116588529998808,True,True
d06-code-editor_dpr1p5_light_V00,d06-code-editor_dpr1p5_light,d06-code-editor,desktop,1.5,light,V00,png,,1.0,1920,1200,191593,0.665253,chromium,tesseract5,ok,0.8329177057356607,"{""0.3"": {""matched"": 44, ""n_gt"": 62, ""n_pred"": 47}, ""0.5"": {""matched"": 42, ""n_gt"": 62, ""n_pred"": 47}, ""0.7"": {""matched"": 42, ""n_gt"": 62, ""n_pred"": 47}}",47,0,1,1.9877577919996838,True,True
d06-code-editor_dpr1p5_light_V02,d06-code-editor_dpr1p5_light,d06-code-editor,desktop,1.5,light,V02,jpeg,95,1.0,1920,1200,305897,1.062142,chromium,tesseract5,ok,0.855,"{""0.3"": {""matched"": 44, ""n_gt"": 62, ""n_pred"": 47}, ""0.5"": {""matched"": 42, ""n_gt"": 62, ""n_pred"": 47}, ""0.7"": {""matched"": 42, ""n_gt"": 62, ""n_pred"": 47}}",47,0,1,3.329070709000007,True,True
d06-code-editor_dpr1p5_light_V03,d06-code-editor_dpr1p5_light,d06-code-editor,desktop,1.5,light,V03,jpeg,85,1.0,1920,1200,195629,0.679267,chromium,tesseract5,ok,0.8513853904282116,"{""0.3"": {""matched"": 43, ""n_gt"": 62, ""n_pred"": 46}, ""0.5"": {""matched"": 43, ""n_gt"": 62, ""n_pred"": 46}, ""0.7"": {""matched"": 43, ""n_gt"": 62, ""n_pred"": 46}}",46,0,1,2.5468695300000945,True,True
d06-code-editor_dpr1p5_light_V04,d06-code-editor_dpr1p5_light,d06-code-editor,desktop,1.5,light,V04,jpeg,75,1.0,1920,1200,156030,0.541771,chromium,tesseract5,ok,0.8179419525065964,"{""0.3"": {""matched"": 32, ""n_gt"": 62, ""n_pred"": 33}, ""0.5"": {""matched"": 32, ""n_gt"": 62, ""n_pred"": 33}, ""0.7"": {""matched"": 31, ""n_gt"": 62, ""n_pred"": 33}}",33,0,1,2.3457290289998127,True,True
d06-code-editor_dpr1p5_light_V05,d06-code-editor_dpr1p5_light,d06-code-editor,desktop,1.5,light,V05,jpeg,60,1.0,1920,1200,128284,0.445431,chromium,tesseract5,ok,0.8167539267015708,"{""0.3"": {""matched"": 32, ""n_gt"": 62, ""n_pred"": 34}, ""0.5"": {""matched"": 30, ""n_gt"": 62, ""n_pred"": 34}, ""0.7"": {""matched"": 30, ""n_gt"": 62, ""n_pred"": 34}}",34,0,1,2.234377909000159,True,True
d06-code-editor_dpr1p5_light_V06,d06-code-editor_dpr1p5_light,d06-code-editor,desktop,1.5,light,V06,jpeg,85,1.0,1920,1200,285179,0.990205,chromium,tesseract5,ok,0.8399999999999999,"{""0.3"": {""matched"": 44, ""n_gt"": 62, ""n_pred"": 47}, ""0.5"": {""matched"": 41, ""n_gt"": 62, ""n_pred"": 47}, ""0.7"": {""matched"": 41, ""n_gt"": 62, ""n_pred"": 47}}",47,0,1,3.1965841409996756,True,True
d06-code-editor_dpr1p5_light_V07,d06-code-editor_dpr1p5_light,d06-code-editor,desktop,1.5,light,V07,webp,90,1.0,1920,1200,133164,0.462375,chromium,tesseract5,ok,0.845771144278607,"{""0.3"": {""matched"": 46, ""n_gt"": 62, ""n_pred"": 48}, ""0.5"": {""matched"": 44, ""n_gt"": 62, ""n_pred"": 48}, ""0.7"": {""matched"": 43, ""n_gt"": 62, ""n_pred"": 48}}",48,0,1,2.4101212810001016,True,True
d06-code-editor_dpr1p5_light_V08,d06-code-editor_dpr1p5_light,d06-code-editor,desktop,1.5,light,V08,webp,75,1.0,1920,1200,86962,0.301951,chromium,tesseract5,ok,0.8407960199004973,"{""0.3"": {""matched"": 48, ""n_gt"": 62, ""n_pred"": 51}, ""0.5"": {""matched"": 46, ""n_gt"": 62, ""n_pred"": 51}, ""0.7"": {""matched"": 46, ""n_gt"": 62, ""n_pred"": 51}}",51,0,1,3.5597414960002425,True,True
d06-code-editor_dpr1p5_light_V09,d06-code-editor_dpr1p5_light,d06-code-editor,desktop,1.5,light,V09,webp,50,1.0,1920,1200,71132,0.246986,chromium,tesseract5,ok,0.8370927318295739,"{""0.3"": {""matched"": 43, ""n_gt"": 62, ""n_pred"": 47}, ""0.5"": {""matched"": 43, ""n_gt"": 62, ""n_pred"": 47}, ""0.7"": {""matched"": 43, ""n_gt"": 62, ""n_pred"": 47}}",47,0,1,3.587931056999878,True,True
d06-code-editor_dpr1p5_light_V10,d06-code-editor_dpr1p5_light,d06-code-editor,desktop,1.5,light,V10,avif,80,1.0,1920,1200,79024,0.274389,chromium,tesseract5,ok,0.8428927680798004,"{""0.3"": {""matched"": 46, ""n_gt"": 62, ""n_pred"": 49}, ""0.5"": {""matched"": 43, ""n_gt"": 62, ""n_pred"": 49}, ""0.7"": {""matched"": 43, ""n_gt"": 62, ""n_pred"": 49}}",49,0,1,3.5239839659998324,True,True
d06-code-editor_dpr1p5_light_V11,d06-code-editor_dpr1p5_light,d06-code-editor,desktop,1.5,light,V11,avif,60,1.0,1920,1200,53767,0.186691,chromium,tesseract5,ok,0.8428927680798004,"{""0.3"": {""matched"": 44, ""n_gt"": 62, ""n_pred"": 47}, ""0.5"": {""matched"": 42, ""n_gt"": 62, ""n_pred"": 47}, ""0.7"": {""matched"": 42, ""n_gt"": 62, ""n_pred"": 47}}",47,0,1,2.7881821410001066,True,True
d06-code-editor_dpr1p5_light_V12,d06-code-editor_dpr1p5_light,d06-code-editor,desktop,1.5,light,V12,png,,0.5,960,600,153224,2.128111,chromium,tesseract5,ok,0.5277044854881265,"{""0.3"": {""matched"": 27, ""n_gt"": 62, ""n_pred"": 31}, ""0.5"": {""matched"": 19, ""n_gt"": 62, ""n_pred"": 31}, ""0.7"": {""matched"": 19, ""n_gt"": 62, ""n_pred"": 31}}",31,0,0,1.3459839069996633,True,True
d06-code-editor_dpr1p5_light_V13,d06-code-editor_dpr1p5_light,d06-code-editor,desktop,1.5,light,V13,jpeg,75,0.5,960,600,52798,0.733306,chromium,tesseract5,ok,0.3351351351351351,"{""0.3"": {""matched"": 27, ""n_gt"": 62, ""n_pred"": 31}, ""0.5"": {""matched"": 19, ""n_gt"": 62, ""n_pred"": 31}, ""0.7"": {""matched"": 19, ""n_gt"": 62, ""n_pred"": 31}}",31,0,0,1.1398136590000831,True,True
d06-code-editor_dpr2_dark_V00,d06-code-editor_dpr2_dark,d06-code-editor,desktop,2,dark,V00,png,,1.0,2560,1600,267340,0.522148,chromium,tesseract5,ok,0.8409703504043127,"{""0.3"": {""matched"": 31, ""n_gt"": 62, ""n_pred"": 32}, ""0.5"": {""matched"": 31, ""n_gt"": 62, ""n_pred"": 32}, ""0.7"": {""matched"": 31, ""n_gt"": 62, ""n_pred"": 32}}",32,0,1,3.8694602979999217,True,True
d06-code-editor_dpr2_dark_V02,d06-code-editor_dpr2_dark,d06-code-editor,desktop,2,dark,V02,jpeg,95,1.0,2560,1600,454623,0.887936,chromium,tesseract5,ok,0.8279569892473118,"{""0.3"": {""matched"": 31, ""n_gt"": 62, ""n_pred"": 32}, ""0.5"": {""matched"": 31, ""n_gt"": 62, ""n_pred"": 32}, ""0.7"": {""matched"": 31, ""n_gt"": 62, ""n_pred"": 32}}",32,0,1,3.5950413630002913,True,True
d06-code-editor_dpr2_dark_V03,d06-code-editor_dpr2_dark,d06-code-editor,desktop,2,dark,V03,jpeg,85,1.0,2560,1600,292896,0.572063,chromium,tesseract5,ok,0.8355795148247979,"{""0.3"": {""matched"": 31, ""n_gt"": 62, ""n_pred"": 32}, ""0.5"": {""matched"": 31, ""n_gt"": 62, ""n_pred"": 32}, ""0.7"": {""matched"": 31, ""n_gt"": 62, ""n_pred"": 32}}",32,0,1,4.060156331000144,True,True
d06-code-editor_dpr2_dark_V04,d06-code-editor_dpr2_dark,d06-code-editor,desktop,2,dark,V04,jpeg,75,1.0,2560,1600,236073,0.46108,chromium,tesseract5,ok,0.8364611260053619,"{""0.3"": {""matched"": 31, ""n_gt"": 62, ""n_pred"": 32}, ""0.5"": {""matched"": 31, ""n_gt"": 62, ""n_pred"": 32}, ""0.7"": {""matched"": 31, ""n_gt"": 62, ""n_pred"": 32}}",32,0,1,5.465649291999853,True,True
d06-code-editor_dpr2_dark_V05,d06-code-editor_dpr2_dark,d06-code-editor,desktop,2,dark,V05,jpeg,60,1.0,2560,1600,195753,0.38233,chromium,tesseract5,ok,0.8310991957104559,"{""0.3"": {""matched"": 31, ""n_gt"": 62, ""n_pred"": 32}, ""0.5"": {""matched"": 31, ""n_gt"": 62, ""n_pred"": 32}, ""0.7"": {""matched"": 30, ""n_gt"": 62, ""n_pred"": 32}}",32,0,1,5.127369298999838,True,True
d06-code-editor_dpr2_dark_V06,d06-code-editor_dpr2_dark,d06-code-editor,desktop,2,dark,V06,jpeg,85,1.0,2560,1600,423694,0.827527,chromium,tesseract5,ok,0.8355795148247979,"{""0.3"": {""matched"": 31, ""n_gt"": 62, ""n_pred"": 32}, ""0.5"": {""matched"": 31, ""n_gt"": 62, ""n_pred"": 32}, ""0.7"": {""matched"": 31, ""n_gt"": 62, ""n_pred"": 32}}",32,0,1,5.489599421999628,True,True
d06-code-editor_dpr2_dark_V07,d06-code-editor_dpr2_dark,d06-code-editor,desktop,2,dark,V07,webp,90,1.0,2560,1600,186992,0.365219,chromium,tesseract5,ok,0.8279569892473118,"{""0.3"": {""matched"": 31, ""n_gt"": 62, ""n_pred"": 32}, ""0.5"": {""matched"": 31, ""n_gt"": 62, ""n_pred"": 32}, ""0.7"": {""matched"": 31, ""n_gt"": 62, ""n_pred"": 32}}",32,0,1,4.86414119400024,True,True
d06-code-editor_dpr2_dark_V08,d06-code-editor_dpr2_dark,d06-code-editor,desktop,2,dark,V08,webp,75,1.0,2560,1600,120144,0.234656,chromium,tesseract5,ok,0.8225806451612905,"{""0.3"": {""matched"": 31, ""n_gt"": 62, ""n_pred"": 32}, ""0.5"": {""matched"": 30, ""n_gt"": 62, ""n_pred"": 32}, ""0.7"": {""matched"": 30, ""n_gt"": 62, ""n_pred"": 32}}",32,0,1,7.297838671999671,True,True
d06-code-editor_dpr2_dark_V09,d06-code-editor_dpr2_dark,d06-code-editor,desktop,2,dark,V09,webp,50,1.0,2560,1600,98196,0.191789,chromium,tesseract5,ok,0.823529411764706,"{""0.3"": {""matched"": 31, ""n_gt"": 62, ""n_pred"": 32}, ""0.5"": {""matched"": 30, ""n_gt"": 62, ""n_pred"": 32}, ""0.7"": {""matched"": 29, ""n_gt"": 62, ""n_pred"": 32}}",32,0,1,4.001247120000244,True,True
d06-code-editor_dpr2_dark_V10,d06-code-editor_dpr2_dark,d06-code-editor,desktop,2,dark,V10,avif,80,1.0,2560,1600,169442,0.330941,chromium,tesseract5,ok,0.8279569892473118,"{""0.3"": {""matched"": 31, ""n_gt"": 62, ""n_pred"": 32}, ""0.5"": {""matched"": 31, ""n_gt"": 62, ""n_pred"": 32}, ""0.7"": {""matched"": 31, ""n_gt"": 62, ""n_pred"": 32}}",32,0,1,5.003307074000077,True,True
d06-code-editor_dpr2_dark_V11,d06-code-editor_dpr2_dark,d06-code-editor,desktop,2,dark,V11,avif,60,1.0,2560,1600,110428,0.21568,chromium,tesseract5,ok,0.8301886792452831,"{""0.3"": {""matched"": 31, ""n_gt"": 62, ""n_pred"": 32}, ""0.5"": {""matched"": 31, ""n_gt"": 62, ""n_pred"": 32}, ""0.7"": {""matched"": 31, ""n_gt"": 62, ""n_pred"": 32}}",32,0,1,4.499958579000122,True,True
d06-code-editor_dpr2_dark_V12,d06-code-editor_dpr2_dark,d06-code-editor,desktop,2,dark,V12,png,,0.5,1280,800,219115,1.711836,chromium,tesseract5,ok,0.7676767676767676,"{""0.3"": {""matched"": 52, ""n_gt"": 62, ""n_pred"": 61}, ""0.5"": {""matched"": 43, ""n_gt"": 62, ""n_pred"": 61}, ""0.7"": {""matched"": 37, ""n_gt"": 62, ""n_pred"": 61}}",61,0,1,1.990372687999752,True,True
d06-code-editor_dpr2_dark_V13,d06-code-editor_dpr2_dark,d06-code-editor,desktop,2,dark,V13,jpeg,75,0.5,1280,800,84964,0.663781,chromium,tesseract5,ok,0.7306666666666667,"{""0.3"": {""matched"": 32, ""n_gt"": 62, ""n_pred"": 40}, ""0.5"": {""matched"": 25, ""n_gt"": 62, ""n_pred"": 40}, ""0.7"": {""matched"": 22, ""n_gt"": 62, ""n_pred"": 40}}",40,0,1,2.383886468000128,True,True
d06-code-editor_dpr2_light_V00,d06-code-editor_dpr2_light,d06-code-editor,desktop,2,light,V00,png,,1.0,2560,1600,266402,0.520316,chromium,tesseract5,ok,0.8164251207729468,"{""0.3"": {""matched"": 12, ""n_gt"": 62, ""n_pred"": 25}, ""0.5"": {""matched"": 8, ""n_gt"": 62, ""n_pred"": 25}, ""0.7"": {""matched"": 8, ""n_gt"": 62, ""n_pred"": 25}}",25,0,0,2.6956355389997952,True,True
d06-code-editor_dpr2_light_V02,d06-code-editor_dpr2_light,d06-code-editor,desktop,2,light,V02,jpeg,95,1.0,2560,1600,458672,0.895844,chromium,tesseract5,ok,0.78743961352657,"{""0.3"": {""matched"": 13, ""n_gt"": 62, ""n_pred"": 26}, ""0.5"": {""matched"": 9, ""n_gt"": 62, ""n_pred"": 26}, ""0.7"": {""matched"": 8, ""n_gt"": 62, ""n_pred"": 26}}",26,0,0,3.9006034710000677,True,True
d06-code-editor_dpr2_light_V03,d06-code-editor_dpr2_light,d06-code-editor,desktop,2,light,V03,jpeg,85,1.0,2560,1600,295735,0.577607,chromium,tesseract5,ok,0.7941888619854722,"{""0.3"": {""matched"": 12, ""n_gt"": 62, ""n_pred"": 26}, ""0.5"": {""matched"": 9, ""n_gt"": 62, ""n_pred"": 26}, ""0.7"": {""matched"": 8, ""n_gt"": 62, ""n_pred"": 26}}",26,0,0,2.8570909850000135,True,True
d06-code-editor_dpr2_light_V04,d06-code-editor_dpr2_light,d06-code-editor,desktop,2,light,V04,jpeg,75,1.0,2560,1600,237552,0.463969,chromium,tesseract5,ok,0.8019559902200488,"{""0.3"": {""matched"": 12, ""n_gt"": 62, ""n_pred"": 26}, ""0.5"": {""matched"": 9, ""n_gt"": 62, ""n_pred"": 26}, ""0.7"": {""matched"": 8, ""n_gt"": 62, ""n_pred"": 26}}",26,0,0,3.9867000489998645,True,True
d06-code-editor_dpr2_light_V05,d06-code-editor_dpr2_light,d06-code-editor,desktop,2,light,V05,jpeg,60,1.0,2560,1600,197444,0.385633,chromium,tesseract5,ok,0.7775061124694376,"{""0.3"": {""matched"": 31, ""n_gt"": 62, ""n_pred"": 40}, ""0.5"": {""matched"": 21, ""n_gt"": 62, ""n_pred"": 40}, ""0.7"": {""matched"": 20, ""n_gt"": 62, ""n_pred"": 40}}",40,0,0,5.704499512999973,True,True
d06-code-editor_dpr2_light_V06,d06-code-editor_dpr2_light,d06-code-editor,desktop,2,light,V06,jpeg,85,1.0,2560,1600,429903,0.839654,chromium,tesseract5,ok,0.7922705314009661,"{""0.3"": {""matched"": 12, ""n_gt"": 62, ""n_pred"": 26}, ""0.5"": {""matched"": 9, ""n_gt"": 62, ""n_pred"": 26}, ""0.7"": {""matched"": 8, ""n_gt"": 62, ""n_pred"": 26}}",26,0,0,3.7333147219997045,True,True
d06-code-editor_dpr2_light_V07,d06-code-editor_dpr2_light,d06-code-editor,desktop,2,light,V07,webp,90,1.0,2560,1600,188544,0.36825,chromium,tesseract5,ok,0.8312958435207823,"{""0.3"": {""matched"": 13, ""n_gt"": 62, ""n_pred"": 26}, ""0.5"": {""matched"": 9, ""n_gt"": 62, ""n_pred"": 26}, ""0.7"": {""matched"": 8, ""n_gt"": 62, ""n_pred"": 26}}",26,0,0,4.488281946999905,True,True
d06-code-editor_dpr2_light_V08,d06-code-editor_dpr2_light,d06-code-editor,desktop,2,light,V08,webp,75,1.0,2560,1600,121978,0.238238,chromium,tesseract5,ok,0.7883211678832117,"{""0.3"": {""matched"": 31, ""n_gt"": 62, ""n_pred"": 40}, ""0.5"": {""matched"": 21, ""n_gt"": 62, ""n_pred"": 40}, ""0.7"": {""matched"": 19, ""n_gt"": 62, ""n_pred"": 40}}",40,0,0,4.207189487000051,True,True
d06-code-editor_dpr2_light_V09,d06-code-editor_dpr2_light,d06-code-editor,desktop,2,light,V09,webp,50,1.0,2560,1600,99612,0.194555,chromium,tesseract5,ok,0.7951219512195122,"{""0.3"": {""matched"": 13, ""n_gt"": 62, ""n_pred"": 26}, ""0.5"": {""matched"": 9, ""n_gt"": 62, ""n_pred"": 26}, ""0.7"": {""matched"": 8, ""n_gt"": 62, ""n_pred"": 26}}",26,0,0,6.25693868999997,True,True
d06-code-editor_dpr2_light_V10,d06-code-editor_dpr2_light,d06-code-editor,desktop,2,light,V10,avif,80,1.0,2560,1600,167988,0.328102,chromium,tesseract5,ok,0.8203883495145631,"{""0.3"": {""matched"": 13, ""n_gt"": 62, ""n_pred"": 26}, ""0.5"": {""matched"": 9, ""n_gt"": 62, ""n_pred"": 26}, ""0.7"": {""matched"": 8, ""n_gt"": 62, ""n_pred"": 26}}",26,0,0,5.3107708779998575,True,True
d06-code-editor_dpr2_light_V11,d06-code-editor_dpr2_light,d06-code-editor,desktop,2,light,V11,avif,60,1.0,2560,1600,110442,0.215707,chromium,tesseract5,ok,0.8292682926829269,"{""0.3"": {""matched"": 13, ""n_gt"": 62, ""n_pred"": 26}, ""0.5"": {""matched"": 9, ""n_gt"": 62, ""n_pred"": 26}, ""0.7"": {""matched"": 8, ""n_gt"": 62, ""n_pred"": 26}}",26,0,0,3.9528120719996878,True,True
d06-code-editor_dpr2_light_V12,d06-code-editor_dpr2_light,d06-code-editor,desktop,2,light,V12,png,,0.5,1280,800,199725,1.560352,chromium,tesseract5,ok,0.7074468085106382,"{""0.3"": {""matched"": 32, ""n_gt"": 62, ""n_pred"": 40}, ""0.5"": {""matched"": 26, ""n_gt"": 62, ""n_pred"": 40}, ""0.7"": {""matched"": 23, ""n_gt"": 62, ""n_pred"": 40}}",40,0,1,2.665040248999958,True,True
d06-code-editor_dpr2_light_V13,d06-code-editor_dpr2_light,d06-code-editor,desktop,2,light,V13,jpeg,75,0.5,1280,800,84773,0.662289,chromium,tesseract5,ok,0.7440633245382585,"{""0.3"": {""matched"": 34, ""n_gt"": 62, ""n_pred"": 42}, ""0.5"": {""matched"": 28, ""n_gt"": 62, ""n_pred"": 42}, ""0.7"": {""matched"": 23, ""n_gt"": 62, ""n_pred"": 42}}",42,0,1,2.2250524010000845,True,True
m01-settings_dpr1_dark_V00,m01-settings_dpr1_dark,m01-settings,mobile,1,dark,V00,png,,1.0,390,844,44933,1.092065,chromium,tesseract5,ok,0.8333333333333334,"{""0.3"": {""matched"": 10, ""n_gt"": 27, ""n_pred"": 16}, ""0.5"": {""matched"": 9, ""n_gt"": 27, ""n_pred"": 16}, ""0.7"": {""matched"": 9, ""n_gt"": 27, ""n_pred"": 16}}",16,0,0,0.48045151899987104,True,True
m01-settings_dpr1_dark_V02,m01-settings_dpr1_dark,m01-settings,mobile,1,dark,V02,jpeg,95,1.0,390,844,59902,1.455876,chromium,tesseract5,ok,0.865979381443299,"{""0.3"": {""matched"": 10, ""n_gt"": 27, ""n_pred"": 16}, ""0.5"": {""matched"": 9, ""n_gt"": 27, ""n_pred"": 16}, ""0.7"": {""matched"": 9, ""n_gt"": 27, ""n_pred"": 16}}",16,0,0,0.553472653999961,True,True
m01-settings_dpr1_dark_V03,m01-settings_dpr1_dark,m01-settings,mobile,1,dark,V03,jpeg,85,1.0,390,844,38077,0.925434,chromium,tesseract5,ok,0.8952380952380952,"{""0.3"": {""matched"": 10, ""n_gt"": 27, ""n_pred"": 18}, ""0.5"": {""matched"": 9, ""n_gt"": 27, ""n_pred"": 18}, ""0.7"": {""matched"": 9, ""n_gt"": 27, ""n_pred"": 18}}",18,0,0,0.49636679200011713,True,True
m01-settings_dpr1_dark_V04,m01-settings_dpr1_dark,m01-settings,mobile,1,dark,V04,jpeg,75,1.0,390,844,30455,0.740187,chromium,tesseract5,ok,0.8125,"{""0.3"": {""matched"": 10, ""n_gt"": 27, ""n_pred"": 16}, ""0.5"": {""matched"": 9, ""n_gt"": 27, ""n_pred"": 16}, ""0.7"": {""matched"": 9, ""n_gt"": 27, ""n_pred"": 16}}",16,0,0,0.48437451900008455,True,True
m01-settings_dpr1_dark_V05,m01-settings_dpr1_dark,m01-settings,mobile,1,dark,V05,jpeg,60,1.0,390,844,24257,0.589549,chromium,tesseract5,ok,0.845360824742268,"{""0.3"": {""matched"": 10, ""n_gt"": 27, ""n_pred"": 16}, ""0.5"": {""matched"": 9, ""n_gt"": 27, ""n_pred"": 16}, ""0.7"": {""matched"": 9, ""n_gt"": 27, ""n_pred"": 16}}",16,0,0,0.47444212200025504,True,True
m01-settings_dpr1_dark_V06,m01-settings_dpr1_dark,m01-settings,mobile,1,dark,V06,jpeg,85,1.0,390,844,51350,1.248025,chromium,tesseract5,ok,0.8118811881188118,"{""0.3"": {""matched"": 10, ""n_gt"": 27, ""n_pred"": 20}, ""0.5"": {""matched"": 9, ""n_gt"": 27, ""n_pred"": 20}, ""0.7"": {""matched"": 9, ""n_gt"": 27, ""n_pred"": 20}}",20,0,0,0.47361880599964934,True,True
m01-settings_dpr1_dark_V07,m01-settings_dpr1_dark,m01-settings,mobile,1,dark,V07,webp,90,1.0,390,844,24582,0.597448,chromium,tesseract5,ok,0.8333333333333334,"{""0.3"": {""matched"": 10, ""n_gt"": 27, ""n_pred"": 16}, ""0.5"": {""matched"": 9, ""n_gt"": 27, ""n_pred"": 16}, ""0.7"": {""matched"": 9, ""n_gt"": 27, ""n_pred"": 16}}",16,0,0,0.4388911399992139,True,True
m01-settings_dpr1_dark_V08,m01-settings_dpr1_dark,m01-settings,mobile,1,dark,V08,webp,75,1.0,390,844,15544,0.377786,chromium,tesseract5,ok,0.865979381443299,"{""0.3"": {""matched"": 10, ""n_gt"": 27, ""n_pred"": 16}, ""0.5"": {""matched"": 9, ""n_gt"": 27, ""n_pred"": 16}, ""0.7"": {""matched"": 9, ""n_gt"": 27, ""n_pred"": 16}}",16,0,0,0.5156225999999151,True,True
m01-settings_dpr1_dark_V09,m01-settings_dpr1_dark,m01-settings,mobile,1,dark,V09,webp,50,1.0,390,844,12634,0.30706,chromium,tesseract5,ok,0.8571428571428571,"{""0.3"": {""matched"": 10, ""n_gt"": 27, ""n_pred"": 18}, ""0.5"": {""matched"": 9, ""n_gt"": 27, ""n_pred"": 18}, ""0.7"": {""matched"": 9, ""n_gt"": 27, ""n_pred"": 18}}",18,0,0,0.47201699600009306,True,True
m01-settings_dpr1_dark_V10,m01-settings_dpr1_dark,m01-settings,mobile,1,dark,V10,avif,80,1.0,390,844,19919,0.484117,chromium,tesseract5,ok,0.826923076923077,"{""0.3"": {""matched"": 10, ""n_gt"": 27, ""n_pred"": 18}, ""0.5"": {""matched"": 9, ""n_gt"": 27, ""n_pred"": 18}, ""0.7"": {""matched"": 9, ""n_gt"": 27, ""n_pred"": 18}}",18,0,0,0.48002083800020046,True,True
m01-settings_dpr1_dark_V11,m01-settings_dpr1_dark,m01-settings,mobile,1,dark,V11,avif,60,1.0,390,844,14086,0.34235,chromium,tesseract5,ok,0.845360824742268,"{""0.3"": {""matched"": 10, ""n_gt"": 27, ""n_pred"": 16}, ""0.5"": {""matched"": 9, ""n_gt"": 27, ""n_pred"": 16}, ""0.7"": {""matched"": 9, ""n_gt"": 27, ""n_pred"": 16}}",16,0,0,0.44681723099984083,True,True
m01-settings_dpr1_dark_V12,m01-settings_dpr1_dark,m01-settings,mobile,1,dark,V12,png,,0.5,195,422,32889,3.197375,chromium,tesseract5,ok,0.21333333333333332,"{""0.3"": {""matched"": 5, ""n_gt"": 27, ""n_pred"": 11}, ""0.5"": {""matched"": 4, ""n_gt"": 27, ""n_pred"": 11}, ""0.7"": {""matched"": 4, ""n_gt"": 27, ""n_pred"": 11}}",11,0,0,0.2560752589997719,True,True
m01-settings_dpr1_dark_V13,m01-settings_dpr1_dark,m01-settings,mobile,1,dark,V13,jpeg,75,0.5,195,422,10771,1.047126,chromium,tesseract5,ok,0.20512820512820515,"{""0.3"": {""matched"": 6, ""n_gt"": 27, ""n_pred"": 12}, ""0.5"": {""matched"": 6, ""n_gt"": 27, ""n_pred"": 12}, ""0.7"": {""matched"": 6, ""n_gt"": 27, ""n_pred"": 12}}",12,0,0,0.3035208359997341,True,True
m01-settings_dpr1_light_V00,m01-settings_dpr1_light,m01-settings,mobile,1,light,V00,png,,1.0,390,844,45204,1.098651,chromium,tesseract5,ok,0.8541666666666666,"{""0.3"": {""matched"": 10, ""n_gt"": 27, ""n_pred"": 16}, ""0.5"": {""matched"": 9, ""n_gt"": 27, ""n_pred"": 16}, ""0.7"": {""matched"": 9, ""n_gt"": 27, ""n_pred"": 16}}",16,0,0,0.3337634709996564,True,True
m01-settings_dpr1_light_V02,m01-settings_dpr1_light,m01-settings,mobile,1,light,V02,jpeg,95,1.0,390,844,60261,1.464601,chromium,tesseract5,ok,0.8865979381443299,"{""0.3"": {""matched"": 10, ""n_gt"": 27, ""n_pred"": 16}, ""0.5"": {""matched"": 9, ""n_gt"": 27, ""n_pred"": 16}, ""0.7"": {""matched"": 9, ""n_gt"": 27, ""n_pred"": 16}}",16,0,0,0.3768273550003869,True,True
m01-settings_dpr1_light_V03,m01-settings_dpr1_light,m01-settings,mobile,1,light,V03,jpeg,85,1.0,390,844,37989,0.923296,chromium,tesseract5,ok,0.865979381443299,"{""0.3"": {""matched"": 10, ""n_gt"": 27, ""n_pred"": 16}, ""0.5"": {""matched"": 9, ""n_gt"": 27, ""n_pred"": 16}, ""0.7"": {""matched"": 9, ""n_gt"": 27, ""n_pred"": 16}}",16,0,0,0.33531566500005283,True,True
m01-settings_dpr1_light_V04,m01-settings_dpr1_light,m01-settings,mobile,1,light,V04,jpeg,75,1.0,390,844,30013,0.729445,chromium,tesseract5,ok,0.8761904761904761,"{""0.3"": {""matched"": 10, ""n_gt"": 27, ""n_pred"": 18}, ""0.5"": {""matched"": 9, ""n_gt"": 27, ""n_pred"": 18}, ""0.7"": {""matched"": 9, ""n_gt"": 27, ""n_pred"": 18}}",18,0,0,0.4541250709999076,True,True
m01-settings_dpr1_light_V05,m01-settings_dpr1_light,m01-settings,mobile,1,light,V05,jpeg,60,1.0,390,844,24658,0.599295,chromium,tesseract5,ok,0.865979381443299,"{""0.3"": {""matched"": 10, ""n_gt"": 27, ""n_pred"": 16}, ""0.5"": {""matched"": 9, ""n_gt"": 27, ""n_pred"": 16}, ""0.7"": {""matched"": 9, ""n_gt"": 27, ""n_pred"": 16}}",16,0,0,0.3926544969999668,True,True
m01-settings_dpr1_light_V06,m01-settings_dpr1_light,m01-settings,mobile,1,light,V06,jpeg,85,1.0,390,844,51944,1.262462,chromium,tesseract5,ok,0.8333333333333334,"{""0.3"": {""matched"": 10, ""n_gt"": 27, ""n_pred"": 16}, ""0.5"": {""matched"": 9, ""n_gt"": 27, ""n_pred"": 16}, ""0.7"": {""matched"": 9, ""n_gt"": 27, ""n_pred"": 16}}",16,0,0,0.38094654099950276,True,True
m01-settings_dpr1_light_V07,m01-settings_dpr1_light,m01-settings,mobile,1,light,V07,webp,90,1.0,390,844,24980,0.607121,chromium,tesseract5,ok,0.8865979381443299,"{""0.3"": {""matched"": 10, ""n_gt"": 27, ""n_pred"": 16}, ""0.5"": {""matched"": 9, ""n_gt"": 27, ""n_pred"": 16}, ""0.7"": {""matched"": 9, ""n_gt"": 27, ""n_pred"": 16}}",16,0,0,0.32860554099988804,True,True
m01-settings_dpr1_light_V08,m01-settings_dpr1_light,m01-settings,mobile,1,light,V08,webp,75,1.0,390,844,15988,0.388577,chromium,tesseract5,ok,0.8865979381443299,"{""0.3"": {""matched"": 10, ""n_gt"": 27, ""n_pred"": 16}, ""0.5"": {""matched"": 9, ""n_gt"": 27, ""n_pred"": 16}, ""0.7"": {""matched"": 9, ""n_gt"": 27, ""n_pred"": 16}}",16,0,0,0.3700943139992887,True,True
m01-settings_dpr1_light_V09,m01-settings_dpr1_light,m01-settings,mobile,1,light,V09,webp,50,1.0,390,844,13048,0.317122,chromium,tesseract5,ok,0.8761904761904761,"{""0.3"": {""matched"": 10, ""n_gt"": 27, ""n_pred"": 18}, ""0.5"": {""matched"": 9, ""n_gt"": 27, ""n_pred"": 18}, ""0.7"": {""matched"": 9, ""n_gt"": 27, ""n_pred"": 18}}",18,0,0,0.41507357899990893,True,True
m01-settings_dpr1_light_V10,m01-settings_dpr1_light,m01-settings,mobile,1,light,V10,avif,80,1.0,390,844,20031,0.486839,chromium,tesseract5,ok,0.8865979381443299,"{""0.3"": {""matched"": 10, ""n_gt"": 27, ""n_pred"": 16}, ""0.5"": {""matched"": 9, ""n_gt"": 27, ""n_pred"": 16}, ""0.7"": {""matched"": 9, ""n_gt"": 27, ""n_pred"": 16}}",16,0,0,0.4049775559997215,True,True
m01-settings_dpr1_light_V11,m01-settings_dpr1_light,m01-settings,mobile,1,light,V11,avif,60,1.0,390,844,14265,0.346701,chromium,tesseract5,ok,0.8865979381443299,"{""0.3"": {""matched"": 10, ""n_gt"": 27, ""n_pred"": 16}, ""0.5"": {""matched"": 9, ""n_gt"": 27, ""n_pred"": 16}, ""0.7"": {""matched"": 9, ""n_gt"": 27, ""n_pred"": 16}}",16,0,0,0.34449202099949616,True,True
m01-settings_dpr1_light_V12,m01-settings_dpr1_light,m01-settings,mobile,1,light,V12,png,,0.5,195,422,31346,3.047369,chromium,tesseract5,ok,0.031746031746031744,"{""0.3"": {""matched"": 5, ""n_gt"": 27, ""n_pred"": 11}, ""0.5"": {""matched"": 4, ""n_gt"": 27, ""n_pred"": 11}, ""0.7"": {""matched"": 4, ""n_gt"": 27, ""n_pred"": 11}}",11,0,0,0.22192313899995497,True,True
m01-settings_dpr1_light_V13,m01-settings_dpr1_light,m01-settings,mobile,1,light,V13,jpeg,75,0.5,195,422,10318,1.003087,chromium,tesseract5,ok,0.16666666666666666,"{""0.3"": {""matched"": 4, ""n_gt"": 27, ""n_pred"": 9}, ""0.5"": {""matched"": 4, ""n_gt"": 27, ""n_pred"": 9}, ""0.7"": {""matched"": 4, ""n_gt"": 27, ""n_pred"": 9}}",9,0,0,0.21959949400024925,True,True
m01-settings_dpr2_dark_V00,m01-settings_dpr2_dark,m01-settings,mobile,2,dark,V00,png,,1.0,780,1688,101728,0.618107,chromium,tesseract5,ok,0.9142857142857143,"{""0.3"": {""matched"": 10, ""n_gt"": 27, ""n_pred"": 18}, ""0.5"": {""matched"": 10, ""n_gt"": 27, ""n_pred"": 18}, ""0.7"": {""matched"": 10, ""n_gt"": 27, ""n_pred"": 18}}",18,0,0,0.7290271210003993,True,True
m01-settings_dpr2_dark_V02,m01-settings_dpr2_dark,m01-settings,mobile,2,dark,V02,jpeg,95,1.0,780,1688,148333,0.901282,chromium,tesseract5,ok,0.9142857142857143,"{""0.3"": {""matched"": 10, ""n_gt"": 27, ""n_pred"": 18}, ""0.5"": {""matched"": 10, ""n_gt"": 27, ""n_pred"": 18}, ""0.7"": {""matched"": 10, ""n_gt"": 27, ""n_pred"": 18}}",18,0,0,0.8245080730002883,True,True
m01-settings_dpr2_dark_V03,m01-settings_dpr2_dark,m01-settings,mobile,2,dark,V03,jpeg,85,1.0,780,1688,96051,0.583613,chromium,tesseract5,ok,0.9142857142857143,"{""0.3"": {""matched"": 10, ""n_gt"": 27, ""n_pred"": 18}, ""0.5"": {""matched"": 10, ""n_gt"": 27, ""n_pred"": 18}, ""0.7"": {""matched"": 10, ""n_gt"": 27, ""n_pred"": 18}}",18,0,0,0.758485383000334,True,True
m01-settings_dpr2_dark_V04,m01-settings_dpr2_dark,m01-settings,mobile,2,dark,V04,jpeg,75,1.0,780,1688,77659,0.471862,chromium,tesseract5,ok,0.9142857142857143,"{""0.3"": {""matched"": 10, ""n_gt"": 27, ""n_pred"": 18}, ""0.5"": {""matched"": 10, ""n_gt"": 27, ""n_pred"": 18}, ""0.7"": {""matched"": 10, ""n_gt"": 27, ""n_pred"": 18}}",18,0,0,1.0585406179998245,True,True
m01-settings_dpr2_dark_V05,m01-settings_dpr2_dark,m01-settings,mobile,2,dark,V05,jpeg,60,1.0,780,1688,64195,0.390053,chromium,tesseract5,ok,0.9142857142857143,"{""0.3"": {""matched"": 10, ""n_gt"": 27, ""n_pred"": 18}, ""0.5"": {""matched"": 10, ""n_gt"": 27, ""n_pred"": 18}, ""0.7"": {""matched"": 10, ""n_gt"": 27, ""n_pred"": 18}}",18,0,0,0.804703722999875,True,True
m01-settings_dpr2_dark_V06,m01-settings_dpr2_dark,m01-settings,mobile,2,dark,V06,jpeg,85,1.0,780,1688,131225,0.797333,chromium,tesseract5,ok,0.8952380952380952,"{""0.3"": {""matched"": 10, ""n_gt"": 27, ""n_pred"": 18}, ""0.5"": {""matched"": 10, ""n_gt"": 27, ""n_pred"": 18}, ""0.7"": {""matched"": 10, ""n_gt"": 27, ""n_pred"": 18}}",18,0,0,0.7324769199994989,True,True
m01-settings_dpr2_dark_V07,m01-settings_dpr2_dark,m01-settings,mobile,2,dark,V07,webp,90,1.0,780,1688,56082,0.340758,chromium,tesseract5,ok,0.9142857142857143,"{""0.3"": {""matched"": 10, ""n_gt"": 27, ""n_pred"": 18}, ""0.5"": {""matched"": 10, ""n_gt"": 27, ""n_pred"": 18}, ""0.7"": {""matched"": 10, ""n_gt"": 27, ""n_pred"": 18}}",18,0,0,0.8012381409998852,True,True
m01-settings_dpr2_dark_V08,m01-settings_dpr2_dark,m01-settings,mobile,2,dark,V08,webp,75,1.0,780,1688,35134,0.213477,chromium,tesseract5,ok,0.9142857142857143,"{""0.3"": {""matched"": 10, ""n_gt"": 27, ""n_pred"": 18}, ""0.5"": {""matched"": 10, ""n_gt"": 27, ""n_pred"": 18}, ""0.7"": {""matched"": 10, ""n_gt"": 27, ""n_pred"": 18}}",18,0,0,0.7492124350001177,True,True
m01-settings_dpr2_dark_V09,m01-settings_dpr2_dark,m01-settings,mobile,2,dark,V09,webp,50,1.0,780,1688,28356,0.172293,chromium,tesseract5,ok,0.9142857142857143,"{""0.3"": {""matched"": 10, ""n_gt"": 27, ""n_pred"": 18}, ""0.5"": {""matched"": 10, ""n_gt"": 27, ""n_pred"": 18}, ""0.7"": {""matched"": 10, ""n_gt"": 27, ""n_pred"": 18}}",18,0,0,0.7618147010007306,True,True
m01-settings_dpr2_dark_V10,m01-settings_dpr2_dark,m01-settings,mobile,2,dark,V10,avif,80,1.0,780,1688,38797,0.235733,chromium,tesseract5,ok,0.9142857142857143,"{""0.3"": {""matched"": 10, ""n_gt"": 27, ""n_pred"": 18}, ""0.5"": {""matched"": 10, ""n_gt"": 27, ""n_pred"": 18}, ""0.7"": {""matched"": 10, ""n_gt"": 27, ""n_pred"": 18}}",18,0,0,0.7807211849994928,True,True
m01-settings_dpr2_dark_V11,m01-settings_dpr2_dark,m01-settings,mobile,2,dark,V11,avif,60,1.0,780,1688,27309,0.165931,chromium,tesseract5,ok,0.9142857142857143,"{""0.3"": {""matched"": 10, ""n_gt"": 27, ""n_pred"": 18}, ""0.5"": {""matched"": 10, ""n_gt"": 27, ""n_pred"": 18}, ""0.7"": {""matched"": 10, ""n_gt"": 27, ""n_pred"": 18}}",18,0,0,0.8251652460003243,True,True
m01-settings_dpr2_dark_V12,m01-settings_dpr2_dark,m01-settings,mobile,2,dark,V12,png,,0.5,390,844,77665,1.887593,chromium,tesseract5,ok,0.865979381443299,"{""0.3"": {""matched"": 10, ""n_gt"": 27, ""n_pred"": 16}, ""0.5"": {""matched"": 9, ""n_gt"": 27, ""n_pred"": 16}, ""0.7"": {""matched"": 9, ""n_gt"": 27, ""n_pred"": 16}}",16,0,0,0.46027941900047153,True,True
m01-settings_dpr2_dark_V13,m01-settings_dpr2_dark,m01-settings,mobile,2,dark,V13,jpeg,75,0.5,390,844,29494,0.716831,chromium,tesseract5,ok,0.838095238095238,"{""0.3"": {""matched"": 10, ""n_gt"": 27, ""n_pred"": 18}, ""0.5"": {""matched"": 9, ""n_gt"": 27, ""n_pred"": 18}, ""0.7"": {""matched"": 9, ""n_gt"": 27, ""n_pred"": 18}}",18,0,0,0.57124586000009,True,True
m01-settings_dpr2_light_V00,m01-settings_dpr2_light,m01-settings,mobile,2,light,V00,png,,1.0,780,1688,103144,0.62671,chromium,tesseract5,ok,0.9142857142857143,"{""0.3"": {""matched"": 10, ""n_gt"": 27, ""n_pred"": 18}, ""0.5"": {""matched"": 10, ""n_gt"": 27, ""n_pred"": 18}, ""0.7"": {""matched"": 10, ""n_gt"": 27, ""n_pred"": 18}}",18,0,0,0.4850555709999753,True,True
m01-settings_dpr2_light_V02,m01-settings_dpr2_light,m01-settings,mobile,2,light,V02,jpeg,95,1.0,780,1688,150575,0.914905,chromium,tesseract5,ok,0.9142857142857143,"{""0.3"": {""matched"": 10, ""n_gt"": 27, ""n_pred"": 18}, ""0.5"": {""matched"": 10, ""n_gt"": 27, ""n_pred"": 18}, ""0.7"": {""matched"": 10, ""n_gt"": 27, ""n_pred"": 18}}",18,0,0,0.5952403609999237,True,True
m01-settings_dpr2_light_V03,m01-settings_dpr2_light,m01-settings,mobile,2,light,V03,jpeg,85,1.0,780,1688,97641,0.593274,chromium,tesseract5,ok,0.9142857142857143,"{""0.3"": {""matched"": 10, ""n_gt"": 27, ""n_pred"": 18}, ""0.5"": {""matched"": 10, ""n_gt"": 27, ""n_pred"": 18}, ""0.7"": {""matched"": 10, ""n_gt"": 27, ""n_pred"": 18}}",18,0,0,0.5569165919996522,True,True
m01-settings_dpr2_light_V04,m01-settings_dpr2_light,m01-settings,mobile,2,light,V04,jpeg,75,1.0,780,1688,77675,0.471959,chromium,tesseract5,ok,0.9142857142857143,"{""0.3"": {""matched"": 10, ""n_gt"": 27, ""n_pred"": 18}, ""0.5"": {""matched"": 10, ""n_gt"": 27, ""n_pred"": 18}, ""0.7"": {""matched"": 10, ""n_gt"": 27, ""n_pred"": 18}}",18,0,0,0.5900922959999662,True,True
m01-settings_dpr2_light_V05,m01-settings_dpr2_light,m01-settings,mobile,2,light,V05,jpeg,60,1.0,780,1688,64649,0.392812,chromium,tesseract5,ok,0.9142857142857143,"{""0.3"": {""matched"": 10, ""n_gt"": 27, ""n_pred"": 18}, ""0.5"": {""matched"": 10, ""n_gt"": 27, ""n_pred"": 18}, ""0.7"": {""matched"": 10, ""n_gt"": 27, ""n_pred"": 18}}",18,0,0,0.5332464960001744,True,True
m01-settings_dpr2_light_V06,m01-settings_dpr2_light,m01-settings,mobile,2,light,V06,jpeg,85,1.0,780,1688,133980,0.814072,chromium,tesseract5,ok,0.9142857142857143,"{""0.3"": {""matched"": 10, ""n_gt"": 27, ""n_pred"": 18}, ""0.5"": {""matched"": 10, ""n_gt"": 27, ""n_pred"": 18}, ""0.7"": {""matched"": 10, ""n_gt"": 27, ""n_pred"": 18}}",18,0,0,0.5664197010000862,True,True
m01-settings_dpr2_light_V07,m01-settings_dpr2_light,m01-settings,mobile,2,light,V07,webp,90,1.0,780,1688,57856,0.351537,chromium,tesseract5,ok,0.9142857142857143,"{""0.3"": {""matched"": 10, ""n_gt"": 27, ""n_pred"": 18}, ""0.5"": {""matched"": 10, ""n_gt"": 27, ""n_pred"": 18}, ""0.7"": {""matched"": 10, ""n_gt"": 27, ""n_pred"": 18}}",18,0,0,0.533669708999696,True,True
m01-settings_dpr2_light_V08,m01-settings_dpr2_light,m01-settings,mobile,2,light,V08,webp,75,1.0,780,1688,36216,0.220051,chromium,tesseract5,ok,0.9142857142857143,"{""0.3"": {""matched"": 10, ""n_gt"": 27, ""n_pred"": 18}, ""0.5"": {""matched"": 10, ""n_gt"": 27, ""n_pred"": 18}, ""0.7"": {""matched"": 10, ""n_gt"": 27, ""n_pred"": 18}}",18,0,0,0.5287334489994464,True,True
m01-settings_dpr2_light_V09,m01-settings_dpr2_light,m01-settings,mobile,2,light,V09,webp,50,1.0,780,1688,29596,0.179827,chromium,tesseract5,ok,0.9142857142857143,"{""0.3"": {""matched"": 10, ""n_gt"": 27, ""n_pred"": 18}, ""0.5"": {""matched"": 10, ""n_gt"": 27, ""n_pred"": 18}, ""0.7"": {""matched"": 10, ""n_gt"": 27, ""n_pred"": 18}}",18,0,0,0.6037519139999858,True,True
m01-settings_dpr2_light_V10,m01-settings_dpr2_light,m01-settings,mobile,2,light,V10,avif,80,1.0,780,1688,38673,0.23498,chromium,tesseract5,ok,0.9142857142857143,"{""0.3"": {""matched"": 10, ""n_gt"": 27, ""n_pred"": 18}, ""0.5"": {""matched"": 10, ""n_gt"": 27, ""n_pred"": 18}, ""0.7"": {""matched"": 10, ""n_gt"": 27, ""n_pred"": 18}}",18,0,0,0.5201422069994805,True,True
m01-settings_dpr2_light_V11,m01-settings_dpr2_light,m01-settings,mobile,2,light,V11,avif,60,1.0,780,1688,27575,0.167548,chromium,tesseract5,ok,0.9142857142857143,"{""0.3"": {""matched"": 10, ""n_gt"": 27, ""n_pred"": 18}, ""0.5"": {""matched"": 10, ""n_gt"": 27, ""n_pred"": 18}, ""0.7"": {""matched"": 10, ""n_gt"": 27, ""n_pred"": 18}}",18,0,0,0.5018946290001622,True,True
m01-settings_dpr2_light_V12,m01-settings_dpr2_light,m01-settings,mobile,2,light,V12,png,,0.5,390,844,75348,1.83128,chromium,tesseract5,ok,0.8461538461538461,"{""0.3"": {""matched"": 10, ""n_gt"": 27, ""n_pred"": 18}, ""0.5"": {""matched"": 9, ""n_gt"": 27, ""n_pred"": 18}, ""0.7"": {""matched"": 9, ""n_gt"": 27, ""n_pred"": 18}}",18,0,0,0.37791646200003015,True,True
m01-settings_dpr2_light_V13,m01-settings_dpr2_light,m01-settings,mobile,2,light,V13,jpeg,75,0.5,390,844,29923,0.727257,chromium,tesseract5,ok,0.8761904761904761,"{""0.3"": {""matched"": 10, ""n_gt"": 27, ""n_pred"": 18}, ""0.5"": {""matched"": 9, ""n_gt"": 27, ""n_pred"": 18}, ""0.7"": {""matched"": 9, ""n_gt"": 27, ""n_pred"": 18}}",18,0,0,0.337641590000203,True,True
m01-settings_dpr3_dark_V00,m01-settings_dpr3_dark,m01-settings,mobile,3,dark,V00,png,,1.0,1170,2532,158258,0.427372,chromium,tesseract5,ok,0.9142857142857143,"{""0.3"": {""matched"": 10, ""n_gt"": 27, ""n_pred"": 18}, ""0.5"": {""matched"": 10, ""n_gt"": 27, ""n_pred"": 18}, ""0.7"": {""matched"": 10, ""n_gt"": 27, ""n_pred"": 18}}",18,0,0,0.9281362339997941,True,True
m01-settings_dpr3_dark_V02,m01-settings_dpr3_dark,m01-settings,mobile,3,dark,V02,jpeg,95,1.0,1170,2532,259931,0.701938,chromium,tesseract5,ok,0.9142857142857143,"{""0.3"": {""matched"": 10, ""n_gt"": 27, ""n_pred"": 18}, ""0.5"": {""matched"": 10, ""n_gt"": 27, ""n_pred"": 18}, ""0.7"": {""matched"": 10, ""n_gt"": 27, ""n_pred"": 18}}",18,0,0,1.1140019510003185,True,True
m01-settings_dpr3_dark_V03,m01-settings_dpr3_dark,m01-settings,mobile,3,dark,V03,jpeg,85,1.0,1170,2532,173589,0.468773,chromium,tesseract5,ok,0.9142857142857143,"{""0.3"": {""matched"": 10, ""n_gt"": 27, ""n_pred"": 18}, ""0.5"": {""matched"": 10, ""n_gt"": 27, ""n_pred"": 18}, ""0.7"": {""matched"": 10, ""n_gt"": 27, ""n_pred"": 18}}",18,0,0,1.071413931999814,True,True
m01-settings_dpr3_dark_V04,m01-settings_dpr3_dark,m01-settings,mobile,3,dark,V04,jpeg,75,1.0,1170,2532,143354,0.387124,chromium,tesseract5,ok,0.9142857142857143,"{""0.3"": {""matched"": 10, ""n_gt"": 27, ""n_pred"": 18}, ""0.5"": {""matched"": 10, ""n_gt"": 27, ""n_pred"": 18}, ""0.7"": {""matched"": 10, ""n_gt"": 27, ""n_pred"": 18}}",18,0,0,1.0149079039993012,True,True
m01-settings_dpr3_dark_V05,m01-settings_dpr3_dark,m01-settings,mobile,3,dark,V05,jpeg,60,1.0,1170,2532,121982,0.32941,chromium,tesseract5,ok,0.9142857142857143,"{""0.3"": {""matched"": 10, ""n_gt"": 27, ""n_pred"": 18}, ""0.5"": {""matched"": 10, ""n_gt"": 27, ""n_pred"": 18}, ""0.7"": {""matched"": 10, ""n_gt"": 27, ""n_pred"": 18}}",18,0,0,0.9561551950000649,True,True
m01-settings_dpr3_dark_V06,m01-settings_dpr3_dark,m01-settings,mobile,3,dark,V06,jpeg,85,1.0,1170,2532,238035,0.642808,chromium,tesseract5,ok,0.9142857142857143,"{""0.3"": {""matched"": 10, ""n_gt"": 27, ""n_pred"": 18}, ""0.5"": {""matched"": 10, ""n_gt"": 27, ""n_pred"": 18}, ""0.7"": {""matched"": 10, ""n_gt"": 27, ""n_pred"": 18}}",18,0,0,0.9374153979997573,True,True
m01-settings_dpr3_dark_V07,m01-settings_dpr3_dark,m01-settings,mobile,3,dark,V07,webp,90,1.0,1170,2532,88344,0.238571,chromium,tesseract5,ok,0.9142857142857143,"{""0.3"": {""matched"": 10, ""n_gt"": 27, ""n_pred"": 18}, ""0.5"": {""matched"": 10, ""n_gt"": 27, ""n_pred"": 18}, ""0.7"": {""matched"": 10, ""n_gt"": 27, ""n_pred"": 18}}",18,0,0,0.959766357999797,True,True
m01-settings_dpr3_dark_V08,m01-settings_dpr3_dark,m01-settings,mobile,3,dark,V08,webp,75,1.0,1170,2532,54258,0.146522,chromium,tesseract5,ok,0.9142857142857143,"{""0.3"": {""matched"": 10, ""n_gt"": 27, ""n_pred"": 18}, ""0.5"": {""matched"": 10, ""n_gt"": 27, ""n_pred"": 18}, ""0.7"": {""matched"": 10, ""n_gt"": 27, ""n_pred"": 18}}",18,0,0,0.9159834749998481,True,True
m01-settings_dpr3_dark_V09,m01-settings_dpr3_dark,m01-settings,mobile,3,dark,V09,webp,50,1.0,1170,2532,44070,0.11901,chromium,tesseract5,ok,0.9142857142857143,"{""0.3"": {""matched"": 10, ""n_gt"": 27, ""n_pred"": 18}, ""0.5"": {""matched"": 10, ""n_gt"": 27, ""n_pred"": 18}, ""0.7"": {""matched"": 10, ""n_gt"": 27, ""n_pred"": 18}}",18,0,0,0.9507949480002935,True,True
m01-settings_dpr3_dark_V10,m01-settings_dpr3_dark,m01-settings,mobile,3,dark,V10,avif,80,1.0,1170,2532,53603,0.144754,chromium,tesseract5,ok,0.9142857142857143,"{""0.3"": {""matched"": 10, ""n_gt"": 27, ""n_pred"": 18}, ""0.5"": {""matched"": 10, ""n_gt"": 27, ""n_pred"": 18}, ""0.7"": {""matched"": 10, ""n_gt"": 27, ""n_pred"": 18}}",18,0,0,0.9355834130001313,True,True
m01-settings_dpr3_dark_V11,m01-settings_dpr3_dark,m01-settings,mobile,3,dark,V11,avif,60,1.0,1170,2532,37511,0.101298,chromium,tesseract5,ok,0.9142857142857143,"{""0.3"": {""matched"": 10, ""n_gt"": 27, ""n_pred"": 18}, ""0.5"": {""matched"": 10, ""n_gt"": 27, ""n_pred"": 18}, ""0.7"": {""matched"": 10, ""n_gt"": 27, ""n_pred"": 18}}",18,0,0,1.0087755310005377,True,True
m01-settings_dpr3_dark_V12,m01-settings_dpr3_dark,m01-settings,mobile,3,dark,V12,png,,0.5,585,1266,138608,1.497231,chromium,tesseract5,ok,0.9142857142857143,"{""0.3"": {""matched"": 10, ""n_gt"": 27, ""n_pred"": 18}, ""0.5"": {""matched"": 10, ""n_gt"": 27, ""n_pred"": 18}, ""0.7"": {""matched"": 10, ""n_gt"": 27, ""n_pred"": 18}}",18,0,0,0.6610955240003022,True,True
m01-settings_dpr3_dark_V13,m01-settings_dpr3_dark,m01-settings,mobile,3,dark,V13,jpeg,75,0.5,585,1266,52796,0.570297,chromium,tesseract5,ok,0.9142857142857143,"{""0.3"": {""matched"": 10, ""n_gt"": 27, ""n_pred"": 18}, ""0.5"": {""matched"": 10, ""n_gt"": 27, ""n_pred"": 18}, ""0.7"": {""matched"": 10, ""n_gt"": 27, ""n_pred"": 18}}",18,0,0,0.6320333929998014,True,True
m01-settings_dpr3_light_V00,m01-settings_dpr3_light,m01-settings,mobile,3,light,V00,png,,1.0,1170,2532,159695,0.431253,chromium,tesseract5,ok,0.9142857142857143,"{""0.3"": {""matched"": 10, ""n_gt"": 27, ""n_pred"": 18}, ""0.5"": {""matched"": 10, ""n_gt"": 27, ""n_pred"": 18}, ""0.7"": {""matched"": 10, ""n_gt"": 27, ""n_pred"": 18}}",18,0,0,0.6283857309999803,True,True
m01-settings_dpr3_light_V02,m01-settings_dpr3_light,m01-settings,mobile,3,light,V02,jpeg,95,1.0,1170,2532,262612,0.709178,chromium,tesseract5,ok,0.9142857142857143,"{""0.3"": {""matched"": 10, ""n_gt"": 27, ""n_pred"": 18}, ""0.5"": {""matched"": 10, ""n_gt"": 27, ""n_pred"": 18}, ""0.7"": {""matched"": 10, ""n_gt"": 27, ""n_pred"": 18}}",18,0,0,0.7640489470004468,True,True
m01-settings_dpr3_light_V03,m01-settings_dpr3_light,m01-settings,mobile,3,light,V03,jpeg,85,1.0,1170,2532,174238,0.470526,chromium,tesseract5,ok,0.9142857142857143,"{""0.3"": {""matched"": 10, ""n_gt"": 27, ""n_pred"": 18}, ""0.5"": {""matched"": 10, ""n_gt"": 27, ""n_pred"": 18}, ""0.7"": {""matched"": 10, ""n_gt"": 27, ""n_pred"": 18}}",18,0,0,0.7513496430001396,True,True
m01-settings_dpr3_light_V04,m01-settings_dpr3_light,m01-settings,mobile,3,light,V04,jpeg,75,1.0,1170,2532,146034,0.394361,chromium,tesseract5,ok,0.9142857142857143,"{""0.3"": {""matched"": 10, ""n_gt"": 27, ""n_pred"": 18}, ""0.5"": {""matched"": 10, ""n_gt"": 27, ""n_pred"": 18}, ""0.7"": {""matched"": 10, ""n_gt"": 27, ""n_pred"": 18}}",18,0,0,0.7223354819998349,True,True
m01-settings_dpr3_light_V05,m01-settings_dpr3_light,m01-settings,mobile,3,light,V05,jpeg,60,1.0,1170,2532,121484,0.328065,chromium,tesseract5,ok,0.9142857142857143,"{""0.3"": {""matched"": 10, ""n_gt"": 27, ""n_pred"": 18}, ""0.5"": {""matched"": 10, ""n_gt"": 27, ""n_pred"": 18}, ""0.7"": {""matched"": 10, ""n_gt"": 27, ""n_pred"": 18}}",18,0,0,0.7349729150000712,True,True
m01-settings_dpr3_light_V06,m01-settings_dpr3_light,m01-settings,mobile,3,light,V06,jpeg,85,1.0,1170,2532,241210,0.651382,chromium,tesseract5,ok,0.9142857142857143,"{""0.3"": {""matched"": 10, ""n_gt"": 27, ""n_pred"": 18}, ""0.5"": {""matched"": 10, ""n_gt"": 27, ""n_pred"": 18}, ""0.7"": {""matched"": 10, ""n_gt"": 27, ""n_pred"": 18}}",18,0,0,0.6824776449993806,True,True
m01-settings_dpr3_light_V07,m01-settings_dpr3_light,m01-settings,mobile,3,light,V07,webp,90,1.0,1170,2532,91344,0.246672,chromium,tesseract5,ok,0.9142857142857143,"{""0.3"": {""matched"": 10, ""n_gt"": 27, ""n_pred"": 18}, ""0.5"": {""matched"": 10, ""n_gt"": 27, ""n_pred"": 18}, ""0.7"": {""matched"": 10, ""n_gt"": 27, ""n_pred"": 18}}",18,0,0,0.8640718139995442,True,True
m01-settings_dpr3_light_V08,m01-settings_dpr3_light,m01-settings,mobile,3,light,V08,webp,75,1.0,1170,2532,56674,0.153047,chromium,tesseract5,ok,0.9142857142857143,"{""0.3"": {""matched"": 10, ""n_gt"": 27, ""n_pred"": 18}, ""0.5"": {""matched"": 10, ""n_gt"": 27, ""n_pred"": 18}, ""0.7"": {""matched"": 10, ""n_gt"": 27, ""n_pred"": 18}}",18,0,0,0.7651073219994942,True,True
m01-settings_dpr3_light_V09,m01-settings_dpr3_light,m01-settings,mobile,3,light,V09,webp,50,1.0,1170,2532,46096,0.124481,chromium,tesseract5,ok,0.9142857142857143,"{""0.3"": {""matched"": 10, ""n_gt"": 27, ""n_pred"": 18}, ""0.5"": {""matched"": 10, ""n_gt"": 27, ""n_pred"": 18}, ""0.7"": {""matched"": 10, ""n_gt"": 27, ""n_pred"": 18}}",18,0,0,0.8608546949999436,True,True
m01-settings_dpr3_light_V10,m01-settings_dpr3_light,m01-settings,mobile,3,light,V10,avif,80,1.0,1170,2532,54311,0.146666,chromium,tesseract5,ok,0.9142857142857143,"{""0.3"": {""matched"": 10, ""n_gt"": 27, ""n_pred"": 18}, ""0.5"": {""matched"": 10, ""n_gt"": 27, ""n_pred"": 18}, ""0.7"": {""matched"": 10, ""n_gt"": 27, ""n_pred"": 18}}",18,0,0,0.6845415200004936,True,True
m01-settings_dpr3_light_V11,m01-settings_dpr3_light,m01-settings,mobile,3,light,V11,avif,60,1.0,1170,2532,37751,0.101946,chromium,tesseract5,ok,0.9142857142857143,"{""0.3"": {""matched"": 10, ""n_gt"": 27, ""n_pred"": 18}, ""0.5"": {""matched"": 10, ""n_gt"": 27, ""n_pred"": 18}, ""0.7"": {""matched"": 10, ""n_gt"": 27, ""n_pred"": 18}}",18,0,0,0.7644803780003713,True,True
m01-settings_dpr3_light_V12,m01-settings_dpr3_light,m01-settings,mobile,3,light,V12,png,,0.5,585,1266,132638,1.432743,chromium,tesseract5,ok,0.9142857142857143,"{""0.3"": {""matched"": 10, ""n_gt"": 27, ""n_pred"": 18}, ""0.5"": {""matched"": 10, ""n_gt"": 27, ""n_pred"": 18}, ""0.7"": {""matched"": 10, ""n_gt"": 27, ""n_pred"": 18}}",18,0,0,0.44389512699945044,True,True
m01-settings_dpr3_light_V13,m01-settings_dpr3_light,m01-settings,mobile,3,light,V13,jpeg,75,0.5,585,1266,52654,0.568764,chromium,tesseract5,ok,0.9142857142857143,"{""0.3"": {""matched"": 10, ""n_gt"": 27, ""n_pred"": 18}, ""0.5"": {""matched"": 10, ""n_gt"": 27, ""n_pred"": 18}, ""0.7"": {""matched"": 10, ""n_gt"": 27, ""n_pred"": 18}}",18,0,0,0.5057553599999665,True,True
m05-chat_dpr1_dark_V00,m05-chat_dpr1_dark,m05-chat,mobile,1,dark,V00,png,,1.0,390,844,48409,1.176546,chromium,tesseract5,ok,0.5732484076433122,"{""0.3"": {""matched"": 13, ""n_gt"": 26, ""n_pred"": 17}, ""0.5"": {""matched"": 11, ""n_gt"": 26, ""n_pred"": 17}, ""0.7"": {""matched"": 11, ""n_gt"": 26, ""n_pred"": 17}}",17,0,0,0.696828541999821,True,True
m05-chat_dpr1_dark_V02,m05-chat_dpr1_dark,m05-chat,mobile,1,dark,V02,jpeg,95,1.0,390,844,77343,1.879767,chromium,tesseract5,ok,0.5897435897435898,"{""0.3"": {""matched"": 13, ""n_gt"": 26, ""n_pred"": 17}, ""0.5"": {""matched"": 11, ""n_gt"": 26, ""n_pred"": 17}, ""0.7"": {""matched"": 11, ""n_gt"": 26, ""n_pred"": 17}}",17,0,0,0.718929606000529,True,True
m05-chat_dpr1_dark_V03,m05-chat_dpr1_dark,m05-chat,mobile,1,dark,V03,jpeg,85,1.0,390,844,48882,1.188042,chromium,tesseract5,ok,0.5806451612903226,"{""0.3"": {""matched"": 13, ""n_gt"": 26, ""n_pred"": 16}, ""0.5"": {""matched"": 11, ""n_gt"": 26, ""n_pred"": 16}, ""0.7"": {""matched"": 11, ""n_gt"": 26, ""n_pred"": 16}}",16,0,0,0.5441333090002445,True,True
m05-chat_dpr1_dark_V04,m05-chat_dpr1_dark,m05-chat,mobile,1,dark,V04,jpeg,75,1.0,390,844,38233,0.929226,chromium,tesseract5,ok,0.5935483870967743,"{""0.3"": {""matched"": 13, ""n_gt"": 26, ""n_pred"": 16}, ""0.5"": {""matched"": 9, ""n_gt"": 26, ""n_pred"": 16}, ""0.7"": {""matched"": 9, ""n_gt"": 26, ""n_pred"": 16}}",16,0,0,0.6408755259999452,True,True
m05-chat_dpr1_dark_V05,m05-chat_dpr1_dark,m05-chat,mobile,1,dark,V05,jpeg,60,1.0,390,844,30166,0.733163,chromium,tesseract5,ok,0.5714285714285714,"{""0.3"": {""matched"": 14, ""n_gt"": 26, ""n_pred"": 16}, ""0.5"": {""matched"": 10, ""n_gt"": 26, ""n_pred"": 16}, ""0.7"": {""matched"": 10, ""n_gt"": 26, ""n_pred"": 16}}",16,0,0,0.5172866089997115,True,True
m05-chat_dpr1_dark_V06,m05-chat_dpr1_dark,m05-chat,mobile,1,dark,V06,jpeg,85,1.0,390,844,67565,1.642119,chromium,tesseract5,ok,0.5806451612903226,"{""0.3"": {""matched"": 13, ""n_gt"": 26, ""n_pred"": 16}, ""0.5"": {""matched"": 9, ""n_gt"": 26, ""n_pred"": 16}, ""0.7"": {""matched"": 9, ""n_gt"": 26, ""n_pred"": 16}}",16,0,0,0.4949328439997771,True,True
m05-chat_dpr1_dark_V07,m05-chat_dpr1_dark,m05-chat,mobile,1,dark,V07,webp,90,1.0,390,844,33252,0.808166,chromium,tesseract5,ok,0.5987261146496815,"{""0.3"": {""matched"": 13, ""n_gt"": 26, ""n_pred"": 17}, ""0.5"": {""matched"": 11, ""n_gt"": 26, ""n_pred"": 17}, ""0.7"": {""matched"": 11, ""n_gt"": 26, ""n_pred"": 17}}",17,0,0,0.5703749360000074,True,True
m05-chat_dpr1_dark_V08,m05-chat_dpr1_dark,m05-chat,mobile,1,dark,V08,webp,75,1.0,390,844,21494,0.522396,chromium,tesseract5,ok,0.5987261146496815,"{""0.3"": {""matched"": 13, ""n_gt"": 26, ""n_pred"": 17}, ""0.5"": {""matched"": 10, ""n_gt"": 26, ""n_pred"": 17}, ""0.7"": {""matched"": 10, ""n_gt"": 26, ""n_pred"": 17}}",17,0,0,0.5969071509998685,True,True
m05-chat_dpr1_dark_V09,m05-chat_dpr1_dark,m05-chat,mobile,1,dark,V09,webp,50,1.0,390,844,17616,0.428144,chromium,tesseract5,ok,0.5806451612903226,"{""0.3"": {""matched"": 13, ""n_gt"": 26, ""n_pred"": 16}, ""0.5"": {""matched"": 10, ""n_gt"": 26, ""n_pred"": 16}, ""0.7"": {""matched"": 10, ""n_gt"": 26, ""n_pred"": 16}}",16,0,0,0.5190429450003649,True,True
m05-chat_dpr1_dark_V10,m05-chat_dpr1_dark,m05-chat,mobile,1,dark,V10,avif,80,1.0,390,844,23583,0.573168,chromium,tesseract5,ok,0.6114649681528662,"{""0.3"": {""matched"": 13, ""n_gt"": 26, ""n_pred"": 17}, ""0.5"": {""matched"": 12, ""n_gt"": 26, ""n_pred"": 17}, ""0.7"": {""matched"": 12, ""n_gt"": 26, ""n_pred"": 17}}",17,0,0,0.4972774219995699,True,True
m05-chat_dpr1_dark_V11,m05-chat_dpr1_dark,m05-chat,mobile,1,dark,V11,avif,60,1.0,390,844,16639,0.404399,chromium,tesseract5,ok,0.6233766233766233,"{""0.3"": {""matched"": 13, ""n_gt"": 26, ""n_pred"": 16}, ""0.5"": {""matched"": 12, ""n_gt"": 26, ""n_pred"": 16}, ""0.7"": {""matched"": 12, ""n_gt"": 26, ""n_pred"": 16}}",16,0,0,0.5079106120001597,True,True
m05-chat_dpr1_dark_V12,m05-chat_dpr1_dark,m05-chat,mobile,1,dark,V12,png,,0.5,195,422,44437,4.320039,chromium,tesseract5,ok,0.017857142857142856,"{""0.3"": {""matched"": 3, ""n_gt"": 26, ""n_pred"": 6}, ""0.5"": {""matched"": 1, ""n_gt"": 26, ""n_pred"": 6}, ""0.7"": {""matched"": 1, ""n_gt"": 26, ""n_pred"": 6}}",6,0,0,0.24586120800086064,True,True
m05-chat_dpr1_dark_V13,m05-chat_dpr1_dark,m05-chat,mobile,1,dark,V13,jpeg,75,0.5,195,422,12870,1.251185,chromium,tesseract5,ok,0.015873015873015872,"{""0.3"": {""matched"": 5, ""n_gt"": 26, ""n_pred"": 10}, ""0.5"": {""matched"": 0, ""n_gt"": 26, ""n_pred"": 10}, ""0.7"": {""matched"": 0, ""n_gt"": 26, ""n_pred"": 10}}",10,0,0,0.3057515479995345,True,True
m05-chat_dpr1_light_V00,m05-chat_dpr1_light,m05-chat,mobile,1,light,V00,png,,1.0,390,844,47470,1.153725,chromium,tesseract5,ok,0.7093023255813954,"{""0.3"": {""matched"": 17, ""n_gt"": 26, ""n_pred"": 20}, ""0.5"": {""matched"": 13, ""n_gt"": 26, ""n_pred"": 20}, ""0.7"": {""matched"": 13, ""n_gt"": 26, ""n_pred"": 20}}",20,0,0,0.5030959739997343,True,True
m05-chat_dpr1_light_V02,m05-chat_dpr1_light,m05-chat,mobile,1,light,V02,jpeg,95,1.0,390,844,79330,1.928059,chromium,tesseract5,ok,0.7176470588235294,"{""0.3"": {""matched"": 18, ""n_gt"": 26, ""n_pred"": 21}, ""0.5"": {""matched"": 17, ""n_gt"": 26, ""n_pred"": 21}, ""0.7"": {""matched"": 16, ""n_gt"": 26, ""n_pred"": 21}}",21,0,0,0.4719476450000002,True,True
m05-chat_dpr1_light_V03,m05-chat_dpr1_light,m05-chat,mobile,1,light,V03,jpeg,85,1.0,390,844,50229,1.22078,chromium,tesseract5,ok,0.7176470588235294,"{""0.3"": {""matched"": 17, ""n_gt"": 26, ""n_pred"": 20}, ""0.5"": {""matched"": 15, ""n_gt"": 26, ""n_pred"": 20}, ""0.7"": {""matched"": 14, ""n_gt"": 26, ""n_pred"": 20}}",20,0,0,0.4853875440003321,True,True
m05-chat_dpr1_light_V04,m05-chat_dpr1_light,m05-chat,mobile,1,light,V04,jpeg,75,1.0,390,844,39032,0.948645,chromium,tesseract5,ok,0.6549707602339181,"{""0.3"": {""matched"": 19, ""n_gt"": 26, ""n_pred"": 22}, ""0.5"": {""matched"": 17, ""n_gt"": 26, ""n_pred"": 22}, ""0.7"": {""matched"": 15, ""n_gt"": 26, ""n_pred"": 22}}",22,0,0,0.5120744139994713,True,True
m05-chat_dpr1_light_V05,m05-chat_dpr1_light,m05-chat,mobile,1,light,V05,jpeg,60,1.0,390,844,31107,0.756034,chromium,tesseract5,ok,0.7023809523809523,"{""0.3"": {""matched"": 17, ""n_gt"": 26, ""n_pred"": 19}, ""0.5"": {""matched"": 14, ""n_gt"": 26, ""n_pred"": 19}, ""0.7"": {""matched"": 14, ""n_gt"": 26, ""n_pred"": 19}}",19,0,0,0.4916390449998289,True,True
m05-chat_dpr1_light_V06,m05-chat_dpr1_light,m05-chat,mobile,1,light,V06,jpeg,85,1.0,390,844,70736,1.719188,chromium,tesseract5,ok,0.6705882352941177,"{""0.3"": {""matched"": 17, ""n_gt"": 26, ""n_pred"": 20}, ""0.5"": {""matched"": 12, ""n_gt"": 26, ""n_pred"": 20}, ""0.7"": {""matched"": 12, ""n_gt"": 26, ""n_pred"": 20}}",20,0,0,0.5115893459997096,True,True
m05-chat_dpr1_light_V07,m05-chat_dpr1_light,m05-chat,mobile,1,light,V07,webp,90,1.0,390,844,34446,0.837186,chromium,tesseract5,ok,0.7142857142857143,"{""0.3"": {""matched"": 17, ""n_gt"": 26, ""n_pred"": 19}, ""0.5"": {""matched"": 15, ""n_gt"": 26, ""n_pred"": 19}, ""0.7"": {""matched"": 15, ""n_gt"": 26, ""n_pred"": 19}}",19,0,0,0.5587913810004466,True,True
m05-chat_dpr1_light_V08,m05-chat_dpr1_light,m05-chat,mobile,1,light,V08,webp,75,1.0,390,844,22722,0.552242,chromium,tesseract5,ok,0.7058823529411764,"{""0.3"": {""matched"": 17, ""n_gt"": 26, ""n_pred"": 20}, ""0.5"": {""matched"": 15, ""n_gt"": 26, ""n_pred"": 20}, ""0.7"": {""matched"": 15, ""n_gt"": 26, ""n_pred"": 20}}",20,0,0,0.4894431299999269,True,True
m05-chat_dpr1_light_V09,m05-chat_dpr1_light,m05-chat,mobile,1,light,V09,webp,50,1.0,390,844,18592,0.451865,chromium,tesseract5,ok,0.7176470588235294,"{""0.3"": {""matched"": 17, ""n_gt"": 26, ""n_pred"": 20}, ""0.5"": {""matched"": 15, ""n_gt"": 26, ""n_pred"": 20}, ""0.7"": {""matched"": 15, ""n_gt"": 26, ""n_pred"": 20}}",20,0,0,0.4820045719998234,True,True
m05-chat_dpr1_light_V10,m05-chat_dpr1_light,m05-chat,mobile,1,light,V10,avif,80,1.0,390,844,23933,0.581675,chromium,tesseract5,ok,0.7176470588235294,"{""0.3"": {""matched"": 19, ""n_gt"": 26, ""n_pred"": 21}, ""0.5"": {""matched"": 17, ""n_gt"": 26, ""n_pred"": 21}, ""0.7"": {""matched"": 17, ""n_gt"": 26, ""n_pred"": 21}}",21,0,0,0.4782378380004957,True,True
m05-chat_dpr1_light_V11,m05-chat_dpr1_light,m05-chat,mobile,1,light,V11,avif,60,1.0,390,844,16979,0.412663,chromium,tesseract5,ok,0.7325581395348837,"{""0.3"": {""matched"": 18, ""n_gt"": 26, ""n_pred"": 20}, ""0.5"": {""matched"": 15, ""n_gt"": 26, ""n_pred"": 20}, ""0.7"": {""matched"": 14, ""n_gt"": 26, ""n_pred"": 20}}",20,0,0,0.46575819200006663,True,True
m05-chat_dpr1_light_V12,m05-chat_dpr1_light,m05-chat,mobile,1,light,V12,png,,0.5,195,422,42669,4.148159,chromium,tesseract5,ok,0.034188034188034185,"{""0.3"": {""matched"": 3, ""n_gt"": 26, ""n_pred"": 7}, ""0.5"": {""matched"": 0, ""n_gt"": 26, ""n_pred"": 7}, ""0.7"": {""matched"": 0, ""n_gt"": 26, ""n_pred"": 7}}",7,0,0,0.26246986300066055,True,True
m05-chat_dpr1_light_V13,m05-chat_dpr1_light,m05-chat,mobile,1,light,V13,jpeg,75,0.5,195,422,13076,1.271212,chromium,tesseract5,ok,0.03508771929824561,"{""0.3"": {""matched"": 6, ""n_gt"": 26, ""n_pred"": 10}, ""0.5"": {""matched"": 3, ""n_gt"": 26, ""n_pred"": 10}, ""0.7"": {""matched"": 3, ""n_gt"": 26, ""n_pred"": 10}}",10,0,0,0.25950832399939827,True,True
m05-chat_dpr2_dark_V00,m05-chat_dpr2_dark,m05-chat,mobile,2,dark,V00,png,,1.0,780,1688,124765,0.758081,chromium,tesseract5,ok,0.7607361963190185,"{""0.3"": {""matched"": 16, ""n_gt"": 26, ""n_pred"": 18}, ""0.5"": {""matched"": 16, ""n_gt"": 26, ""n_pred"": 18}, ""0.7"": {""matched"": 16, ""n_gt"": 26, ""n_pred"": 18}}",18,0,0,0.755359910000152,True,True
m05-chat_dpr2_dark_V02,m05-chat_dpr2_dark,m05-chat,mobile,2,dark,V02,jpeg,95,1.0,780,1688,190795,1.159284,chromium,tesseract5,ok,0.7607361963190185,"{""0.3"": {""matched"": 16, ""n_gt"": 26, ""n_pred"": 18}, ""0.5"": {""matched"": 16, ""n_gt"": 26, ""n_pred"": 18}, ""0.7"": {""matched"": 16, ""n_gt"": 26, ""n_pred"": 18}}",18,0,0,0.856361955000466,True,True
m05-chat_dpr2_dark_V03,m05-chat_dpr2_dark,m05-chat,mobile,2,dark,V03,jpeg,85,1.0,780,1688,121021,0.735332,chromium,tesseract5,ok,0.7654320987654322,"{""0.3"": {""matched"": 16, ""n_gt"": 26, ""n_pred"": 18}, ""0.5"": {""matched"": 16, ""n_gt"": 26, ""n_pred"": 18}, ""0.7"": {""matched"": 16, ""n_gt"": 26, ""n_pred"": 18}}",18,0,0,0.827975883000363,True,True
m05-chat_dpr2_dark_V04,m05-chat_dpr2_dark,m05-chat,mobile,2,dark,V04,jpeg,75,1.0,780,1688,95649,0.58117,chromium,tesseract5,ok,0.7607361963190185,"{""0.3"": {""matched"": 16, ""n_gt"": 26, ""n_pred"": 18}, ""0.5"": {""matched"": 16, ""n_gt"": 26, ""n_pred"": 18}, ""0.7"": {""matched"": 16, ""n_gt"": 26, ""n_pred"": 18}}",18,0,0,0.8012247699998625,True,True
m05-chat_dpr2_dark_V05,m05-chat_dpr2_dark,m05-chat,mobile,2,dark,V05,jpeg,60,1.0,780,1688,78417,0.476467,chromium,tesseract5,ok,0.7730061349693251,"{""0.3"": {""matched"": 16, ""n_gt"": 26, ""n_pred"": 18}, ""0.5"": {""matched"": 16, ""n_gt"": 26, ""n_pred"": 18}, ""0.7"": {""matched"": 16, ""n_gt"": 26, ""n_pred"": 18}}",18,0,0,0.8629072310004631,True,True
m05-chat_dpr2_dark_V06,m05-chat_dpr2_dark,m05-chat,mobile,2,dark,V06,jpeg,85,1.0,780,1688,167702,1.018969,chromium,tesseract5,ok,0.7654320987654322,"{""0.3"": {""matched"": 16, ""n_gt"": 26, ""n_pred"": 18}, ""0.5"": {""matched"": 16, ""n_gt"": 26, ""n_pred"": 18}, ""0.7"": {""matched"": 16, ""n_gt"": 26, ""n_pred"": 18}}",18,0,0,0.8043546110002353,True,True
m05-chat_dpr2_dark_V07,m05-chat_dpr2_dark,m05-chat,mobile,2,dark,V07,webp,90,1.0,780,1688,80064,0.486475,chromium,tesseract5,ok,0.7607361963190185,"{""0.3"": {""matched"": 16, ""n_gt"": 26, ""n_pred"": 18}, ""0.5"": {""matched"": 16, ""n_gt"": 26, ""n_pred"": 18}, ""0.7"": {""matched"": 16, ""n_gt"": 26, ""n_pred"": 18}}",18,0,0,0.8651552810006251,True,True
m05-chat_dpr2_dark_V08,m05-chat_dpr2_dark,m05-chat,mobile,2,dark,V08,webp,75,1.0,780,1688,50838,0.308895,chromium,tesseract5,ok,0.7852760736196318,"{""0.3"": {""matched"": 16, ""n_gt"": 26, ""n_pred"": 18}, ""0.5"": {""matched"": 16, ""n_gt"": 26, ""n_pred"": 18}, ""0.7"": {""matched"": 16, ""n_gt"": 26, ""n_pred"": 18}}",18,0,0,0.8628518380000969,True,True
m05-chat_dpr2_dark_V09,m05-chat_dpr2_dark,m05-chat,mobile,2,dark,V09,webp,50,1.0,780,1688,41130,0.249909,chromium,tesseract5,ok,0.7804878048780487,"{""0.3"": {""matched"": 16, ""n_gt"": 26, ""n_pred"": 18}, ""0.5"": {""matched"": 16, ""n_gt"": 26, ""n_pred"": 18}, ""0.7"": {""matched"": 16, ""n_gt"": 26, ""n_pred"": 18}}",18,0,0,0.8257239849999678,True,True
m05-chat_dpr2_dark_V10,m05-chat_dpr2_dark,m05-chat,mobile,2,dark,V10,avif,80,1.0,780,1688,50657,0.307796,chromium,tesseract5,ok,0.7607361963190185,"{""0.3"": {""matched"": 16, ""n_gt"": 26, ""n_pred"": 18}, ""0.5"": {""matched"": 16, ""n_gt"": 26, ""n_pred"": 18}, ""0.7"": {""matched"": 16, ""n_gt"": 26, ""n_pred"": 18}}",18,0,0,0.7690407740001319,True,True
m05-chat_dpr2_dark_V11,m05-chat_dpr2_dark,m05-chat,mobile,2,dark,V11,avif,60,1.0,780,1688,35339,0.214722,chromium,tesseract5,ok,0.7654320987654322,"{""0.3"": {""matched"": 16, ""n_gt"": 26, ""n_pred"": 18}, ""0.5"": {""matched"": 16, ""n_gt"": 26, ""n_pred"": 18}, ""0.7"": {""matched"": 16, ""n_gt"": 26, ""n_pred"": 18}}",18,0,0,0.837595983999563,True,True
m05-chat_dpr2_dark_V12,m05-chat_dpr2_dark,m05-chat,mobile,2,dark,V12,png,,0.5,390,844,93291,2.267371,chromium,tesseract5,ok,0.6075949367088608,"{""0.3"": {""matched"": 15, ""n_gt"": 26, ""n_pred"": 18}, ""0.5"": {""matched"": 15, ""n_gt"": 26, ""n_pred"": 18}, ""0.7"": {""matched"": 13, ""n_gt"": 26, ""n_pred"": 18}}",18,0,0,0.6881035479991624,True,True
m05-chat_dpr2_dark_V13,m05-chat_dpr2_dark,m05-chat,mobile,2,dark,V13,jpeg,75,0.5,390,844,38252,0.929688,chromium,tesseract5,ok,0.5844155844155844,"{""0.3"": {""matched"": 14, ""n_gt"": 26, ""n_pred"": 16}, ""0.5"": {""matched"": 13, ""n_gt"": 26, ""n_pred"": 16}, ""0.7"": {""matched"": 13, ""n_gt"": 26, ""n_pred"": 16}}",16,0,0,0.52431838099983,True,True
m05-chat_dpr2_light_V00,m05-chat_dpr2_light,m05-chat,mobile,2,light,V00,png,,1.0,780,1688,123094,0.747928,chromium,tesseract5,ok,0.9090909090909091,"{""0.3"": {""matched"": 21, ""n_gt"": 26, ""n_pred"": 23}, ""0.5"": {""matched"": 21, ""n_gt"": 26, ""n_pred"": 23}, ""0.7"": {""matched"": 21, ""n_gt"": 26, ""n_pred"": 23}}",23,0,0,0.6733443769999212,True,True
m05-chat_dpr2_light_V02,m05-chat_dpr2_light,m05-chat,mobile,2,light,V02,jpeg,95,1.0,780,1688,196897,1.19636,chromium,tesseract5,ok,0.9157894736842105,"{""0.3"": {""matched"": 20, ""n_gt"": 26, ""n_pred"": 23}, ""0.5"": {""matched"": 20, ""n_gt"": 26, ""n_pred"": 23}, ""0.7"": {""matched"": 20, ""n_gt"": 26, ""n_pred"": 23}}",23,0,0,0.8213281810003537,True,True
m05-chat_dpr2_light_V03,m05-chat_dpr2_light,m05-chat,mobile,2,light,V03,jpeg,85,1.0,780,1688,124872,0.758731,chromium,tesseract5,ok,0.9157894736842105,"{""0.3"": {""matched"": 20, ""n_gt"": 26, ""n_pred"": 23}, ""0.5"": {""matched"": 20, ""n_gt"": 26, ""n_pred"": 23}, ""0.7"": {""matched"": 20, ""n_gt"": 26, ""n_pred"": 23}}",23,0,0,0.8599675290006417,True,True
m05-chat_dpr2_light_V04,m05-chat_dpr2_light,m05-chat,mobile,2,light,V04,jpeg,75,1.0,780,1688,98751,0.600018,chromium,tesseract5,ok,0.9090909090909091,"{""0.3"": {""matched"": 21, ""n_gt"": 26, ""n_pred"": 23}, ""0.5"": {""matched"": 21, ""n_gt"": 26, ""n_pred"": 23}, ""0.7"": {""matched"": 21, ""n_gt"": 26, ""n_pred"": 23}}",23,0,0,0.7709366949993637,True,True
m05-chat_dpr2_light_V05,m05-chat_dpr2_light,m05-chat,mobile,2,light,V05,jpeg,60,1.0,780,1688,80945,0.491828,chromium,tesseract5,ok,0.9157894736842105,"{""0.3"": {""matched"": 20, ""n_gt"": 26, ""n_pred"": 23}, ""0.5"": {""matched"": 20, ""n_gt"": 26, ""n_pred"": 23}, ""0.7"": {""matched"": 20, ""n_gt"": 26, ""n_pred"": 23}}",23,0,0,0.8350566939998316,True,True
m05-chat_dpr2_light_V06,m05-chat_dpr2_light,m05-chat,mobile,2,light,V06,jpeg,85,1.0,780,1688,175156,1.064261,chromium,tesseract5,ok,0.9304812834224598,"{""0.3"": {""matched"": 21, ""n_gt"": 26, ""n_pred"": 23}, ""0.5"": {""matched"": 21, ""n_gt"": 26, ""n_pred"": 23}, ""0.7"": {""matched"": 21, ""n_gt"": 26, ""n_pred"": 23}}",23,0,0,0.7655394379999052,True,True
m05-chat_dpr2_light_V07,m05-chat_dpr2_light,m05-chat,mobile,2,light,V07,webp,90,1.0,780,1688,83430,0.506927,chromium,tesseract5,ok,0.9090909090909091,"{""0.3"": {""matched"": 21, ""n_gt"": 26, ""n_pred"": 23}, ""0.5"": {""matched"": 21, ""n_gt"": 26, ""n_pred"": 23}, ""0.7"": {""matched"": 21, ""n_gt"": 26, ""n_pred"": 23}}",23,0,0,0.8013201760004449,True,True
m05-chat_dpr2_light_V08,m05-chat_dpr2_light,m05-chat,mobile,2,light,V08,webp,75,1.0,780,1688,53676,0.326139,chromium,tesseract5,ok,0.925531914893617,"{""0.3"": {""matched"": 21, ""n_gt"": 26, ""n_pred"": 23}, ""0.5"": {""matched"": 21, ""n_gt"": 26, ""n_pred"": 23}, ""0.7"": {""matched"": 21, ""n_gt"": 26, ""n_pred"": 23}}",23,0,0,0.8185624960005953,True,True
m05-chat_dpr2_light_V09,m05-chat_dpr2_light,m05-chat,mobile,2,light,V09,webp,50,1.0,780,1688,43970,0.267165,chromium,tesseract5,ok,0.925531914893617,"{""0.3"": {""matched"": 21, ""n_gt"": 26, ""n_pred"": 23}, ""0.5"": {""matched"": 21, ""n_gt"": 26, ""n_pred"": 23}, ""0.7"": {""matched"": 21, ""n_gt"": 26, ""n_pred"": 23}}",23,0,0,0.8072197070005132,True,True
m05-chat_dpr2_light_V10,m05-chat_dpr2_light,m05-chat,mobile,2,light,V10,avif,80,1.0,780,1688,51376,0.312164,chromium,tesseract5,ok,0.8994708994708994,"{""0.3"": {""matched"": 20, ""n_gt"": 26, ""n_pred"": 23}, ""0.5"": {""matched"": 20, ""n_gt"": 26, ""n_pred"": 23}, ""0.7"": {""matched"": 20, ""n_gt"": 26, ""n_pred"": 23}}",23,0,0,0.7601104719997238,True,True
m05-chat_dpr2_light_V11,m05-chat_dpr2_light,m05-chat,mobile,2,light,V11,avif,60,1.0,780,1688,36025,0.218891,chromium,tesseract5,ok,0.8994708994708994,"{""0.3"": {""matched"": 20, ""n_gt"": 26, ""n_pred"": 23}, ""0.5"": {""matched"": 20, ""n_gt"": 26, ""n_pred"": 23}, ""0.7"": {""matched"": 20, ""n_gt"": 26, ""n_pred"": 23}}",23,0,0,0.7808987270000216,True,True
m05-chat_dpr2_light_V12,m05-chat_dpr2_light,m05-chat,mobile,2,light,V12,png,,0.5,390,844,89958,2.186365,chromium,tesseract5,ok,0.7597765363128491,"{""0.3"": {""matched"": 21, ""n_gt"": 26, ""n_pred"": 23}, ""0.5"": {""matched"": 20, ""n_gt"": 26, ""n_pred"": 23}, ""0.7"": {""matched"": 20, ""n_gt"": 26, ""n_pred"": 23}}",23,0,0,0.4619675700005246,True,True
m05-chat_dpr2_light_V13,m05-chat_dpr2_light,m05-chat,mobile,2,light,V13,jpeg,75,0.5,390,844,39582,0.962012,chromium,tesseract5,ok,0.7052023121387283,"{""0.3"": {""matched"": 19, ""n_gt"": 26, ""n_pred"": 22}, ""0.5"": {""matched"": 16, ""n_gt"": 26, ""n_pred"": 22}, ""0.7"": {""matched"": 16, ""n_gt"": 26, ""n_pred"": 22}}",22,0,0,0.4579560309994122,True,True
m05-chat_dpr3_dark_V00,m05-chat_dpr3_dark,m05-chat,mobile,3,dark,V00,png,,1.0,1170,2532,193687,0.523047,chromium,tesseract5,ok,0.7926829268292682,"{""0.3"": {""matched"": 14, ""n_gt"": 26, ""n_pred"": 17}, ""0.5"": {""matched"": 14, ""n_gt"": 26, ""n_pred"": 17}, ""0.7"": {""matched"": 14, ""n_gt"": 26, ""n_pred"": 17}}",17,0,0,0.8870678829998724,True,True
m05-chat_dpr3_dark_V02,m05-chat_dpr3_dark,m05-chat,mobile,3,dark,V02,jpeg,95,1.0,1170,2532,342688,0.925421,chromium,tesseract5,ok,0.787878787878788,"{""0.3"": {""matched"": 14, ""n_gt"": 26, ""n_pred"": 17}, ""0.5"": {""matched"": 14, ""n_gt"": 26, ""n_pred"": 17}, ""0.7"": {""matched"": 14, ""n_gt"": 26, ""n_pred"": 17}}",17,0,0,1.0555229920000784,True,True
m05-chat_dpr3_dark_V03,m05-chat_dpr3_dark,m05-chat,mobile,3,dark,V03,jpeg,85,1.0,1170,2532,222286,0.600278,chromium,tesseract5,ok,0.787878787878788,"{""0.3"": {""matched"": 14, ""n_gt"": 26, ""n_pred"": 17}, ""0.5"": {""matched"": 14, ""n_gt"": 26, ""n_pred"": 17}, ""0.7"": {""matched"": 14, ""n_gt"": 26, ""n_pred"": 17}}",17,0,0,1.033994647000327,True,True
m05-chat_dpr3_dark_V04,m05-chat_dpr3_dark,m05-chat,mobile,3,dark,V04,jpeg,75,1.0,1170,2532,180398,0.487161,chromium,tesseract5,ok,0.7926829268292682,"{""0.3"": {""matched"": 14, ""n_gt"": 26, ""n_pred"": 17}, ""0.5"": {""matched"": 14, ""n_gt"": 26, ""n_pred"": 17}, ""0.7"": {""matched"": 14, ""n_gt"": 26, ""n_pred"": 17}}",17,0,0,0.9986818350007525,True,True
m05-chat_dpr3_dark_V05,m05-chat_dpr3_dark,m05-chat,mobile,3,dark,V05,jpeg,60,1.0,1170,2532,149063,0.402541,chromium,tesseract5,ok,0.787878787878788,"{""0.3"": {""matched"": 14, ""n_gt"": 26, ""n_pred"": 17}, ""0.5"": {""matched"": 14, ""n_gt"": 26, ""n_pred"": 17}, ""0.7"": {""matched"": 14, ""n_gt"": 26, ""n_pred"": 17}}",17,0,0,1.112167639999825,True,True
m05-chat_dpr3_dark_V06,m05-chat_dpr3_dark,m05-chat,mobile,3,dark,V06,jpeg,85,1.0,1170,2532,310547,0.838625,chromium,tesseract5,ok,0.7757575757575758,"{""0.3"": {""matched"": 14, ""n_gt"": 26, ""n_pred"": 17}, ""0.5"": {""matched"": 14, ""n_gt"": 26, ""n_pred"": 17}, ""0.7"": {""matched"": 14, ""n_gt"": 26, ""n_pred"": 17}}",17,0,0,1.031977869000002,True,True
m05-chat_dpr3_dark_V07,m05-chat_dpr3_dark,m05-chat,mobile,3,dark,V07,webp,90,1.0,1170,2532,128572,0.347206,chromium,tesseract5,ok,0.787878787878788,"{""0.3"": {""matched"": 14, ""n_gt"": 26, ""n_pred"": 17}, ""0.5"": {""matched"": 14, ""n_gt"": 26, ""n_pred"": 17}, ""0.7"": {""matched"": 14, ""n_gt"": 26, ""n_pred"": 17}}",17,0,0,0.9904592590000902,True,True
m05-chat_dpr3_dark_V08,m05-chat_dpr3_dark,m05-chat,mobile,3,dark,V08,webp,75,1.0,1170,2532,80086,0.21627,chromium,tesseract5,ok,0.787878787878788,"{""0.3"": {""matched"": 14, ""n_gt"": 26, ""n_pred"": 17}, ""0.5"": {""matched"": 14, ""n_gt"": 26, ""n_pred"": 17}, ""0.7"": {""matched"": 14, ""n_gt"": 26, ""n_pred"": 17}}",17,0,0,1.0563896149997163,True,True
m05-chat_dpr3_dark_V09,m05-chat_dpr3_dark,m05-chat,mobile,3,dark,V09,webp,50,1.0,1170,2532,64852,0.175131,chromium,tesseract5,ok,0.787878787878788,"{""0.3"": {""matched"": 14, ""n_gt"": 26, ""n_pred"": 17}, ""0.5"": {""matched"": 14, ""n_gt"": 26, ""n_pred"": 17}, ""0.7"": {""matched"": 14, ""n_gt"": 26, ""n_pred"": 17}}",17,0,0,1.1883446190004179,True,True
m05-chat_dpr3_dark_V10,m05-chat_dpr3_dark,m05-chat,mobile,3,dark,V10,avif,80,1.0,1170,2532,76440,0.206424,chromium,tesseract5,ok,0.787878787878788,"{""0.3"": {""matched"": 14, ""n_gt"": 26, ""n_pred"": 17}, ""0.5"": {""matched"": 14, ""n_gt"": 26, ""n_pred"": 17}, ""0.7"": {""matched"": 14, ""n_gt"": 26, ""n_pred"": 17}}",17,0,0,1.0095657290003146,True,True
m05-chat_dpr3_dark_V11,m05-chat_dpr3_dark,m05-chat,mobile,3,dark,V11,avif,60,1.0,1170,2532,52822,0.142645,chromium,tesseract5,ok,0.7926829268292682,"{""0.3"": {""matched"": 14, ""n_gt"": 26, ""n_pred"": 17}, ""0.5"": {""matched"": 14, ""n_gt"": 26, ""n_pred"": 17}, ""0.7"": {""matched"": 14, ""n_gt"": 26, ""n_pred"": 17}}",17,0,0,1.0425198769999042,True,True
m05-chat_dpr3_dark_V12,m05-chat_dpr3_dark,m05-chat,mobile,3,dark,V12,png,,0.5,585,1266,175279,1.893347,chromium,tesseract5,ok,0.7777777777777778,"{""0.3"": {""matched"": 15, ""n_gt"": 26, ""n_pred"": 17}, ""0.5"": {""matched"": 14, ""n_gt"": 26, ""n_pred"": 17}, ""0.7"": {""matched"": 14, ""n_gt"": 26, ""n_pred"": 17}}",17,0,0,0.6798571340004855,True,True
m05-chat_dpr3_dark_V13,m05-chat_dpr3_dark,m05-chat,mobile,3,dark,V13,jpeg,75,0.5,585,1266,67116,0.724981,chromium,tesseract5,ok,0.7730061349693251,"{""0.3"": {""matched"": 15, ""n_gt"": 26, ""n_pred"": 17}, ""0.5"": {""matched"": 14, ""n_gt"": 26, ""n_pred"": 17}, ""0.7"": {""matched"": 14, ""n_gt"": 26, ""n_pred"": 17}}",17,0,0,0.7805520430001707,True,True
m05-chat_dpr3_light_V00,m05-chat_dpr3_light,m05-chat,mobile,3,light,V00,png,,1.0,1170,2532,191237,0.516431,chromium,tesseract5,ok,0.9473684210526315,"{""0.3"": {""matched"": 19, ""n_gt"": 26, ""n_pred"": 22}, ""0.5"": {""matched"": 19, ""n_gt"": 26, ""n_pred"": 22}, ""0.7"": {""matched"": 19, ""n_gt"": 26, ""n_pred"": 22}}",22,0,0,0.8447476289993574,True,True
m05-chat_dpr3_light_V02,m05-chat_dpr3_light,m05-chat,mobile,3,light,V02,jpeg,95,1.0,1170,2532,352533,0.952007,chromium,tesseract5,ok,0.9424083769633509,"{""0.3"": {""matched"": 18, ""n_gt"": 26, ""n_pred"": 22}, ""0.5"": {""matched"": 18, ""n_gt"": 26, ""n_pred"": 22}, ""0.7"": {""matched"": 18, ""n_gt"": 26, ""n_pred"": 22}}",22,0,0,1.1109875920001286,True,True
m05-chat_dpr3_light_V03,m05-chat_dpr3_light,m05-chat,mobile,3,light,V03,jpeg,85,1.0,1170,2532,228871,0.618061,chromium,tesseract5,ok,0.9417989417989417,"{""0.3"": {""matched"": 19, ""n_gt"": 26, ""n_pred"": 22}, ""0.5"": {""matched"": 19, ""n_gt"": 26, ""n_pred"": 22}, ""0.7"": {""matched"": 19, ""n_gt"": 26, ""n_pred"": 22}}",22,0,0,1.0766858229999343,True,True
m05-chat_dpr3_light_V04,m05-chat_dpr3_light,m05-chat,mobile,3,light,V04,jpeg,75,1.0,1170,2532,184827,0.499121,chromium,tesseract5,ok,0.9417989417989417,"{""0.3"": {""matched"": 19, ""n_gt"": 26, ""n_pred"": 22}, ""0.5"": {""matched"": 19, ""n_gt"": 26, ""n_pred"": 22}, ""0.7"": {""matched"": 19, ""n_gt"": 26, ""n_pred"": 22}}",22,0,0,1.1591193780004687,True,True
m05-chat_dpr3_light_V05,m05-chat_dpr3_light,m05-chat,mobile,3,light,V05,jpeg,60,1.0,1170,2532,153852,0.415474,chromium,tesseract5,ok,0.9417989417989417,"{""0.3"": {""matched"": 19, ""n_gt"": 26, ""n_pred"": 22}, ""0.5"": {""matched"": 19, ""n_gt"": 26, ""n_pred"": 22}, ""0.7"": {""matched"": 19, ""n_gt"": 26, ""n_pred"": 22}}",22,0,0,1.1194326210006693,True,True
m05-chat_dpr3_light_V06,m05-chat_dpr3_light,m05-chat,mobile,3,light,V06,jpeg,85,1.0,1170,2532,323570,0.873793,chromium,tesseract5,ok,0.9417989417989417,"{""0.3"": {""matched"": 19, ""n_gt"": 26, ""n_pred"": 22}, ""0.5"": {""matched"": 19, ""n_gt"": 26, ""n_pred"": 22}, ""0.7"": {""matched"": 19, ""n_gt"": 26, ""n_pred"": 22}}",22,0,0,0.9334151040002325,True,True
m05-chat_dpr3_light_V07,m05-chat_dpr3_light,m05-chat,mobile,3,light,V07,webp,90,1.0,1170,2532,134100,0.362134,chromium,tesseract5,ok,0.9473684210526315,"{""0.3"": {""matched"": 19, ""n_gt"": 26, ""n_pred"": 22}, ""0.5"": {""matched"": 19, ""n_gt"": 26, ""n_pred"": 22}, ""0.7"": {""matched"": 19, ""n_gt"": 26, ""n_pred"": 22}}",22,0,0,0.9726749669998753,True,True
m05-chat_dpr3_light_V08,m05-chat_dpr3_light,m05-chat,mobile,3,light,V08,webp,75,1.0,1170,2532,84860,0.229162,chromium,tesseract5,ok,0.9473684210526315,"{""0.3"": {""matched"": 19, ""n_gt"": 26, ""n_pred"": 22}, ""0.5"": {""matched"": 19, ""n_gt"": 26, ""n_pred"": 22}, ""0.7"": {""matched"": 19, ""n_gt"": 26, ""n_pred"": 22}}",22,0,0,1.0490746119994583,True,True
m05-chat_dpr3_light_V09,m05-chat_dpr3_light,m05-chat,mobile,3,light,V09,webp,50,1.0,1170,2532,69628,0.188029,chromium,tesseract5,ok,0.9473684210526315,"{""0.3"": {""matched"": 19, ""n_gt"": 26, ""n_pred"": 22}, ""0.5"": {""matched"": 19, ""n_gt"": 26, ""n_pred"": 22}, ""0.7"": {""matched"": 19, ""n_gt"": 26, ""n_pred"": 22}}",22,0,0,1.0131770280004275,True,True
m05-chat_dpr3_light_V10,m05-chat_dpr3_light,m05-chat,mobile,3,light,V10,avif,80,1.0,1170,2532,77697,0.209819,chromium,tesseract5,ok,0.9473684210526315,"{""0.3"": {""matched"": 19, ""n_gt"": 26, ""n_pred"": 22}, ""0.5"": {""matched"": 19, ""n_gt"": 26, ""n_pred"": 22}, ""0.7"": {""matched"": 19, ""n_gt"": 26, ""n_pred"": 22}}",22,0,0,1.0965848559999358,True,True
m05-chat_dpr3_light_V11,m05-chat_dpr3_light,m05-chat,mobile,3,light,V11,avif,60,1.0,1170,2532,53869,0.145472,chromium,tesseract5,ok,0.9473684210526315,"{""0.3"": {""matched"": 19, ""n_gt"": 26, ""n_pred"": 22}, ""0.5"": {""matched"": 19, ""n_gt"": 26, ""n_pred"": 22}, ""0.7"": {""matched"": 19, ""n_gt"": 26, ""n_pred"": 22}}",22,0,0,1.1638881069993658,True,True
m05-chat_dpr3_light_V12,m05-chat_dpr3_light,m05-chat,mobile,3,light,V12,png,,0.5,585,1266,169956,1.835849,chromium,tesseract5,ok,0.9206349206349206,"{""0.3"": {""matched"": 18, ""n_gt"": 26, ""n_pred"": 22}, ""0.5"": {""matched"": 18, ""n_gt"": 26, ""n_pred"": 22}, ""0.7"": {""matched"": 18, ""n_gt"": 26, ""n_pred"": 22}}",22,0,0,0.7099261430003025,True,True
m05-chat_dpr3_light_V13,m05-chat_dpr3_light,m05-chat,mobile,3,light,V13,jpeg,75,0.5,585,1266,69221,0.747719,chromium,tesseract5,ok,0.9417989417989417,"{""0.3"": {""matched"": 19, ""n_gt"": 26, ""n_pred"": 22}, ""0.5"": {""matched"": 19, ""n_gt"": 26, ""n_pred"": 22}, ""0.7"": {""matched"": 19, ""n_gt"": 26, ""n_pred"": 22}}",22,0,0,0.6985562939998999,True,True
d01-dashboard_dpr1_dark_V00,d01-dashboard_dpr1_dark,d01-dashboard,desktop,1,dark,V00,png,,1.0,1280,800,73416,0.573562,chromium,windows_ocr,ok,0.7713004484304933,"{""0.3"": {""matched"": 51, ""n_gt"": 63, ""n_pred"": 53}, ""0.5"": {""matched"": 51, ""n_gt"": 63, ""n_pred"": 53}, ""0.7"": {""matched"": 51, ""n_gt"": 63, ""n_pred"": 53}}",53,0,0,0.058548000000882894,True,True
d01-dashboard_dpr1_dark_V02,d01-dashboard_dpr1_dark,d01-dashboard,desktop,1,dark,V02,jpeg,95,1.0,1280,800,120706,0.943016,chromium,windows_ocr,ok,0.7873303167420815,"{""0.3"": {""matched"": 51, ""n_gt"": 63, ""n_pred"": 52}, ""0.5"": {""matched"": 51, ""n_gt"": 63, ""n_pred"": 52}, ""0.7"": {""matched"": 51, ""n_gt"": 63, ""n_pred"": 52}}",52,0,0,0.05327860001125373,True,True
d01-dashboard_dpr1_dark_V03,d01-dashboard_dpr1_dark,d01-dashboard,desktop,1,dark,V03,jpeg,85,1.0,1280,800,79053,0.617602,chromium,windows_ocr,ok,0.7312775330396476,"{""0.3"": {""matched"": 51, ""n_gt"": 63, ""n_pred"": 53}, ""0.5"": {""matched"": 51, ""n_gt"": 63, ""n_pred"": 53}, ""0.7"": {""matched"": 50, ""n_gt"": 63, ""n_pred"": 53}}",53,0,0,0.058977400010917336,True,True
d01-dashboard_dpr1_dark_V04,d01-dashboard_dpr1_dark,d01-dashboard,desktop,1,dark,V04,jpeg,75,1.0,1280,800,64255,0.501992,chromium,windows_ocr,ok,0.7161572052401747,"{""0.3"": {""matched"": 52, ""n_gt"": 63, ""n_pred"": 53}, ""0.5"": {""matched"": 52, ""n_gt"": 63, ""n_pred"": 53}, ""0.7"": {""matched"": 46, ""n_gt"": 63, ""n_pred"": 53}}",53,0,0,0.05747339999652468,True,True
d01-dashboard_dpr1_dark_V05,d01-dashboard_dpr1_dark,d01-dashboard,desktop,1,dark,V05,jpeg,60,1.0,1280,800,53000,0.414062,chromium,windows_ocr,ok,0.7174887892376681,"{""0.3"": {""matched"": 51, ""n_gt"": 63, ""n_pred"": 52}, ""0.5"": {""matched"": 50, ""n_gt"": 63, ""n_pred"": 52}, ""0.7"": {""matched"": 49, ""n_gt"": 63, ""n_pred"": 52}}",52,0,0,0.09099310002056882,True,True
d01-dashboard_dpr1_dark_V06,d01-dashboard_dpr1_dark,d01-dashboard,desktop,1,dark,V06,jpeg,85,1.0,1280,800,111149,0.868352,chromium,windows_ocr,ok,0.7248908296943233,"{""0.3"": {""matched"": 51, ""n_gt"": 63, ""n_pred"": 53}, ""0.5"": {""matched"": 51, ""n_gt"": 63, ""n_pred"": 53}, ""0.7"": {""matched"": 51, ""n_gt"": 63, ""n_pred"": 53}}",53,0,0,0.058008699998026714,True,True
d01-dashboard_dpr1_dark_V07,d01-dashboard_dpr1_dark,d01-dashboard,desktop,1,dark,V07,webp,90,1.0,1280,800,46776,0.365438,chromium,windows_ocr,ok,0.7533632286995515,"{""0.3"": {""matched"": 52, ""n_gt"": 63, ""n_pred"": 53}, ""0.5"": {""matched"": 52, ""n_gt"": 63, ""n_pred"": 53}, ""0.7"": {""matched"": 51, ""n_gt"": 63, ""n_pred"": 53}}",53,0,0,0.06358019998879172,True,True
d01-dashboard_dpr1_dark_V08,d01-dashboard_dpr1_dark,d01-dashboard,desktop,1,dark,V08,webp,75,1.0,1280,800,30498,0.238266,chromium,windows_ocr,ok,0.7623318385650225,"{""0.3"": {""matched"": 50, ""n_gt"": 63, ""n_pred"": 52}, ""0.5"": {""matched"": 50, ""n_gt"": 63, ""n_pred"": 52}, ""0.7"": {""matched"": 49, ""n_gt"": 63, ""n_pred"": 52}}",52,0,0,0.06919460001518019,True,True
d01-dashboard_dpr1_dark_V09,d01-dashboard_dpr1_dark,d01-dashboard,desktop,1,dark,V09,webp,50,1.0,1280,800,25222,0.197047,chromium,windows_ocr,ok,0.7433628318584071,"{""0.3"": {""matched"": 51, ""n_gt"": 63, ""n_pred"": 53}, ""0.5"": {""matched"": 51, ""n_gt"": 63, ""n_pred"": 53}, ""0.7"": {""matched"": 51, ""n_gt"": 63, ""n_pred"": 53}}",53,0,0,0.07320539999636821,True,True
d01-dashboard_dpr1_dark_V10,d01-dashboard_dpr1_dark,d01-dashboard,desktop,1,dark,V10,avif,80,1.0,1280,800,31095,0.24293,chromium,windows_ocr,ok,0.7610619469026548,"{""0.3"": {""matched"": 51, ""n_gt"": 63, ""n_pred"": 54}, ""0.5"": {""matched"": 51, ""n_gt"": 63, ""n_pred"": 54}, ""0.7"": {""matched"": 51, ""n_gt"": 63, ""n_pred"": 54}}",54,0,0,0.08393150000483729,True,True
d01-dashboard_dpr1_dark_V11,d01-dashboard_dpr1_dark,d01-dashboard,desktop,1,dark,V11,avif,60,1.0,1280,800,22099,0.172648,chromium,windows_ocr,ok,0.776255707762557,"{""0.3"": {""matched"": 50, ""n_gt"": 63, ""n_pred"": 51}, ""0.5"": {""matched"": 50, ""n_gt"": 63, ""n_pred"": 51}, ""0.7"": {""matched"": 49, ""n_gt"": 63, ""n_pred"": 51}}",51,0,0,0.06147639997652732,True,True
d01-dashboard_dpr1_dark_V12,d01-dashboard_dpr1_dark,d01-dashboard,desktop,1,dark,V12,png,,0.5,640,400,66396,2.074875,chromium,windows_ocr,ok,0.09756097560975609,"{""0.3"": {""matched"": 6, ""n_gt"": 63, ""n_pred"": 7}, ""0.5"": {""matched"": 6, ""n_gt"": 63, ""n_pred"": 7}, ""0.7"": {""matched"": 6, ""n_gt"": 63, ""n_pred"": 7}}",7,0,0,0.01623559999279678,True,True
d01-dashboard_dpr1_dark_V13,d01-dashboard_dpr1_dark,d01-dashboard,desktop,1,dark,V13,jpeg,75,0.5,640,400,21378,0.668063,chromium,windows_ocr,ok,0.08064516129032258,"{""0.3"": {""matched"": 6, ""n_gt"": 63, ""n_pred"": 6}, ""0.5"": {""matched"": 6, ""n_gt"": 63, ""n_pred"": 6}, ""0.7"": {""matched"": 6, ""n_gt"": 63, ""n_pred"": 6}}",6,0,0,0.018642399983946234,True,True
d01-dashboard_dpr1_light_V00,d01-dashboard_dpr1_light,d01-dashboard,desktop,1,light,V00,png,,1.0,1280,800,72672,0.56775,chromium,windows_ocr,ok,0.7909090909090909,"{""0.3"": {""matched"": 51, ""n_gt"": 63, ""n_pred"": 51}, ""0.5"": {""matched"": 51, ""n_gt"": 63, ""n_pred"": 51}, ""0.7"": {""matched"": 47, ""n_gt"": 63, ""n_pred"": 51}}",51,0,0,0.05284040002152324,True,True
d01-dashboard_dpr1_light_V02,d01-dashboard_dpr1_light,d01-dashboard,desktop,1,light,V02,jpeg,95,1.0,1280,800,124624,0.973625,chromium,windows_ocr,ok,0.7747747747747749,"{""0.3"": {""matched"": 51, ""n_gt"": 63, ""n_pred"": 51}, ""0.5"": {""matched"": 51, ""n_gt"": 63, ""n_pred"": 51}, ""0.7"": {""matched"": 47, ""n_gt"": 63, ""n_pred"": 51}}",51,0,0,0.058860299992375076,True,True
d01-dashboard_dpr1_light_V03,d01-dashboard_dpr1_light,d01-dashboard,desktop,1,light,V03,jpeg,85,1.0,1280,800,81700,0.638281,chromium,windows_ocr,ok,0.7511312217194571,"{""0.3"": {""matched"": 50, ""n_gt"": 63, ""n_pred"": 50}, ""0.5"": {""matched"": 50, ""n_gt"": 63, ""n_pred"": 50}, ""0.7"": {""matched"": 47, ""n_gt"": 63, ""n_pred"": 50}}",50,0,0,0.056958100001793355,True,True
d01-dashboard_dpr1_light_V04,d01-dashboard_dpr1_light,d01-dashboard,desktop,1,light,V04,jpeg,75,1.0,1280,800,66482,0.519391,chromium,windows_ocr,ok,0.7927927927927927,"{""0.3"": {""matched"": 51, ""n_gt"": 63, ""n_pred"": 51}, ""0.5"": {""matched"": 51, ""n_gt"": 63, ""n_pred"": 51}, ""0.7"": {""matched"": 49, ""n_gt"": 63, ""n_pred"": 51}}",51,0,0,0.05694280000170693,True,True
d01-dashboard_dpr1_light_V05,d01-dashboard_dpr1_light,d01-dashboard,desktop,1,light,V05,jpeg,60,1.0,1280,800,55460,0.433281,chromium,windows_ocr,ok,0.7644444444444444,"{""0.3"": {""matched"": 51, ""n_gt"": 63, ""n_pred"": 51}, ""0.5"": {""matched"": 51, ""n_gt"": 63, ""n_pred"": 51}, ""0.7"": {""matched"": 49, ""n_gt"": 63, ""n_pred"": 51}}",51,0,0,0.07586799998534843,True,True
d01-dashboard_dpr1_light_V06,d01-dashboard_dpr1_light,d01-dashboard,desktop,1,light,V06,jpeg,85,1.0,1280,800,116916,0.913406,chromium,windows_ocr,ok,0.7802690582959642,"{""0.3"": {""matched"": 53, ""n_gt"": 63, ""n_pred"": 54}, ""0.5"": {""matched"": 53, ""n_gt"": 63, ""n_pred"": 54}, ""0.7"": {""matched"": 51, ""n_gt"": 63, ""n_pred"": 54}}",54,0,0,0.07140009998693131,True,True
d01-dashboard_dpr1_light_V07,d01-dashboard_dpr1_light,d01-dashboard,desktop,1,light,V07,webp,90,1.0,1280,800,48016,0.375125,chromium,windows_ocr,ok,0.75,"{""0.3"": {""matched"": 51, ""n_gt"": 63, ""n_pred"": 51}, ""0.5"": {""matched"": 51, ""n_gt"": 63, ""n_pred"": 51}, ""0.7"": {""matched"": 48, ""n_gt"": 63, ""n_pred"": 51}}",51,0,0,0.09186380001483485,True,True
d01-dashboard_dpr1_light_V08,d01-dashboard_dpr1_light,d01-dashboard,desktop,1,light,V08,webp,75,1.0,1280,800,31934,0.249484,chromium,windows_ocr,ok,0.8125,"{""0.3"": {""matched"": 51, ""n_gt"": 63, ""n_pred"": 53}, ""0.5"": {""matched"": 51, ""n_gt"": 63, ""n_pred"": 53}, ""0.7"": {""matched"": 47, ""n_gt"": 63, ""n_pred"": 53}}",53,0,0,0.06859110001823865,True,True
d01-dashboard_dpr1_light_V09,d01-dashboard_dpr1_light,d01-dashboard,desktop,1,light,V09,webp,50,1.0,1280,800,26486,0.206922,chromium,windows_ocr,ok,0.7699115044247786,"{""0.3"": {""matched"": 54, ""n_gt"": 63, ""n_pred"": 54}, ""0.5"": {""matched"": 54, ""n_gt"": 63, ""n_pred"": 54}, ""0.7"": {""matched"": 50, ""n_gt"": 63, ""n_pred"": 54}}",54,0,0,0.06319049999001436,True,True
d01-dashboard_dpr1_light_V10,d01-dashboard_dpr1_light,d01-dashboard,desktop,1,light,V10,avif,80,1.0,1280,800,32413,0.253227,chromium,windows_ocr,ok,0.7601809954751132,"{""0.3"": {""matched"": 51, ""n_gt"": 63, ""n_pred"": 51}, ""0.5"": {""matched"": 51, ""n_gt"": 63, ""n_pred"": 51}, ""0.7"": {""matched"": 48, ""n_gt"": 63, ""n_pred"": 51}}",51,0,0,0.056113600003300235,True,True
d01-dashboard_dpr1_light_V11,d01-dashboard_dpr1_light,d01-dashboard,desktop,1,light,V11,avif,60,1.0,1280,800,22808,0.178187,chromium,windows_ocr,ok,0.75,"{""0.3"": {""matched"": 50, ""n_gt"": 63, ""n_pred"": 50}, ""0.5"": {""matched"": 50, ""n_gt"": 63, ""n_pred"": 50}, ""0.7"": {""matched"": 47, ""n_gt"": 63, ""n_pred"": 50}}",50,0,0,0.05704050001804717,True,True
d01-dashboard_dpr1_light_V12,d01-dashboard_dpr1_light,d01-dashboard,desktop,1,light,V12,png,,0.5,640,400,59482,1.858812,chromium,windows_ocr,ok,0.09677419354838708,"{""0.3"": {""matched"": 7, ""n_gt"": 63, ""n_pred"": 7}, ""0.5"": {""matched"": 6, ""n_gt"": 63, ""n_pred"": 7}, ""0.7"": {""matched"": 6, ""n_gt"": 63, ""n_pred"": 7}}",7,0,0,0.021213200001511723,True,True
d01-dashboard_dpr1_light_V13,d01-dashboard_dpr1_light,d01-dashboard,desktop,1,light,V13,jpeg,75,0.5,640,400,21672,0.67725,chromium,windows_ocr,ok,0.09677419354838708,"{""0.3"": {""matched"": 6, ""n_gt"": 63, ""n_pred"": 6}, ""0.5"": {""matched"": 6, ""n_gt"": 63, ""n_pred"": 6}, ""0.7"": {""matched"": 6, ""n_gt"": 63, ""n_pred"": 6}}",6,0,0,0.02476530001149513,True,True
d01-dashboard_dpr1p5_dark_V00,d01-dashboard_dpr1p5_dark,d01-dashboard,desktop,1.5,dark,V00,png,,1.0,1920,1200,124895,0.433663,chromium,windows_ocr,ok,0.8888888888888888,"{""0.3"": {""matched"": 62, ""n_gt"": 63, ""n_pred"": 64}, ""0.5"": {""matched"": 62, ""n_gt"": 63, ""n_pred"": 64}, ""0.7"": {""matched"": 62, ""n_gt"": 63, ""n_pred"": 64}}",64,0,0,0.07232440001098439,True,True
d01-dashboard_dpr1p5_dark_V02,d01-dashboard_dpr1p5_dark,d01-dashboard,desktop,1.5,dark,V02,jpeg,95,1.0,1920,1200,217858,0.756451,chromium,windows_ocr,ok,0.8841201716738197,"{""0.3"": {""matched"": 61, ""n_gt"": 63, ""n_pred"": 63}, ""0.5"": {""matched"": 61, ""n_gt"": 63, ""n_pred"": 63}, ""0.7"": {""matched"": 61, ""n_gt"": 63, ""n_pred"": 63}}",63,0,0,0.06583060001139529,True,True
d01-dashboard_dpr1p5_dark_V03,d01-dashboard_dpr1p5_dark,d01-dashboard,desktop,1.5,dark,V03,jpeg,85,1.0,1920,1200,143655,0.498802,chromium,windows_ocr,ok,0.8888888888888888,"{""0.3"": {""matched"": 62, ""n_gt"": 63, ""n_pred"": 64}, ""0.5"": {""matched"": 62, ""n_gt"": 63, ""n_pred"": 64}, ""0.7"": {""matched"": 62, ""n_gt"": 63, ""n_pred"": 64}}",64,0,0,0.06277409999165684,True,True
d01-dashboard_dpr1p5_dark_V04,d01-dashboard_dpr1p5_dark,d01-dashboard,desktop,1.5,dark,V04,jpeg,75,1.0,1920,1200,116697,0.405198,chromium,windows_ocr,ok,0.9098712446351932,"{""0.3"": {""matched"": 62, ""n_gt"": 63, ""n_pred"": 64}, ""0.5"": {""matched"": 62, ""n_gt"": 63, ""n_pred"": 64}, ""0.7"": {""matched"": 62, ""n_gt"": 63, ""n_pred"": 64}}",64,0,0,0.07022580000921153,True,True
d01-dashboard_dpr1p5_dark_V05,d01-dashboard_dpr1p5_dark,d01-dashboard,desktop,1.5,dark,V05,jpeg,60,1.0,1920,1200,97432,0.338306,chromium,windows_ocr,ok,0.9217391304347826,"{""0.3"": {""matched"": 61, ""n_gt"": 63, ""n_pred"": 62}, ""0.5"": {""matched"": 61, ""n_gt"": 63, ""n_pred"": 62}, ""0.7"": {""matched"": 60, ""n_gt"": 63, ""n_pred"": 62}}",62,0,0,0.0677717000071425,True,True
d01-dashboard_dpr1p5_dark_V06,d01-dashboard_dpr1p5_dark,d01-dashboard,desktop,1.5,dark,V06,jpeg,85,1.0,1920,1200,202450,0.702951,chromium,windows_ocr,ok,0.9012875536480687,"{""0.3"": {""matched"": 62, ""n_gt"": 63, ""n_pred"": 64}, ""0.5"": {""matched"": 62, ""n_gt"": 63, ""n_pred"": 64}, ""0.7"": {""matched"": 62, ""n_gt"": 63, ""n_pred"": 64}}",64,0,0,0.08006020000902936,True,True
d01-dashboard_dpr1p5_dark_V07,d01-dashboard_dpr1p5_dark,d01-dashboard,desktop,1.5,dark,V07,webp,90,1.0,1920,1200,81192,0.281917,chromium,windows_ocr,ok,0.8888888888888888,"{""0.3"": {""matched"": 62, ""n_gt"": 63, ""n_pred"": 64}, ""0.5"": {""matched"": 62, ""n_gt"": 63, ""n_pred"": 64}, ""0.7"": {""matched"": 62, ""n_gt"": 63, ""n_pred"": 64}}",64,0,0,0.11663389997556806,True,True
d01-dashboard_dpr1p5_dark_V08,d01-dashboard_dpr1p5_dark,d01-dashboard,desktop,1.5,dark,V08,webp,75,1.0,1920,1200,51534,0.178937,chromium,windows_ocr,ok,0.9043478260869565,"{""0.3"": {""matched"": 61, ""n_gt"": 63, ""n_pred"": 63}, ""0.5"": {""matched"": 61, ""n_gt"": 63, ""n_pred"": 63}, ""0.7"": {""matched"": 61, ""n_gt"": 63, ""n_pred"": 63}}",63,0,0,0.09066849999362603,True,True
d01-dashboard_dpr1p5_dark_V09,d01-dashboard_dpr1p5_dark,d01-dashboard,desktop,1.5,dark,V09,webp,50,1.0,1920,1200,42338,0.147007,chromium,windows_ocr,ok,0.8917748917748919,"{""0.3"": {""matched"": 61, ""n_gt"": 63, ""n_pred"": 63}, ""0.5"": {""matched"": 61, ""n_gt"": 63, ""n_pred"": 63}, ""0.7"": {""matched"": 61, ""n_gt"": 63, ""n_pred"": 63}}",63,0,0,0.078128299996024,True,True
d01-dashboard_dpr1p5_dark_V10,d01-dashboard_dpr1p5_dark,d01-dashboard,desktop,1.5,dark,V10,avif,80,1.0,1920,1200,56788,0.197181,chromium,windows_ocr,ok,0.8888888888888888,"{""0.3"": {""matched"": 62, ""n_gt"": 63, ""n_pred"": 64}, ""0.5"": {""matched"": 62, ""n_gt"": 63, ""n_pred"": 64}, ""0.7"": {""matched"": 62, ""n_gt"": 63, ""n_pred"": 64}}",64,0,0,0.07311050000134856,True,True
d01-dashboard_dpr1p5_dark_V11,d01-dashboard_dpr1p5_dark,d01-dashboard,desktop,1.5,dark,V11,avif,60,1.0,1920,1200,40260,0.139792,chromium,windows_ocr,ok,0.8755364806866952,"{""0.3"": {""matched"": 61, ""n_gt"": 63, ""n_pred"": 63}, ""0.5"": {""matched"": 61, ""n_gt"": 63, ""n_pred"": 63}, ""0.7"": {""matched"": 61, ""n_gt"": 63, ""n_pred"": 63}}",63,0,0,0.10235739999916404,True,True
d01-dashboard_dpr1p5_dark_V12,d01-dashboard_dpr1p5_dark,d01-dashboard,desktop,1.5,dark,V12,png,,0.5,960,600,112413,1.561292,chromium,windows_ocr,ok,0.21951219512195122,"{""0.3"": {""matched"": 26, ""n_gt"": 63, ""n_pred"": 31}, ""0.5"": {""matched"": 23, ""n_gt"": 63, ""n_pred"": 31}, ""0.7"": {""matched"": 20, ""n_gt"": 63, ""n_pred"": 31}}",31,0,0,0.06014009998762049,True,True
d01-dashboard_dpr1p5_dark_V13,d01-dashboard_dpr1p5_dark,d01-dashboard,desktop,1.5,dark,V13,jpeg,75,0.5,960,600,41052,0.570167,chromium,windows_ocr,ok,0.27499999999999997,"{""0.3"": {""matched"": 25, ""n_gt"": 63, ""n_pred"": 26}, ""0.5"": {""matched"": 24, ""n_gt"": 63, ""n_pred"": 26}, ""0.7"": {""matched"": 19, ""n_gt"": 63, ""n_pred"": 26}}",26,0,0,0.05025339999701828,True,True
d01-dashboard_dpr1p5_light_V00,d01-dashboard_dpr1p5_light,d01-dashboard,desktop,1.5,light,V00,png,,1.0,1920,1200,123904,0.430222,chromium,windows_ocr,ok,0.8927038626609441,"{""0.3"": {""matched"": 62, ""n_gt"": 63, ""n_pred"": 63}, ""0.5"": {""matched"": 62, ""n_gt"": 63, ""n_pred"": 63}, ""0.7"": {""matched"": 62, ""n_gt"": 63, ""n_pred"": 63}}",63,0,0,0.08387040000525303,True,True
d01-dashboard_dpr1p5_light_V02,d01-dashboard_dpr1p5_light,d01-dashboard,desktop,1.5,light,V02,jpeg,95,1.0,1920,1200,226374,0.786021,chromium,windows_ocr,ok,0.8965517241379309,"{""0.3"": {""matched"": 61, ""n_gt"": 63, ""n_pred"": 62}, ""0.5"": {""matched"": 61, ""n_gt"": 63, ""n_pred"": 62}, ""0.7"": {""matched"": 61, ""n_gt"": 63, ""n_pred"": 62}}",62,0,0,0.08174409999628551,True,True
d01-dashboard_dpr1p5_light_V03,d01-dashboard_dpr1p5_light,d01-dashboard,desktop,1.5,light,V03,jpeg,85,1.0,1920,1200,150234,0.521646,chromium,windows_ocr,ok,0.8888888888888888,"{""0.3"": {""matched"": 62, ""n_gt"": 63, ""n_pred"": 63}, ""0.5"": {""matched"": 62, ""n_gt"": 63, ""n_pred"": 63}, ""0.7"": {""matched"": 62, ""n_gt"": 63, ""n_pred"": 63}}",63,0,0,0.12049249999108724,True,True
d01-dashboard_dpr1p5_light_V04,d01-dashboard_dpr1p5_light,d01-dashboard,desktop,1.5,light,V04,jpeg,75,1.0,1920,1200,122072,0.423861,chromium,windows_ocr,ok,0.9051724137931034,"{""0.3"": {""matched"": 62, ""n_gt"": 63, ""n_pred"": 63}, ""0.5"": {""matched"": 62, ""n_gt"": 63, ""n_pred"": 63}, ""0.7"": {""matched"": 62, ""n_gt"": 63, ""n_pred"": 63}}",63,0,0,0.07962750000297092,True,True
d01-dashboard_dpr1p5_light_V05,d01-dashboard_dpr1p5_light,d01-dashboard,desktop,1.5,light,V05,jpeg,60,1.0,1920,1200,101932,0.353931,chromium,windows_ocr,ok,0.8927038626609441,"{""0.3"": {""matched"": 61, ""n_gt"": 63, ""n_pred"": 61}, ""0.5"": {""matched"": 61, ""n_gt"": 63, ""n_pred"": 61}, ""0.7"": {""matched"": 58, ""n_gt"": 63, ""n_pred"": 61}}",61,0,0,0.09382730000652373,True,True
d01-dashboard_dpr1p5_light_V06,d01-dashboard_dpr1p5_light,d01-dashboard,desktop,1.5,light,V06,jpeg,85,1.0,1920,1200,213071,0.73983,chromium,windows_ocr,ok,0.9051724137931034,"{""0.3"": {""matched"": 62, ""n_gt"": 63, ""n_pred"": 63}, ""0.5"": {""matched"": 62, ""n_gt"": 63, ""n_pred"": 63}, ""0.7"": {""matched"": 62, ""n_gt"": 63, ""n_pred"": 63}}",63,0,0,0.08957760001067072,True,True
d01-dashboard_dpr1p5_light_V07,d01-dashboard_dpr1p5_light,d01-dashboard,desktop,1.5,light,V07,webp,90,1.0,1920,1200,83020,0.288264,chromium,windows_ocr,ok,0.8927038626609441,"{""0.3"": {""matched"": 62, ""n_gt"": 63, ""n_pred"": 63}, ""0.5"": {""matched"": 62, ""n_gt"": 63, ""n_pred"": 63}, ""0.7"": {""matched"": 62, ""n_gt"": 63, ""n_pred"": 63}}",63,0,0,0.09522429999196902,True,True
d01-dashboard_dpr1p5_light_V08,d01-dashboard_dpr1p5_light,d01-dashboard,desktop,1.5,light,V08,webp,75,1.0,1920,1200,54068,0.187736,chromium,windows_ocr,ok,0.8841201716738197,"{""0.3"": {""matched"": 61, ""n_gt"": 63, ""n_pred"": 62}, ""0.5"": {""matched"": 61, ""n_gt"": 63, ""n_pred"": 62}, ""0.7"": {""matched"": 61, ""n_gt"": 63, ""n_pred"": 62}}",62,0,0,0.10727930002030917,True,True
d01-dashboard_dpr1p5_light_V09,d01-dashboard_dpr1p5_light,d01-dashboard,desktop,1.5,light,V09,webp,50,1.0,1920,1200,44676,0.155125,chromium,windows_ocr,ok,0.8927038626609441,"{""0.3"": {""matched"": 62, ""n_gt"": 63, ""n_pred"": 63}, ""0.5"": {""matched"": 62, ""n_gt"": 63, ""n_pred"": 63}, ""0.7"": {""matched"": 62, ""n_gt"": 63, ""n_pred"": 63}}",63,0,0,0.07330849999561906,True,True
d01-dashboard_dpr1p5_light_V10,d01-dashboard_dpr1p5_light,d01-dashboard,desktop,1.5,light,V10,avif,80,1.0,1920,1200,59819,0.207705,chromium,windows_ocr,ok,0.8755364806866952,"{""0.3"": {""matched"": 62, ""n_gt"": 63, ""n_pred"": 63}, ""0.5"": {""matched"": 62, ""n_gt"": 63, ""n_pred"": 63}, ""0.7"": {""matched"": 62, ""n_gt"": 63, ""n_pred"": 63}}",63,0,0,0.06822399998782203,True,True
d01-dashboard_dpr1p5_light_V11,d01-dashboard_dpr1p5_light,d01-dashboard,desktop,1.5,light,V11,avif,60,1.0,1920,1200,41647,0.144608,chromium,windows_ocr,ok,0.8917748917748919,"{""0.3"": {""matched"": 61, ""n_gt"": 63, ""n_pred"": 62}, ""0.5"": {""matched"": 61, ""n_gt"": 63, ""n_pred"": 62}, ""0.7"": {""matched"": 61, ""n_gt"": 63, ""n_pred"": 62}}",62,0,0,0.10196820000419393,True,True
d01-dashboard_dpr1p5_light_V12,d01-dashboard_dpr1p5_light,d01-dashboard,desktop,1.5,light,V12,png,,0.5,960,600,102671,1.425986,chromium,windows_ocr,ok,0.20930232558139536,"{""0.3"": {""matched"": 31, ""n_gt"": 63, ""n_pred"": 32}, ""0.5"": {""matched"": 29, ""n_gt"": 63, ""n_pred"": 32}, ""0.7"": {""matched"": 25, ""n_gt"": 63, ""n_pred"": 32}}",32,0,0,0.07874050000100397,True,True
d01-dashboard_dpr1p5_light_V13,d01-dashboard_dpr1p5_light,d01-dashboard,desktop,1.5,light,V13,jpeg,75,0.5,960,600,42869,0.595403,chromium,windows_ocr,ok,0.2530120481927711,"{""0.3"": {""matched"": 29, ""n_gt"": 63, ""n_pred"": 29}, ""0.5"": {""matched"": 28, ""n_gt"": 63, ""n_pred"": 29}, ""0.7"": {""matched"": 24, ""n_gt"": 63, ""n_pred"": 29}}",29,0,0,0.08550459999241866,True,True
d01-dashboard_dpr2_dark_V00,d01-dashboard_dpr2_dark,d01-dashboard,desktop,2,dark,V00,png,,1.0,2560,1600,171364,0.334695,chromium,windows_ocr,ok,0.8535564853556485,"{""0.3"": {""matched"": 62, ""n_gt"": 63, ""n_pred"": 64}, ""0.5"": {""matched"": 62, ""n_gt"": 63, ""n_pred"": 64}, ""0.7"": {""matched"": 62, ""n_gt"": 63, ""n_pred"": 64}}",64,0,0,0.1754928000154905,True,True
d01-dashboard_dpr2_dark_V02,d01-dashboard_dpr2_dark,d01-dashboard,desktop,2,dark,V02,jpeg,95,1.0,2560,1600,313661,0.612619,chromium,windows_ocr,ok,0.8535564853556485,"{""0.3"": {""matched"": 62, ""n_gt"": 63, ""n_pred"": 64}, ""0.5"": {""matched"": 62, ""n_gt"": 63, ""n_pred"": 64}, ""0.7"": {""matched"": 62, ""n_gt"": 63, ""n_pred"": 64}}",64,0,0,0.17256259999703616,True,True
d01-dashboard_dpr2_dark_V03,d01-dashboard_dpr2_dark,d01-dashboard,desktop,2,dark,V03,jpeg,85,1.0,2560,1600,213709,0.4174,chromium,windows_ocr,ok,0.8416666666666667,"{""0.3"": {""matched"": 62, ""n_gt"": 63, ""n_pred"": 64}, ""0.5"": {""matched"": 62, ""n_gt"": 63, ""n_pred"": 64}, ""0.7"": {""matched"": 62, ""n_gt"": 63, ""n_pred"": 64}}",64,0,0,0.16677899999194779,True,True
d01-dashboard_dpr2_dark_V04,d01-dashboard_dpr2_dark,d01-dashboard,desktop,2,dark,V04,jpeg,75,1.0,2560,1600,176690,0.345098,chromium,windows_ocr,ok,0.8619246861924686,"{""0.3"": {""matched"": 62, ""n_gt"": 63, ""n_pred"": 64}, ""0.5"": {""matched"": 62, ""n_gt"": 63, ""n_pred"": 64}, ""0.7"": {""matched"": 62, ""n_gt"": 63, ""n_pred"": 64}}",64,0,0,0.1683476000034716,True,True
d01-dashboard_dpr2_dark_V05,d01-dashboard_dpr2_dark,d01-dashboard,desktop,2,dark,V05,jpeg,60,1.0,2560,1600,149578,0.292145,chromium,windows_ocr,ok,0.8898305084745762,"{""0.3"": {""matched"": 62, ""n_gt"": 63, ""n_pred"": 64}, ""0.5"": {""matched"": 62, ""n_gt"": 63, ""n_pred"": 64}, ""0.7"": {""matched"": 62, ""n_gt"": 63, ""n_pred"": 64}}",64,0,0,0.1881610999989789,True,True
d01-dashboard_dpr2_dark_V06,d01-dashboard_dpr2_dark,d01-dashboard,desktop,2,dark,V06,jpeg,85,1.0,2560,1600,301545,0.588955,chromium,windows_ocr,ok,0.8416666666666667,"{""0.3"": {""matched"": 62, ""n_gt"": 63, ""n_pred"": 64}, ""0.5"": {""matched"": 62, ""n_gt"": 63, ""n_pred"": 64}, ""0.7"": {""matched"": 62, ""n_gt"": 63, ""n_pred"": 64}}",64,0,0,0.17480890001752414,True,True
d01-dashboard_dpr2_dark_V07,d01-dashboard_dpr2_dark,d01-dashboard,desktop,2,dark,V07,webp,90,1.0,2560,1600,110500,0.21582,chromium,windows_ocr,ok,0.857142857142857,"{""0.3"": {""matched"": 62, ""n_gt"": 63, ""n_pred"": 63}, ""0.5"": {""matched"": 62, ""n_gt"": 63, ""n_pred"": 63}, ""0.7"": {""matched"": 62, ""n_gt"": 63, ""n_pred"": 63}}",63,0,0,0.22848839999642223,True,True
d01-dashboard_dpr2_dark_V08,d01-dashboard_dpr2_dark,d01-dashboard,desktop,2,dark,V08,webp,75,1.0,2560,1600,70512,0.137719,chromium,windows_ocr,ok,0.8655462184873949,"{""0.3"": {""matched"": 62, ""n_gt"": 63, ""n_pred"": 64}, ""0.5"": {""matched"": 62, ""n_gt"": 63, ""n_pred"": 64}, ""0.7"": {""matched"": 62, ""n_gt"": 63, ""n_pred"": 64}}",64,0,0,0.19905830000061542,True,True
d01-dashboard_dpr2_dark_V09,d01-dashboard_dpr2_dark,d01-dashboard,desktop,2,dark,V09,webp,50,1.0,2560,1600,58154,0.113582,chromium,windows_ocr,ok,0.8416666666666667,"{""0.3"": {""matched"": 62, ""n_gt"": 63, ""n_pred"": 64}, ""0.5"": {""matched"": 62, ""n_gt"": 63, ""n_pred"": 64}, ""0.7"": {""matched"": 62, ""n_gt"": 63, ""n_pred"": 64}}",64,0,0,0.1744759000139311,True,True
d01-dashboard_dpr2_dark_V10,d01-dashboard_dpr2_dark,d01-dashboard,desktop,2,dark,V10,avif,80,1.0,2560,1600,69922,0.136566,chromium,windows_ocr,ok,0.85,"{""0.3"": {""matched"": 62, ""n_gt"": 63, ""n_pred"": 64}, ""0.5"": {""matched"": 62, ""n_gt"": 63, ""n_pred"": 64}, ""0.7"": {""matched"": 62, ""n_gt"": 63, ""n_pred"": 64}}",64,0,0,0.16012389998650178,True,True
d01-dashboard_dpr2_dark_V11,d01-dashboard_dpr2_dark,d01-dashboard,desktop,2,dark,V11,avif,60,1.0,2560,1600,49545,0.096768,chromium,windows_ocr,ok,0.85,"{""0.3"": {""matched"": 62, ""n_gt"": 63, ""n_pred"": 64}, ""0.5"": {""matched"": 62, ""n_gt"": 63, ""n_pred"": 64}, ""0.7"": {""matched"": 62, ""n_gt"": 63, ""n_pred"": 64}}",64,0,0,0.16612360000726767,True,True
d01-dashboard_dpr2_dark_V12,d01-dashboard_dpr2_dark,d01-dashboard,desktop,2,dark,V12,png,,0.5,1280,800,153870,1.202109,chromium,windows_ocr,ok,0.8105726872246696,"{""0.3"": {""matched"": 54, ""n_gt"": 63, ""n_pred"": 55}, ""0.5"": {""matched"": 54, ""n_gt"": 63, ""n_pred"": 55}, ""0.7"": {""matched"": 54, ""n_gt"": 63, ""n_pred"": 55}}",55,0,0,0.08616620002430864,True,True
d01-dashboard_dpr2_dark_V13,d01-dashboard_dpr2_dark,d01-dashboard,desktop,2,dark,V13,jpeg,75,0.5,1280,800,63365,0.495039,chromium,windows_ocr,ok,0.7400881057268722,"{""0.3"": {""matched"": 53, ""n_gt"": 63, ""n_pred"": 55}, ""0.5"": {""matched"": 53, ""n_gt"": 63, ""n_pred"": 55}, ""0.7"": {""matched"": 52, ""n_gt"": 63, ""n_pred"": 55}}",55,0,0,0.09430960001191124,True,True
d01-dashboard_dpr2_light_V00,d01-dashboard_dpr2_light,d01-dashboard,desktop,2,light,V00,png,,1.0,2560,1600,171825,0.335596,chromium,windows_ocr,ok,0.85,"{""0.3"": {""matched"": 62, ""n_gt"": 63, ""n_pred"": 64}, ""0.5"": {""matched"": 62, ""n_gt"": 63, ""n_pred"": 64}, ""0.7"": {""matched"": 62, ""n_gt"": 63, ""n_pred"": 64}}",64,0,0,0.16390339998179115,True,True
d01-dashboard_dpr2_light_V02,d01-dashboard_dpr2_light,d01-dashboard,desktop,2,light,V02,jpeg,95,1.0,2560,1600,326771,0.638225,chromium,windows_ocr,ok,0.85,"{""0.3"": {""matched"": 62, ""n_gt"": 63, ""n_pred"": 64}, ""0.5"": {""matched"": 62, ""n_gt"": 63, ""n_pred"": 64}, ""0.7"": {""matched"": 62, ""n_gt"": 63, ""n_pred"": 64}}",64,0,0,0.20078579999972135,True,True
d01-dashboard_dpr2_light_V03,d01-dashboard_dpr2_light,d01-dashboard,desktop,2,light,V03,jpeg,85,1.0,2560,1600,222866,0.435285,chromium,windows_ocr,ok,0.8381742738589212,"{""0.3"": {""matched"": 62, ""n_gt"": 63, ""n_pred"": 65}, ""0.5"": {""matched"": 62, ""n_gt"": 63, ""n_pred"": 65}, ""0.7"": {""matched"": 62, ""n_gt"": 63, ""n_pred"": 65}}",65,0,0,0.19826149998698384,True,True
d01-dashboard_dpr2_light_V04,d01-dashboard_dpr2_light,d01-dashboard,desktop,2,light,V04,jpeg,75,1.0,2560,1600,182759,0.356951,chromium,windows_ocr,ok,0.85,"{""0.3"": {""matched"": 62, ""n_gt"": 63, ""n_pred"": 64}, ""0.5"": {""matched"": 62, ""n_gt"": 63, ""n_pred"": 64}, ""0.7"": {""matched"": 62, ""n_gt"": 63, ""n_pred"": 64}}",64,0,0,0.21196459999191575,True,True
d01-dashboard_dpr2_light_V05,d01-dashboard_dpr2_light,d01-dashboard,desktop,2,light,V05,jpeg,60,1.0,2560,1600,157029,0.306697,chromium,windows_ocr,ok,0.8776371308016878,"{""0.3"": {""matched"": 62, ""n_gt"": 63, ""n_pred"": 64}, ""0.5"": {""matched"": 62, ""n_gt"": 63, ""n_pred"": 64}, ""0.7"": {""matched"": 62, ""n_gt"": 63, ""n_pred"": 64}}",64,0,0,0.20050539998919703,True,True
d01-dashboard_dpr2_light_V06,d01-dashboard_dpr2_light,d01-dashboard,desktop,2,light,V06,jpeg,85,1.0,2560,1600,318647,0.622357,chromium,windows_ocr,ok,0.8381742738589212,"{""0.3"": {""matched"": 62, ""n_gt"": 63, ""n_pred"": 65}, ""0.5"": {""matched"": 62, ""n_gt"": 63, ""n_pred"": 65}, ""0.7"": {""matched"": 62, ""n_gt"": 63, ""n_pred"": 65}}",65,0,0,0.17594020001706667,True,True
d01-dashboard_dpr2_light_V07,d01-dashboard_dpr2_light,d01-dashboard,desktop,2,light,V07,webp,90,1.0,2560,1600,115548,0.22568,chromium,windows_ocr,ok,0.85,"{""0.3"": {""matched"": 62, ""n_gt"": 63, ""n_pred"": 64}, ""0.5"": {""matched"": 62, ""n_gt"": 63, ""n_pred"": 64}, ""0.7"": {""matched"": 62, ""n_gt"": 63, ""n_pred"": 64}}",64,0,0,0.19905799999833107,True,True
d01-dashboard_dpr2_light_V08,d01-dashboard_dpr2_light,d01-dashboard,desktop,2,light,V08,webp,75,1.0,2560,1600,74508,0.145523,chromium,windows_ocr,ok,0.8535564853556485,"{""0.3"": {""matched"": 62, ""n_gt"": 63, ""n_pred"": 63}, ""0.5"": {""matched"": 62, ""n_gt"": 63, ""n_pred"": 63}, ""0.7"": {""matched"": 62, ""n_gt"": 63, ""n_pred"": 63}}",63,0,0,0.19806500000413507,True,True
d01-dashboard_dpr2_light_V09,d01-dashboard_dpr2_light,d01-dashboard,desktop,2,light,V09,webp,50,1.0,2560,1600,61836,0.120773,chromium,windows_ocr,ok,0.8535564853556485,"{""0.3"": {""matched"": 62, ""n_gt"": 63, ""n_pred"": 63}, ""0.5"": {""matched"": 62, ""n_gt"": 63, ""n_pred"": 63}, ""0.7"": {""matched"": 62, ""n_gt"": 63, ""n_pred"": 63}}",63,0,0,0.20618999999715015,True,True
d01-dashboard_dpr2_light_V10,d01-dashboard_dpr2_light,d01-dashboard,desktop,2,light,V10,avif,80,1.0,2560,1600,73339,0.14324,chromium,windows_ocr,ok,0.85,"{""0.3"": {""matched"": 62, ""n_gt"": 63, ""n_pred"": 64}, ""0.5"": {""matched"": 62, ""n_gt"": 63, ""n_pred"": 64}, ""0.7"": {""matched"": 62, ""n_gt"": 63, ""n_pred"": 64}}",64,0,0,0.1664914000139106,True,True
d01-dashboard_dpr2_light_V11,d01-dashboard_dpr2_light,d01-dashboard,desktop,2,light,V11,avif,60,1.0,2560,1600,51723,0.101021,chromium,windows_ocr,ok,0.8451882845188284,"{""0.3"": {""matched"": 62, ""n_gt"": 63, ""n_pred"": 63}, ""0.5"": {""matched"": 62, ""n_gt"": 63, ""n_pred"": 63}, ""0.7"": {""matched"": 62, ""n_gt"": 63, ""n_pred"": 63}}",63,0,0,0.1943805000046268,True,True
d01-dashboard_dpr2_light_V12,d01-dashboard_dpr2_light,d01-dashboard,desktop,2,light,V12,png,,0.5,1280,800,140721,1.099383,chromium,windows_ocr,ok,0.817391304347826,"{""0.3"": {""matched"": 57, ""n_gt"": 63, ""n_pred"": 57}, ""0.5"": {""matched"": 57, ""n_gt"": 63, ""n_pred"": 57}, ""0.7"": {""matched"": 54, ""n_gt"": 63, ""n_pred"": 57}}",57,0,0,0.11307870000018738,True,True
d01-dashboard_dpr2_light_V13,d01-dashboard_dpr2_light,d01-dashboard,desktop,2,light,V13,jpeg,75,0.5,1280,800,65282,0.510016,chromium,windows_ocr,ok,0.7433628318584071,"{""0.3"": {""matched"": 55, ""n_gt"": 63, ""n_pred"": 56}, ""0.5"": {""matched"": 55, ""n_gt"": 63, ""n_pred"": 56}, ""0.7"": {""matched"": 50, ""n_gt"": 63, ""n_pred"": 56}}",56,0,0,0.12219829999958165,True,True
d06-code-editor_dpr1_dark_V00,d06-code-editor_dpr1_dark,d06-code-editor,desktop,1,dark,V00,png,,1.0,1280,800,115563,0.902836,chromium,windows_ocr,ok,0.6898395721925135,"{""0.3"": {""matched"": 34, ""n_gt"": 62, ""n_pred"": 36}, ""0.5"": {""matched"": 33, ""n_gt"": 62, ""n_pred"": 36}, ""0.7"": {""matched"": 31, ""n_gt"": 62, ""n_pred"": 36}}",36,0,0,0.15270950002013706,True,True
d06-code-editor_dpr1_dark_V02,d06-code-editor_dpr1_dark,d06-code-editor,desktop,1,dark,V02,jpeg,95,1.0,1280,800,167078,1.305297,chromium,windows_ocr,ok,0.6861702127659574,"{""0.3"": {""matched"": 34, ""n_gt"": 62, ""n_pred"": 36}, ""0.5"": {""matched"": 33, ""n_gt"": 62, ""n_pred"": 36}, ""0.7"": {""matched"": 32, ""n_gt"": 62, ""n_pred"": 36}}",36,0,0,0.1696583000011742,True,True
d06-code-editor_dpr1_dark_V03,d06-code-editor_dpr1_dark,d06-code-editor,desktop,1,dark,V03,jpeg,85,1.0,1280,800,106846,0.834734,chromium,windows_ocr,ok,0.6809651474530831,"{""0.3"": {""matched"": 35, ""n_gt"": 62, ""n_pred"": 37}, ""0.5"": {""matched"": 34, ""n_gt"": 62, ""n_pred"": 37}, ""0.7"": {""matched"": 32, ""n_gt"": 62, ""n_pred"": 37}}",37,0,0,0.10886849998496473,True,True
d06-code-editor_dpr1_dark_V04,d06-code-editor_dpr1_dark,d06-code-editor,desktop,1,dark,V04,jpeg,75,1.0,1280,800,84379,0.659211,chromium,windows_ocr,ok,0.6914893617021277,"{""0.3"": {""matched"": 39, ""n_gt"": 62, ""n_pred"": 40}, ""0.5"": {""matched"": 39, ""n_gt"": 62, ""n_pred"": 40}, ""0.7"": {""matched"": 36, ""n_gt"": 62, ""n_pred"": 40}}",40,0,0,0.1542044999951031,True,True
d06-code-editor_dpr1_dark_V05,d06-code-editor_dpr1_dark,d06-code-editor,desktop,1,dark,V05,jpeg,60,1.0,1280,800,68179,0.532648,chromium,windows_ocr,ok,0.6878306878306878,"{""0.3"": {""matched"": 40, ""n_gt"": 62, ""n_pred"": 41}, ""0.5"": {""matched"": 40, ""n_gt"": 62, ""n_pred"": 41}, ""0.7"": {""matched"": 38, ""n_gt"": 62, ""n_pred"": 41}}",41,0,0,0.1763405999809038,True,True
d06-code-editor_dpr1_dark_V06,d06-code-editor_dpr1_dark,d06-code-editor,desktop,1,dark,V06,jpeg,85,1.0,1280,800,156807,1.225055,chromium,windows_ocr,ok,0.6809651474530831,"{""0.3"": {""matched"": 36, ""n_gt"": 62, ""n_pred"": 37}, ""0.5"": {""matched"": 35, ""n_gt"": 62, ""n_pred"": 37}, ""0.7"": {""matched"": 34, ""n_gt"": 62, ""n_pred"": 37}}",37,0,0,0.15661820000968874,True,True
d06-code-editor_dpr1_dark_V07,d06-code-editor_dpr1_dark,d06-code-editor,desktop,1,dark,V07,webp,90,1.0,1280,800,76046,0.594109,chromium,windows_ocr,ok,0.6684491978609625,"{""0.3"": {""matched"": 33, ""n_gt"": 62, ""n_pred"": 38}, ""0.5"": {""matched"": 32, ""n_gt"": 62, ""n_pred"": 38}, ""0.7"": {""matched"": 31, ""n_gt"": 62, ""n_pred"": 38}}",38,0,0,0.12714100000448525,True,True
d06-code-editor_dpr1_dark_V08,d06-code-editor_dpr1_dark,d06-code-editor,desktop,1,dark,V08,webp,75,1.0,1280,800,48572,0.379469,chromium,windows_ocr,ok,0.6666666666666666,"{""0.3"": {""matched"": 34, ""n_gt"": 62, ""n_pred"": 39}, ""0.5"": {""matched"": 33, ""n_gt"": 62, ""n_pred"": 39}, ""0.7"": {""matched"": 32, ""n_gt"": 62, ""n_pred"": 39}}",39,0,0,0.12629740001284517,True,True
d06-code-editor_dpr1_dark_V09,d06-code-editor_dpr1_dark,d06-code-editor,desktop,1,dark,V09,webp,50,1.0,1280,800,39682,0.310016,chromium,windows_ocr,ok,0.6807387862796833,"{""0.3"": {""matched"": 38, ""n_gt"": 62, ""n_pred"": 40}, ""0.5"": {""matched"": 37, ""n_gt"": 62, ""n_pred"": 40}, ""0.7"": {""matched"": 36, ""n_gt"": 62, ""n_pred"": 40}}",40,0,0,0.12706619998789392,True,True
d06-code-editor_dpr1_dark_V10,d06-code-editor_dpr1_dark,d06-code-editor,desktop,1,dark,V10,avif,80,1.0,1280,800,45802,0.357828,chromium,windows_ocr,ok,0.6809651474530831,"{""0.3"": {""matched"": 34, ""n_gt"": 62, ""n_pred"": 36}, ""0.5"": {""matched"": 33, ""n_gt"": 62, ""n_pred"": 36}, ""0.7"": {""matched"": 32, ""n_gt"": 62, ""n_pred"": 36}}",36,0,0,0.12051969999447465,True,True
d06-code-editor_dpr1_dark_V11,d06-code-editor_dpr1_dark,d06-code-editor,desktop,1,dark,V11,avif,60,1.0,1280,800,31619,0.247023,chromium,windows_ocr,ok,0.6829268292682926,"{""0.3"": {""matched"": 34, ""n_gt"": 62, ""n_pred"": 39}, ""0.5"": {""matched"": 33, ""n_gt"": 62, ""n_pred"": 39}, ""0.7"": {""matched"": 30, ""n_gt"": 62, ""n_pred"": 39}}",39,0,0,0.13193990002037026,True,True
d06-code-editor_dpr1_dark_V12,d06-code-editor_dpr1_dark,d06-code-editor,desktop,1,dark,V12,png,,0.5,640,400,96707,3.022094,chromium,windows_ocr,ok,0.04878048780487806,"{""0.3"": {""matched"": 1, ""n_gt"": 62, ""n_pred"": 4}, ""0.5"": {""matched"": 1, ""n_gt"": 62, ""n_pred"": 4}, ""0.7"": {""matched"": 1, ""n_gt"": 62, ""n_pred"": 4}}",4,0,0,0.05371139998896979,True,True
d06-code-editor_dpr1_dark_V13,d06-code-editor_dpr1_dark,d06-code-editor,desktop,1,dark,V13,jpeg,75,0.5,640,400,26025,0.813281,chromium,windows_ocr,ok,0.019801980198019802,"{""0.3"": {""matched"": 1, ""n_gt"": 62, ""n_pred"": 1}, ""0.5"": {""matched"": 1, ""n_gt"": 62, ""n_pred"": 1}, ""0.7"": {""matched"": 1, ""n_gt"": 62, ""n_pred"": 1}}",1,0,0,0.04681989998789504,True,True
d06-code-editor_dpr1_light_V00,d06-code-editor_dpr1_light,d06-code-editor,desktop,1,light,V00,png,,1.0,1280,800,113625,0.887695,chromium,windows_ocr,ok,0.6979166666666667,"{""0.3"": {""matched"": 43, ""n_gt"": 62, ""n_pred"": 51}, ""0.5"": {""matched"": 40, ""n_gt"": 62, ""n_pred"": 51}, ""0.7"": {""matched"": 37, ""n_gt"": 62, ""n_pred"": 51}}",51,0,0,0.14069910001126118,True,True
d06-code-editor_dpr1_light_V02,d06-code-editor_dpr1_light,d06-code-editor,desktop,1,light,V02,jpeg,95,1.0,1280,800,167255,1.30668,chromium,windows_ocr,ok,0.7131782945736435,"{""0.3"": {""matched"": 43, ""n_gt"": 62, ""n_pred"": 51}, ""0.5"": {""matched"": 41, ""n_gt"": 62, ""n_pred"": 51}, ""0.7"": {""matched"": 38, ""n_gt"": 62, ""n_pred"": 51}}",51,0,0,0.09029789999476634,True,True
d06-code-editor_dpr1_light_V03,d06-code-editor_dpr1_light,d06-code-editor,desktop,1,light,V03,jpeg,85,1.0,1280,800,106546,0.832391,chromium,windows_ocr,ok,0.6958762886597939,"{""0.3"": {""matched"": 41, ""n_gt"": 62, ""n_pred"": 49}, ""0.5"": {""matched"": 39, ""n_gt"": 62, ""n_pred"": 49}, ""0.7"": {""matched"": 35, ""n_gt"": 62, ""n_pred"": 49}}",49,0,0,0.13157100000535138,True,True
d06-code-editor_dpr1_light_V04,d06-code-editor_dpr1_light,d06-code-editor,desktop,1,light,V04,jpeg,75,1.0,1280,800,84396,0.659344,chromium,windows_ocr,ok,0.7010309278350516,"{""0.3"": {""matched"": 46, ""n_gt"": 62, ""n_pred"": 54}, ""0.5"": {""matched"": 43, ""n_gt"": 62, ""n_pred"": 54}, ""0.7"": {""matched"": 40, ""n_gt"": 62, ""n_pred"": 54}}",54,0,0,0.1319808000116609,True,True
d06-code-editor_dpr1_light_V05,d06-code-editor_dpr1_light,d06-code-editor,desktop,1,light,V05,jpeg,60,1.0,1280,800,68337,0.533883,chromium,windows_ocr,ok,0.6770025839793282,"{""0.3"": {""matched"": 43, ""n_gt"": 62, ""n_pred"": 52}, ""0.5"": {""matched"": 41, ""n_gt"": 62, ""n_pred"": 52}, ""0.7"": {""matched"": 39, ""n_gt"": 62, ""n_pred"": 52}}",52,0,0,0.16091959999175742,True,True
d06-code-editor_dpr1_light_V06,d06-code-editor_dpr1_light,d06-code-editor,desktop,1,light,V06,jpeg,85,1.0,1280,800,157132,1.227594,chromium,windows_ocr,ok,0.6875,"{""0.3"": {""matched"": 42, ""n_gt"": 62, ""n_pred"": 50}, ""0.5"": {""matched"": 40, ""n_gt"": 62, ""n_pred"": 50}, ""0.7"": {""matched"": 36, ""n_gt"": 62, ""n_pred"": 50}}",50,0,0,0.1300714999961201,True,True
d06-code-editor_dpr1_light_V07,d06-code-editor_dpr1_light,d06-code-editor,desktop,1,light,V07,webp,90,1.0,1280,800,76380,0.596719,chromium,windows_ocr,ok,0.7046632124352332,"{""0.3"": {""matched"": 42, ""n_gt"": 62, ""n_pred"": 50}, ""0.5"": {""matched"": 40, ""n_gt"": 62, ""n_pred"": 50}, ""0.7"": {""matched"": 38, ""n_gt"": 62, ""n_pred"": 50}}",50,0,0,0.14423190001980402,True,True
d06-code-editor_dpr1_light_V08,d06-code-editor_dpr1_light,d06-code-editor,desktop,1,light,V08,webp,75,1.0,1280,800,48802,0.381266,chromium,windows_ocr,ok,0.7120418848167539,"{""0.3"": {""matched"": 42, ""n_gt"": 62, ""n_pred"": 49}, ""0.5"": {""matched"": 40, ""n_gt"": 62, ""n_pred"": 49}, ""0.7"": {""matched"": 37, ""n_gt"": 62, ""n_pred"": 49}}",49,0,0,0.12709699998958968,True,True
d06-code-editor_dpr1_light_V09,d06-code-editor_dpr1_light,d06-code-editor,desktop,1,light,V09,webp,50,1.0,1280,800,39824,0.311125,chromium,windows_ocr,ok,0.7142857142857142,"{""0.3"": {""matched"": 46, ""n_gt"": 62, ""n_pred"": 51}, ""0.5"": {""matched"": 44, ""n_gt"": 62, ""n_pred"": 51}, ""0.7"": {""matched"": 39, ""n_gt"": 62, ""n_pred"": 51}}",51,0,0,0.1293827000190504,True,True
d06-code-editor_dpr1_light_V10,d06-code-editor_dpr1_light,d06-code-editor,desktop,1,light,V10,avif,80,1.0,1280,800,45800,0.357812,chromium,windows_ocr,ok,0.7064935064935065,"{""0.3"": {""matched"": 42, ""n_gt"": 62, ""n_pred"": 50}, ""0.5"": {""matched"": 40, ""n_gt"": 62, ""n_pred"": 50}, ""0.7"": {""matched"": 37, ""n_gt"": 62, ""n_pred"": 50}}",50,0,0,0.09859780000988394,True,True
d06-code-editor_dpr1_light_V11,d06-code-editor_dpr1_light,d06-code-editor,desktop,1,light,V11,avif,60,1.0,1280,800,31820,0.248594,chromium,windows_ocr,ok,0.7229551451187336,"{""0.3"": {""matched"": 42, ""n_gt"": 62, ""n_pred"": 50}, ""0.5"": {""matched"": 40, ""n_gt"": 62, ""n_pred"": 50}, ""0.7"": {""matched"": 37, ""n_gt"": 62, ""n_pred"": 50}}",50,0,0,0.12622999999439344,True,True
d06-code-editor_dpr1_light_V12,d06-code-editor_dpr1_light,d06-code-editor,desktop,1,light,V12,png,,0.5,640,400,86228,2.694625,chromium,windows_ocr,ok,0.03864734299516908,"{""0.3"": {""matched"": 2, ""n_gt"": 62, ""n_pred"": 5}, ""0.5"": {""matched"": 1, ""n_gt"": 62, ""n_pred"": 5}, ""0.7"": {""matched"": 1, ""n_gt"": 62, ""n_pred"": 5}}",5,0,0,0.04027759999735281,True,True
d06-code-editor_dpr1_light_V13,d06-code-editor_dpr1_light,d06-code-editor,desktop,1,light,V13,jpeg,75,0.5,640,400,25320,0.79125,chromium,windows_ocr,ok,0.04854368932038835,"{""0.3"": {""matched"": 1, ""n_gt"": 62, ""n_pred"": 3}, ""0.5"": {""matched"": 1, ""n_gt"": 62, ""n_pred"": 3}, ""0.7"": {""matched"": 1, ""n_gt"": 62, ""n_pred"": 3}}",3,0,0,0.03888929999084212,True,True
d06-code-editor_dpr1p5_dark_V00,d06-code-editor_dpr1p5_dark,d06-code-editor,desktop,1.5,dark,V00,png,,1.0,1920,1200,192228,0.667458,chromium,windows_ocr,ok,0.7386091127098322,"{""0.3"": {""matched"": 59, ""n_gt"": 62, ""n_pred"": 71}, ""0.5"": {""matched"": 57, ""n_gt"": 62, ""n_pred"": 71}, ""0.7"": {""matched"": 56, ""n_gt"": 62, ""n_pred"": 71}}",71,0,0,0.16875760001130402,True,True
d06-code-editor_dpr1p5_dark_V02,d06-code-editor_dpr1p5_dark,d06-code-editor,desktop,1.5,dark,V02,jpeg,95,1.0,1920,1200,303347,1.053288,chromium,windows_ocr,ok,0.7380952380952381,"{""0.3"": {""matched"": 60, ""n_gt"": 62, ""n_pred"": 71}, ""0.5"": {""matched"": 57, ""n_gt"": 62, ""n_pred"": 71}, ""0.7"": {""matched"": 56, ""n_gt"": 62, ""n_pred"": 71}}",71,0,0,0.2049884000152815,True,True
d06-code-editor_dpr1p5_dark_V03,d06-code-editor_dpr1p5_dark,d06-code-editor,desktop,1.5,dark,V03,jpeg,85,1.0,1920,1200,193508,0.671903,chromium,windows_ocr,ok,0.7345971563981041,"{""0.3"": {""matched"": 59, ""n_gt"": 62, ""n_pred"": 71}, ""0.5"": {""matched"": 55, ""n_gt"": 62, ""n_pred"": 71}, ""0.7"": {""matched"": 54, ""n_gt"": 62, ""n_pred"": 71}}",71,0,0,0.16812539999955334,True,True
d06-code-editor_dpr1p5_dark_V04,d06-code-editor_dpr1p5_dark,d06-code-editor,desktop,1.5,dark,V04,jpeg,75,1.0,1920,1200,154854,0.537687,chromium,windows_ocr,ok,0.7358490566037736,"{""0.3"": {""matched"": 60, ""n_gt"": 62, ""n_pred"": 70}, ""0.5"": {""matched"": 56, ""n_gt"": 62, ""n_pred"": 70}, ""0.7"": {""matched"": 54, ""n_gt"": 62, ""n_pred"": 70}}",70,0,0,0.1734561999910511,True,True
d06-code-editor_dpr1p5_dark_V05,d06-code-editor_dpr1p5_dark,d06-code-editor,desktop,1.5,dark,V05,jpeg,60,1.0,1920,1200,126848,0.440444,chromium,windows_ocr,ok,0.7505938242280286,"{""0.3"": {""matched"": 60, ""n_gt"": 62, ""n_pred"": 68}, ""0.5"": {""matched"": 57, ""n_gt"": 62, ""n_pred"": 68}, ""0.7"": {""matched"": 55, ""n_gt"": 62, ""n_pred"": 68}}",68,0,0,0.16419799998402596,True,True
d06-code-editor_dpr1p5_dark_V06,d06-code-editor_dpr1p5_dark,d06-code-editor,desktop,1.5,dark,V06,jpeg,85,1.0,1920,1200,280676,0.974569,chromium,windows_ocr,ok,0.7375886524822696,"{""0.3"": {""matched"": 60, ""n_gt"": 62, ""n_pred"": 69}, ""0.5"": {""matched"": 57, ""n_gt"": 62, ""n_pred"": 69}, ""0.7"": {""matched"": 56, ""n_gt"": 62, ""n_pred"": 69}}",69,0,0,0.1635054999787826,True,True
d06-code-editor_dpr1p5_dark_V07,d06-code-editor_dpr1p5_dark,d06-code-editor,desktop,1.5,dark,V07,webp,90,1.0,1920,1200,131710,0.457326,chromium,windows_ocr,ok,0.7536231884057971,"{""0.3"": {""matched"": 60, ""n_gt"": 62, ""n_pred"": 70}, ""0.5"": {""matched"": 57, ""n_gt"": 62, ""n_pred"": 70}, ""0.7"": {""matched"": 56, ""n_gt"": 62, ""n_pred"": 70}}",70,0,0,0.15668559999903664,True,True
d06-code-editor_dpr1p5_dark_V08,d06-code-editor_dpr1p5_dark,d06-code-editor,desktop,1.5,dark,V08,webp,75,1.0,1920,1200,85822,0.297993,chromium,windows_ocr,ok,0.7523809523809524,"{""0.3"": {""matched"": 60, ""n_gt"": 62, ""n_pred"": 71}, ""0.5"": {""matched"": 56, ""n_gt"": 62, ""n_pred"": 71}, ""0.7"": {""matched"": 56, ""n_gt"": 62, ""n_pred"": 71}}",71,0,0,0.1436890999902971,True,True
d06-code-editor_dpr1p5_dark_V09,d06-code-editor_dpr1p5_dark,d06-code-editor,desktop,1.5,dark,V09,webp,50,1.0,1920,1200,70284,0.244042,chromium,windows_ocr,ok,0.7400468384074941,"{""0.3"": {""matched"": 60, ""n_gt"": 62, ""n_pred"": 69}, ""0.5"": {""matched"": 57, ""n_gt"": 62, ""n_pred"": 69}, ""0.7"": {""matched"": 56, ""n_gt"": 62, ""n_pred"": 69}}",69,0,0,0.1761916000104975,True,True
d06-code-editor_dpr1p5_dark_V10,d06-code-editor_dpr1p5_dark,d06-code-editor,desktop,1.5,dark,V10,avif,80,1.0,1920,1200,118369,0.411003,chromium,windows_ocr,ok,0.7375886524822696,"{""0.3"": {""matched"": 60, ""n_gt"": 62, ""n_pred"": 70}, ""0.5"": {""matched"": 57, ""n_gt"": 62, ""n_pred"": 70}, ""0.7"": {""matched"": 56, ""n_gt"": 62, ""n_pred"": 70}}",70,0,0,0.1573029999854043,True,True
d06-code-editor_dpr1p5_dark_V11,d06-code-editor_dpr1p5_dark,d06-code-editor,desktop,1.5,dark,V11,avif,60,1.0,1920,1200,78215,0.27158,chromium,windows_ocr,ok,0.7548076923076924,"{""0.3"": {""matched"": 58, ""n_gt"": 62, ""n_pred"": 70}, ""0.5"": {""matched"": 55, ""n_gt"": 62, ""n_pred"": 70}, ""0.7"": {""matched"": 55, ""n_gt"": 62, ""n_pred"": 70}}",70,0,0,0.15709120000246912,True,True
d06-code-editor_dpr1p5_dark_V12,d06-code-editor_dpr1p5_dark,d06-code-editor,desktop,1.5,dark,V12,png,,0.5,960,600,171260,2.378611,chromium,windows_ocr,ok,0.5770308123249299,"{""0.3"": {""matched"": 34, ""n_gt"": 62, ""n_pred"": 34}, ""0.5"": {""matched"": 32, ""n_gt"": 62, ""n_pred"": 34}, ""0.7"": {""matched"": 28, ""n_gt"": 62, ""n_pred"": 34}}",34,0,0,0.13415440000244416,True,True
d06-code-editor_dpr1p5_dark_V13,d06-code-editor_dpr1p5_dark,d06-code-editor,desktop,1.5,dark,V13,jpeg,75,0.5,960,600,54085,0.751181,chromium,windows_ocr,ok,0.5571847507331378,"{""0.3"": {""matched"": 31, ""n_gt"": 62, ""n_pred"": 33}, ""0.5"": {""matched"": 27, ""n_gt"": 62, ""n_pred"": 33}, ""0.7"": {""matched"": 26, ""n_gt"": 62, ""n_pred"": 33}}",33,0,0,0.1513592000119388,True,True
d06-code-editor_dpr1p5_light_V00,d06-code-editor_dpr1p5_light,d06-code-editor,desktop,1.5,light,V00,png,,1.0,1920,1200,191593,0.665253,chromium,windows_ocr,ok,0.7447306791569086,"{""0.3"": {""matched"": 59, ""n_gt"": 62, ""n_pred"": 72}, ""0.5"": {""matched"": 58, ""n_gt"": 62, ""n_pred"": 72}, ""0.7"": {""matched"": 55, ""n_gt"": 62, ""n_pred"": 72}}",72,0,0,0.1586842999968212,True,True
d06-code-editor_dpr1p5_light_V02,d06-code-editor_dpr1p5_light,d06-code-editor,desktop,1.5,light,V02,jpeg,95,1.0,1920,1200,305897,1.062142,chromium,windows_ocr,ok,0.7328605200945627,"{""0.3"": {""matched"": 59, ""n_gt"": 62, ""n_pred"": 73}, ""0.5"": {""matched"": 57, ""n_gt"": 62, ""n_pred"": 73}, ""0.7"": {""matched"": 53, ""n_gt"": 62, ""n_pred"": 73}}",73,0,0,0.1619615999807138,True,True
d06-code-editor_dpr1p5_light_V03,d06-code-editor_dpr1p5_light,d06-code-editor,desktop,1.5,light,V03,jpeg,85,1.0,1920,1200,195629,0.679267,chromium,windows_ocr,ok,0.7458432304038004,"{""0.3"": {""matched"": 59, ""n_gt"": 62, ""n_pred"": 72}, ""0.5"": {""matched"": 57, ""n_gt"": 62, ""n_pred"": 72}, ""0.7"": {""matched"": 54, ""n_gt"": 62, ""n_pred"": 72}}",72,0,0,0.16054740000981838,True,True
d06-code-editor_dpr1p5_light_V04,d06-code-editor_dpr1p5_light,d06-code-editor,desktop,1.5,light,V04,jpeg,75,1.0,1920,1200,156030,0.541771,chromium,windows_ocr,ok,0.7417840375586855,"{""0.3"": {""matched"": 60, ""n_gt"": 62, ""n_pred"": 68}, ""0.5"": {""matched"": 58, ""n_gt"": 62, ""n_pred"": 68}, ""0.7"": {""matched"": 54, ""n_gt"": 62, ""n_pred"": 68}}",68,0,0,0.17482710001058877,True,True
d06-code-editor_dpr1p5_light_V05,d06-code-editor_dpr1p5_light,d06-code-editor,desktop,1.5,light,V05,jpeg,60,1.0,1920,1200,128284,0.445431,chromium,windows_ocr,ok,0.7662650602409639,"{""0.3"": {""matched"": 61, ""n_gt"": 62, ""n_pred"": 67}, ""0.5"": {""matched"": 59, ""n_gt"": 62, ""n_pred"": 67}, ""0.7"": {""matched"": 58, ""n_gt"": 62, ""n_pred"": 67}}",67,0,0,0.1668632999935653,True,True
d06-code-editor_dpr1p5_light_V06,d06-code-editor_dpr1p5_light,d06-code-editor,desktop,1.5,light,V06,jpeg,85,1.0,1920,1200,285179,0.990205,chromium,windows_ocr,ok,0.7476190476190476,"{""0.3"": {""matched"": 60, ""n_gt"": 62, ""n_pred"": 73}, ""0.5"": {""matched"": 58, ""n_gt"": 62, ""n_pred"": 73}, ""0.7"": {""matched"": 55, ""n_gt"": 62, ""n_pred"": 73}}",73,0,0,0.1632374000037089,True,True
d06-code-editor_dpr1p5_light_V07,d06-code-editor_dpr1p5_light,d06-code-editor,desktop,1.5,light,V07,webp,90,1.0,1920,1200,133164,0.462375,chromium,windows_ocr,ok,0.7353629976580797,"{""0.3"": {""matched"": 60, ""n_gt"": 62, ""n_pred"": 74}, ""0.5"": {""matched"": 59, ""n_gt"": 62, ""n_pred"": 74}, ""0.7"": {""matched"": 55, ""n_gt"": 62, ""n_pred"": 74}}",74,0,0,0.1554665000003297,True,True
d06-code-editor_dpr1p5_light_V08,d06-code-editor_dpr1p5_light,d06-code-editor,desktop,1.5,light,V08,webp,75,1.0,1920,1200,86962,0.301951,chromium,windows_ocr,ok,0.7358490566037736,"{""0.3"": {""matched"": 59, ""n_gt"": 62, ""n_pred"": 72}, ""0.5"": {""matched"": 57, ""n_gt"": 62, ""n_pred"": 72}, ""0.7"": {""matched"": 53, ""n_gt"": 62, ""n_pred"": 72}}",72,0,0,0.1538981000194326,True,True
d06-code-editor_dpr1p5_light_V09,d06-code-editor_dpr1p5_light,d06-code-editor,desktop,1.5,light,V09,webp,50,1.0,1920,1200,71132,0.246986,chromium,windows_ocr,ok,0.7281323877068558,"{""0.3"": {""matched"": 58, ""n_gt"": 62, ""n_pred"": 75}, ""0.5"": {""matched"": 52, ""n_gt"": 62, ""n_pred"": 75}, ""0.7"": {""matched"": 51, ""n_gt"": 62, ""n_pred"": 75}}",75,0,0,0.17171590001089498,True,True
d06-code-editor_dpr1p5_light_V10,d06-code-editor_dpr1p5_light,d06-code-editor,desktop,1.5,light,V10,avif,80,1.0,1920,1200,79024,0.274389,chromium,windows_ocr,ok,0.7247058823529411,"{""0.3"": {""matched"": 59, ""n_gt"": 62, ""n_pred"": 73}, ""0.5"": {""matched"": 57, ""n_gt"": 62, ""n_pred"": 73}, ""0.7"": {""matched"": 54, ""n_gt"": 62, ""n_pred"": 73}}",73,0,0,0.1649924999801442,True,True
d06-code-editor_dpr1p5_light_V11,d06-code-editor_dpr1p5_light,d06-code-editor,desktop,1.5,light,V11,avif,60,1.0,1920,1200,53767,0.186691,chromium,windows_ocr,ok,0.740566037735849,"{""0.3"": {""matched"": 60, ""n_gt"": 62, ""n_pred"": 73}, ""0.5"": {""matched"": 58, ""n_gt"": 62, ""n_pred"": 73}, ""0.7"": {""matched"": 55, ""n_gt"": 62, ""n_pred"": 73}}",73,0,0,0.16787279999698512,True,True
d06-code-editor_dpr1p5_light_V12,d06-code-editor_dpr1p5_light,d06-code-editor,desktop,1.5,light,V12,png,,0.5,960,600,153224,2.128111,chromium,windows_ocr,ok,0.5714285714285715,"{""0.3"": {""matched"": 34, ""n_gt"": 62, ""n_pred"": 34}, ""0.5"": {""matched"": 31, ""n_gt"": 62, ""n_pred"": 34}, ""0.7"": {""matched"": 27, ""n_gt"": 62, ""n_pred"": 34}}",34,0,0,0.15362279998953454,True,True
d06-code-editor_dpr1p5_light_V13,d06-code-editor_dpr1p5_light,d06-code-editor,desktop,1.5,light,V13,jpeg,75,0.5,960,600,52798,0.733306,chromium,windows_ocr,ok,0.5433526011560693,"{""0.3"": {""matched"": 33, ""n_gt"": 62, ""n_pred"": 33}, ""0.5"": {""matched"": 30, ""n_gt"": 62, ""n_pred"": 33}, ""0.7"": {""matched"": 26, ""n_gt"": 62, ""n_pred"": 33}}",33,0,0,0.14492600000812672,True,True
d06-code-editor_dpr2_dark_V00,d06-code-editor_dpr2_dark,d06-code-editor,desktop,2,dark,V00,png,,1.0,2560,1600,267340,0.522148,chromium,windows_ocr,ok,0.7666666666666666,"{""0.3"": {""matched"": 59, ""n_gt"": 62, ""n_pred"": 74}, ""0.5"": {""matched"": 57, ""n_gt"": 62, ""n_pred"": 74}, ""0.7"": {""matched"": 53, ""n_gt"": 62, ""n_pred"": 74}}",74,0,0,0.21102570000221021,True,True
d06-code-editor_dpr2_dark_V02,d06-code-editor_dpr2_dark,d06-code-editor,desktop,2,dark,V02,jpeg,95,1.0,2560,1600,454623,0.887936,chromium,windows_ocr,ok,0.7677725118483413,"{""0.3"": {""matched"": 59, ""n_gt"": 62, ""n_pred"": 75}, ""0.5"": {""matched"": 57, ""n_gt"": 62, ""n_pred"": 75}, ""0.7"": {""matched"": 54, ""n_gt"": 62, ""n_pred"": 75}}",75,0,0,0.2033307999954559,True,True
d06-code-editor_dpr2_dark_V03,d06-code-editor_dpr2_dark,d06-code-editor,desktop,2,dark,V03,jpeg,85,1.0,2560,1600,292896,0.572063,chromium,windows_ocr,ok,0.7703349282296651,"{""0.3"": {""matched"": 59, ""n_gt"": 62, ""n_pred"": 75}, ""0.5"": {""matched"": 57, ""n_gt"": 62, ""n_pred"": 75}, ""0.7"": {""matched"": 53, ""n_gt"": 62, ""n_pred"": 75}}",75,0,0,0.2240944000077434,True,True
d06-code-editor_dpr2_dark_V04,d06-code-editor_dpr2_dark,d06-code-editor,desktop,2,dark,V04,jpeg,75,1.0,2560,1600,236073,0.46108,chromium,windows_ocr,ok,0.7732696897374702,"{""0.3"": {""matched"": 59, ""n_gt"": 62, ""n_pred"": 75}, ""0.5"": {""matched"": 57, ""n_gt"": 62, ""n_pred"": 75}, ""0.7"": {""matched"": 54, ""n_gt"": 62, ""n_pred"": 75}}",75,0,0,0.2821970999939367,True,True
d06-code-editor_dpr2_dark_V05,d06-code-editor_dpr2_dark,d06-code-editor,desktop,2,dark,V05,jpeg,60,1.0,2560,1600,195753,0.38233,chromium,windows_ocr,ok,0.8019323671497584,"{""0.3"": {""matched"": 60, ""n_gt"": 62, ""n_pred"": 73}, ""0.5"": {""matched"": 56, ""n_gt"": 62, ""n_pred"": 73}, ""0.7"": {""matched"": 54, ""n_gt"": 62, ""n_pred"": 73}}",73,0,0,0.2090203000116162,True,True
d06-code-editor_dpr2_dark_V06,d06-code-editor_dpr2_dark,d06-code-editor,desktop,2,dark,V06,jpeg,85,1.0,2560,1600,423694,0.827527,chromium,windows_ocr,ok,0.7788461538461539,"{""0.3"": {""matched"": 59, ""n_gt"": 62, ""n_pred"": 74}, ""0.5"": {""matched"": 57, ""n_gt"": 62, ""n_pred"": 74}, ""0.7"": {""matched"": 53, ""n_gt"": 62, ""n_pred"": 74}}",74,0,0,0.2267297999933362,True,True
d06-code-editor_dpr2_dark_V07,d06-code-editor_dpr2_dark,d06-code-editor,desktop,2,dark,V07,webp,90,1.0,2560,1600,186992,0.365219,chromium,windows_ocr,ok,0.7612293144208038,"{""0.3"": {""matched"": 59, ""n_gt"": 62, ""n_pred"": 75}, ""0.5"": {""matched"": 57, ""n_gt"": 62, ""n_pred"": 75}, ""0.7"": {""matched"": 54, ""n_gt"": 62, ""n_pred"": 75}}",75,0,0,0.24278139998205006,True,True
d06-code-editor_dpr2_dark_V08,d06-code-editor_dpr2_dark,d06-code-editor,desktop,2,dark,V08,webp,75,1.0,2560,1600,120144,0.234656,chromium,windows_ocr,ok,0.7714285714285715,"{""0.3"": {""matched"": 59, ""n_gt"": 62, ""n_pred"": 75}, ""0.5"": {""matched"": 56, ""n_gt"": 62, ""n_pred"": 75}, ""0.7"": {""matched"": 54, ""n_gt"": 62, ""n_pred"": 75}}",75,0,0,0.19682929999544285,True,True
d06-code-editor_dpr2_dark_V09,d06-code-editor_dpr2_dark,d06-code-editor,desktop,2,dark,V09,webp,50,1.0,2560,1600,98196,0.191789,chromium,windows_ocr,ok,0.7780429594272076,"{""0.3"": {""matched"": 59, ""n_gt"": 62, ""n_pred"": 74}, ""0.5"": {""matched"": 57, ""n_gt"": 62, ""n_pred"": 74}, ""0.7"": {""matched"": 54, ""n_gt"": 62, ""n_pred"": 74}}",74,0,0,0.19773459999123588,True,True
d06-code-editor_dpr2_dark_V10,d06-code-editor_dpr2_dark,d06-code-editor,desktop,2,dark,V10,avif,80,1.0,2560,1600,169442,0.330941,chromium,windows_ocr,ok,0.761904761904762,"{""0.3"": {""matched"": 59, ""n_gt"": 62, ""n_pred"": 75}, ""0.5"": {""matched"": 57, ""n_gt"": 62, ""n_pred"": 75}, ""0.7"": {""matched"": 54, ""n_gt"": 62, ""n_pred"": 75}}",75,0,0,0.21469470000010915,True,True
d06-code-editor_dpr2_dark_V11,d06-code-editor_dpr2_dark,d06-code-editor,desktop,2,dark,V11,avif,60,1.0,2560,1600,110428,0.21568,chromium,windows_ocr,ok,0.782608695652174,"{""0.3"": {""matched"": 58, ""n_gt"": 62, ""n_pred"": 73}, ""0.5"": {""matched"": 56, ""n_gt"": 62, ""n_pred"": 73}, ""0.7"": {""matched"": 53, ""n_gt"": 62, ""n_pred"": 73}}",73,0,0,0.2564735999912955,True,True
d06-code-editor_dpr2_dark_V12,d06-code-editor_dpr2_dark,d06-code-editor,desktop,2,dark,V12,png,,0.5,1280,800,219115,1.711836,chromium,windows_ocr,ok,0.6702412868632708,"{""0.3"": {""matched"": 35, ""n_gt"": 62, ""n_pred"": 42}, ""0.5"": {""matched"": 35, ""n_gt"": 62, ""n_pred"": 42}, ""0.7"": {""matched"": 33, ""n_gt"": 62, ""n_pred"": 42}}",42,0,0,0.13411660000565462,True,True
d06-code-editor_dpr2_dark_V13,d06-code-editor_dpr2_dark,d06-code-editor,desktop,2,dark,V13,jpeg,75,0.5,1280,800,84964,0.663781,chromium,windows_ocr,ok,0.6861702127659574,"{""0.3"": {""matched"": 37, ""n_gt"": 62, ""n_pred"": 41}, ""0.5"": {""matched"": 37, ""n_gt"": 62, ""n_pred"": 41}, ""0.7"": {""matched"": 36, ""n_gt"": 62, ""n_pred"": 41}}",41,0,0,0.14629689999856055,True,True
d06-code-editor_dpr2_light_V00,d06-code-editor_dpr2_light,d06-code-editor,desktop,2,light,V00,png,,1.0,2560,1600,266402,0.520316,chromium,windows_ocr,ok,0.7529976019184652,"{""0.3"": {""matched"": 59, ""n_gt"": 62, ""n_pred"": 71}, ""0.5"": {""matched"": 57, ""n_gt"": 62, ""n_pred"": 71}, ""0.7"": {""matched"": 54, ""n_gt"": 62, ""n_pred"": 71}}",71,0,0,0.20791699999244884,True,True
d06-code-editor_dpr2_light_V02,d06-code-editor_dpr2_light,d06-code-editor,desktop,2,light,V02,jpeg,95,1.0,2560,1600,458672,0.895844,chromium,windows_ocr,ok,0.7511961722488039,"{""0.3"": {""matched"": 59, ""n_gt"": 62, ""n_pred"": 71}, ""0.5"": {""matched"": 58, ""n_gt"": 62, ""n_pred"": 71}, ""0.7"": {""matched"": 54, ""n_gt"": 62, ""n_pred"": 71}}",71,0,0,0.20382100000279024,True,True
d06-code-editor_dpr2_light_V03,d06-code-editor_dpr2_light,d06-code-editor,desktop,2,light,V03,jpeg,85,1.0,2560,1600,295735,0.577607,chromium,windows_ocr,ok,0.7625899280575541,"{""0.3"": {""matched"": 58, ""n_gt"": 62, ""n_pred"": 70}, ""0.5"": {""matched"": 57, ""n_gt"": 62, ""n_pred"": 70}, ""0.7"": {""matched"": 53, ""n_gt"": 62, ""n_pred"": 70}}",70,0,0,0.19228909999947064,True,True
d06-code-editor_dpr2_light_V04,d06-code-editor_dpr2_light,d06-code-editor,desktop,2,light,V04,jpeg,75,1.0,2560,1600,237552,0.463969,chromium,windows_ocr,ok,0.7644230769230771,"{""0.3"": {""matched"": 58, ""n_gt"": 62, ""n_pred"": 70}, ""0.5"": {""matched"": 57, ""n_gt"": 62, ""n_pred"": 70}, ""0.7"": {""matched"": 52, ""n_gt"": 62, ""n_pred"": 70}}",70,0,0,0.21148450000328012,True,True
d06-code-editor_dpr2_light_V05,d06-code-editor_dpr2_light,d06-code-editor,desktop,2,light,V05,jpeg,60,1.0,2560,1600,197444,0.385633,chromium,windows_ocr,ok,0.7721822541966428,"{""0.3"": {""matched"": 60, ""n_gt"": 62, ""n_pred"": 71}, ""0.5"": {""matched"": 57, ""n_gt"": 62, ""n_pred"": 71}, ""0.7"": {""matched"": 54, ""n_gt"": 62, ""n_pred"": 71}}",71,0,0,0.21154619997832924,True,True
d06-code-editor_dpr2_light_V06,d06-code-editor_dpr2_light,d06-code-editor,desktop,2,light,V06,jpeg,85,1.0,2560,1600,429903,0.839654,chromium,windows_ocr,ok,0.7662650602409639,"{""0.3"": {""matched"": 58, ""n_gt"": 62, ""n_pred"": 70}, ""0.5"": {""matched"": 56, ""n_gt"": 62, ""n_pred"": 70}, ""0.7"": {""matched"": 53, ""n_gt"": 62, ""n_pred"": 70}}",70,0,0,0.22143859998323023,True,True
d06-code-editor_dpr2_light_V07,d06-code-editor_dpr2_light,d06-code-editor,desktop,2,light,V07,webp,90,1.0,2560,1600,188544,0.36825,chromium,windows_ocr,ok,0.7559808612440192,"{""0.3"": {""matched"": 59, ""n_gt"": 62, ""n_pred"": 71}, ""0.5"": {""matched"": 58, ""n_gt"": 62, ""n_pred"": 71}, ""0.7"": {""matched"": 54, ""n_gt"": 62, ""n_pred"": 71}}",71,0,0,0.20546979998471215,True,True
d06-code-editor_dpr2_light_V08,d06-code-editor_dpr2_light,d06-code-editor,desktop,2,light,V08,webp,75,1.0,2560,1600,121978,0.238238,chromium,windows_ocr,ok,0.7446300715990454,"{""0.3"": {""matched"": 59, ""n_gt"": 62, ""n_pred"": 71}, ""0.5"": {""matched"": 57, ""n_gt"": 62, ""n_pred"": 71}, ""0.7"": {""matched"": 54, ""n_gt"": 62, ""n_pred"": 71}}",71,0,0,0.20063850001315586,True,True
d06-code-editor_dpr2_light_V09,d06-code-editor_dpr2_light,d06-code-editor,desktop,2,light,V09,webp,50,1.0,2560,1600,99612,0.194555,chromium,windows_ocr,ok,0.7651331719128329,"{""0.3"": {""matched"": 59, ""n_gt"": 62, ""n_pred"": 72}, ""0.5"": {""matched"": 57, ""n_gt"": 62, ""n_pred"": 72}, ""0.7"": {""matched"": 53, ""n_gt"": 62, ""n_pred"": 72}}",72,0,0,0.19767359999241307,True,True
d06-code-editor_dpr2_light_V10,d06-code-editor_dpr2_light,d06-code-editor,desktop,2,light,V10,avif,80,1.0,2560,1600,167988,0.328102,chromium,windows_ocr,ok,0.7607655502392344,"{""0.3"": {""matched"": 59, ""n_gt"": 62, ""n_pred"": 70}, ""0.5"": {""matched"": 58, ""n_gt"": 62, ""n_pred"": 70}, ""0.7"": {""matched"": 55, ""n_gt"": 62, ""n_pred"": 70}}",70,0,0,0.19635899999411777,True,True
d06-code-editor_dpr2_light_V11,d06-code-editor_dpr2_light,d06-code-editor,desktop,2,light,V11,avif,60,1.0,2560,1600,110442,0.215707,chromium,windows_ocr,ok,0.7625899280575541,"{""0.3"": {""matched"": 59, ""n_gt"": 62, ""n_pred"": 71}, ""0.5"": {""matched"": 58, ""n_gt"": 62, ""n_pred"": 71}, ""0.7"": {""matched"": 54, ""n_gt"": 62, ""n_pred"": 71}}",71,0,0,0.205806499987375,True,True
d06-code-editor_dpr2_light_V12,d06-code-editor_dpr2_light,d06-code-editor,desktop,2,light,V12,png,,0.5,1280,800,199725,1.560352,chromium,windows_ocr,ok,0.6909090909090909,"{""0.3"": {""matched"": 43, ""n_gt"": 62, ""n_pred"": 52}, ""0.5"": {""matched"": 41, ""n_gt"": 62, ""n_pred"": 52}, ""0.7"": {""matched"": 37, ""n_gt"": 62, ""n_pred"": 52}}",52,0,0,0.14667330001248047,True,True
d06-code-editor_dpr2_light_V13,d06-code-editor_dpr2_light,d06-code-editor,desktop,2,light,V13,jpeg,75,0.5,1280,800,84773,0.662289,chromium,windows_ocr,ok,0.7216494845360825,"{""0.3"": {""matched"": 49, ""n_gt"": 62, ""n_pred"": 57}, ""0.5"": {""matched"": 46, ""n_gt"": 62, ""n_pred"": 57}, ""0.7"": {""matched"": 43, ""n_gt"": 62, ""n_pred"": 57}}",57,0,0,0.14779180000186898,True,True
m01-settings_dpr1_dark_V00,m01-settings_dpr1_dark,m01-settings,mobile,1,dark,V00,png,,1.0,390,844,44933,1.092065,chromium,windows_ocr,ok,0.9292929292929293,"{""0.3"": {""matched"": 24, ""n_gt"": 27, ""n_pred"": 24}, ""0.5"": {""matched"": 23, ""n_gt"": 27, ""n_pred"": 24}, ""0.7"": {""matched"": 23, ""n_gt"": 27, ""n_pred"": 24}}",24,0,0,0.04704949998995289,True,True
m01-settings_dpr1_dark_V02,m01-settings_dpr1_dark,m01-settings,mobile,1,dark,V02,jpeg,95,1.0,390,844,59902,1.455876,chromium,windows_ocr,ok,0.92,"{""0.3"": {""matched"": 24, ""n_gt"": 27, ""n_pred"": 24}, ""0.5"": {""matched"": 23, ""n_gt"": 27, ""n_pred"": 24}, ""0.7"": {""matched"": 23, ""n_gt"": 27, ""n_pred"": 24}}",24,0,0,0.05179659998975694,True,True
m01-settings_dpr1_dark_V03,m01-settings_dpr1_dark,m01-settings,mobile,1,dark,V03,jpeg,85,1.0,390,844,38077,0.925434,chromium,windows_ocr,ok,0.9,"{""0.3"": {""matched"": 24, ""n_gt"": 27, ""n_pred"": 24}, ""0.5"": {""matched"": 23, ""n_gt"": 27, ""n_pred"": 24}, ""0.7"": {""matched"": 23, ""n_gt"": 27, ""n_pred"": 24}}",24,0,0,0.04858310002600774,True,True
m01-settings_dpr1_dark_V04,m01-settings_dpr1_dark,m01-settings,mobile,1,dark,V04,jpeg,75,1.0,390,844,30455,0.740187,chromium,windows_ocr,ok,0.86,"{""0.3"": {""matched"": 23, ""n_gt"": 27, ""n_pred"": 23}, ""0.5"": {""matched"": 23, ""n_gt"": 27, ""n_pred"": 23}, ""0.7"": {""matched"": 23, ""n_gt"": 27, ""n_pred"": 23}}",23,0,0,0.028736100008245558,True,True
m01-settings_dpr1_dark_V05,m01-settings_dpr1_dark,m01-settings,mobile,1,dark,V05,jpeg,60,1.0,390,844,24257,0.589549,chromium,windows_ocr,ok,0.865979381443299,"{""0.3"": {""matched"": 22, ""n_gt"": 27, ""n_pred"": 22}, ""0.5"": {""matched"": 21, ""n_gt"": 27, ""n_pred"": 22}, ""0.7"": {""matched"": 21, ""n_gt"": 27, ""n_pred"": 22}}",22,0,0,0.025761400000192225,True,True
m01-settings_dpr1_dark_V06,m01-settings_dpr1_dark,m01-settings,mobile,1,dark,V06,jpeg,85,1.0,390,844,51350,1.248025,chromium,windows_ocr,ok,0.9090909090909091,"{""0.3"": {""matched"": 23, ""n_gt"": 27, ""n_pred"": 23}, ""0.5"": {""matched"": 23, ""n_gt"": 27, ""n_pred"": 23}, ""0.7"": {""matched"": 23, ""n_gt"": 27, ""n_pred"": 23}}",23,0,0,0.022346700017806143,True,True
m01-settings_dpr1_dark_V07,m01-settings_dpr1_dark,m01-settings,mobile,1,dark,V07,webp,90,1.0,390,844,24582,0.597448,chromium,windows_ocr,ok,0.9,"{""0.3"": {""matched"": 23, ""n_gt"": 27, ""n_pred"": 23}, ""0.5"": {""matched"": 23, ""n_gt"": 27, ""n_pred"": 23}, ""0.7"": {""matched"": 23, ""n_gt"": 27, ""n_pred"": 23}}",23,0,0,0.0195289000403136,True,True
m01-settings_dpr1_dark_V08,m01-settings_dpr1_dark,m01-settings,mobile,1,dark,V08,webp,75,1.0,390,844,15544,0.377786,chromium,windows_ocr,ok,0.8571428571428571,"{""0.3"": {""matched"": 22, ""n_gt"": 27, ""n_pred"": 22}, ""0.5"": {""matched"": 22, ""n_gt"": 27, ""n_pred"": 22}, ""0.7"": {""matched"": 22, ""n_gt"": 27, ""n_pred"": 22}}",22,0,0,0.022729499964043498,True,True
m01-settings_dpr1_dark_V09,m01-settings_dpr1_dark,m01-settings,mobile,1,dark,V09,webp,50,1.0,390,844,12634,0.30706,chromium,windows_ocr,ok,0.8749999999999999,"{""0.3"": {""matched"": 22, ""n_gt"": 27, ""n_pred"": 22}, ""0.5"": {""matched"": 21, ""n_gt"": 27, ""n_pred"": 22}, ""0.7"": {""matched"": 21, ""n_gt"": 27, ""n_pred"": 22}}",22,0,0,0.02291269996203482,True,True
m01-settings_dpr1_dark_V10,m01-settings_dpr1_dark,m01-settings,mobile,1,dark,V10,avif,80,1.0,390,844,19919,0.484117,chromium,windows_ocr,ok,0.9387755102040817,"{""0.3"": {""matched"": 23, ""n_gt"": 27, ""n_pred"": 23}, ""0.5"": {""matched"": 23, ""n_gt"": 27, ""n_pred"": 23}, ""0.7"": {""matched"": 23, ""n_gt"": 27, ""n_pred"": 23}}",23,0,0,0.020741799962706864,True,True
m01-settings_dpr1_dark_V11,m01-settings_dpr1_dark,m01-settings,mobile,1,dark,V11,avif,60,1.0,390,844,14086,0.34235,chromium,windows_ocr,ok,0.9090909090909091,"{""0.3"": {""matched"": 23, ""n_gt"": 27, ""n_pred"": 23}, ""0.5"": {""matched"": 23, ""n_gt"": 27, ""n_pred"": 23}, ""0.7"": {""matched"": 23, ""n_gt"": 27, ""n_pred"": 23}}",23,0,0,0.019057600002270192,True,True
m01-settings_dpr1_dark_V12,m01-settings_dpr1_dark,m01-settings,mobile,1,dark,V12,png,,0.5,195,422,32889,3.197375,chromium,windows_ocr,ok,0.10526315789473684,"{""0.3"": {""matched"": 3, ""n_gt"": 27, ""n_pred"": 4}, ""0.5"": {""matched"": 3, ""n_gt"": 27, ""n_pred"": 4}, ""0.7"": {""matched"": 3, ""n_gt"": 27, ""n_pred"": 4}}",4,0,0,0.011972700012847781,True,True
m01-settings_dpr1_dark_V13,m01-settings_dpr1_dark,m01-settings,mobile,1,dark,V13,jpeg,75,0.5,195,422,10771,1.047126,chromium,windows_ocr,ok,0.1111111111111111,"{""0.3"": {""matched"": 2, ""n_gt"": 27, ""n_pred"": 2}, ""0.5"": {""matched"": 2, ""n_gt"": 27, ""n_pred"": 2}, ""0.7"": {""matched"": 2, ""n_gt"": 27, ""n_pred"": 2}}",2,0,0,0.010663699998985976,True,True
m01-settings_dpr1_light_V00,m01-settings_dpr1_light,m01-settings,mobile,1,light,V00,png,,1.0,390,844,45204,1.098651,chromium,windows_ocr,ok,0.9,"{""0.3"": {""matched"": 24, ""n_gt"": 27, ""n_pred"": 24}, ""0.5"": {""matched"": 23, ""n_gt"": 27, ""n_pred"": 24}, ""0.7"": {""matched"": 23, ""n_gt"": 27, ""n_pred"": 24}}",24,0,0,0.021694199997000396,True,True
m01-settings_dpr1_light_V02,m01-settings_dpr1_light,m01-settings,mobile,1,light,V02,jpeg,95,1.0,390,844,60261,1.464601,chromium,windows_ocr,ok,0.8823529411764706,"{""0.3"": {""matched"": 24, ""n_gt"": 27, ""n_pred"": 24}, ""0.5"": {""matched"": 24, ""n_gt"": 27, ""n_pred"": 24}, ""0.7"": {""matched"": 24, ""n_gt"": 27, ""n_pred"": 24}}",24,0,0,0.022669599973596632,True,True
m01-settings_dpr1_light_V03,m01-settings_dpr1_light,m01-settings,mobile,1,light,V03,jpeg,85,1.0,390,844,37989,0.923296,chromium,windows_ocr,ok,0.8627450980392157,"{""0.3"": {""matched"": 24, ""n_gt"": 27, ""n_pred"": 24}, ""0.5"": {""matched"": 24, ""n_gt"": 27, ""n_pred"": 24}, ""0.7"": {""matched"": 24, ""n_gt"": 27, ""n_pred"": 24}}",24,0,0,0.020091399957891554,True,True
m01-settings_dpr1_light_V04,m01-settings_dpr1_light,m01-settings,mobile,1,light,V04,jpeg,75,1.0,390,844,30013,0.729445,chromium,windows_ocr,ok,0.8712871287128714,"{""0.3"": {""matched"": 24, ""n_gt"": 27, ""n_pred"": 24}, ""0.5"": {""matched"": 24, ""n_gt"": 27, ""n_pred"": 24}, ""0.7"": {""matched"": 24, ""n_gt"": 27, ""n_pred"": 24}}",24,0,0,0.03023380000377074,True,True
m01-settings_dpr1_light_V05,m01-settings_dpr1_light,m01-settings,mobile,1,light,V05,jpeg,60,1.0,390,844,24658,0.599295,chromium,windows_ocr,ok,0.7961165048543688,"{""0.3"": {""matched"": 24, ""n_gt"": 27, ""n_pred"": 24}, ""0.5"": {""matched"": 24, ""n_gt"": 27, ""n_pred"": 24}, ""0.7"": {""matched"": 24, ""n_gt"": 27, ""n_pred"": 24}}",24,0,0,0.034809699980542064,True,True
m01-settings_dpr1_light_V06,m01-settings_dpr1_light,m01-settings,mobile,1,light,V06,jpeg,85,1.0,390,844,51944,1.262462,chromium,windows_ocr,ok,0.8799999999999999,"{""0.3"": {""matched"": 23, ""n_gt"": 27, ""n_pred"": 23}, ""0.5"": {""matched"": 23, ""n_gt"": 27, ""n_pred"": 23}, ""0.7"": {""matched"": 23, ""n_gt"": 27, ""n_pred"": 23}}",23,0,0,0.03801489999750629,True,True
m01-settings_dpr1_light_V07,m01-settings_dpr1_light,m01-settings,mobile,1,light,V07,webp,90,1.0,390,844,24980,0.607121,chromium,windows_ocr,ok,0.8461538461538461,"{""0.3"": {""matched"": 25, ""n_gt"": 27, ""n_pred"": 25}, ""0.5"": {""matched"": 25, ""n_gt"": 27, ""n_pred"": 25}, ""0.7"": {""matched"": 25, ""n_gt"": 27, ""n_pred"": 25}}",25,0,0,0.02249080000910908,True,True
m01-settings_dpr1_light_V08,m01-settings_dpr1_light,m01-settings,mobile,1,light,V08,webp,75,1.0,390,844,15988,0.388577,chromium,windows_ocr,ok,0.8627450980392157,"{""0.3"": {""matched"": 25, ""n_gt"": 27, ""n_pred"": 25}, ""0.5"": {""matched"": 24, ""n_gt"": 27, ""n_pred"": 25}, ""0.7"": {""matched"": 24, ""n_gt"": 27, ""n_pred"": 25}}",25,0,0,0.020323900040239096,True,True
m01-settings_dpr1_light_V09,m01-settings_dpr1_light,m01-settings,mobile,1,light,V09,webp,50,1.0,390,844,13048,0.317122,chromium,windows_ocr,ok,0.8627450980392157,"{""0.3"": {""matched"": 24, ""n_gt"": 27, ""n_pred"": 24}, ""0.5"": {""matched"": 24, ""n_gt"": 27, ""n_pred"": 24}, ""0.7"": {""matched"": 24, ""n_gt"": 27, ""n_pred"": 24}}",24,0,0,0.04805709997890517,True,True
m01-settings_dpr1_light_V10,m01-settings_dpr1_light,m01-settings,mobile,1,light,V10,avif,80,1.0,390,844,20031,0.486839,chromium,windows_ocr,ok,0.92,"{""0.3"": {""matched"": 24, ""n_gt"": 27, ""n_pred"": 24}, ""0.5"": {""matched"": 24, ""n_gt"": 27, ""n_pred"": 24}, ""0.7"": {""matched"": 23, ""n_gt"": 27, ""n_pred"": 24}}",24,0,0,0.02046849997714162,True,True
m01-settings_dpr1_light_V11,m01-settings_dpr1_light,m01-settings,mobile,1,light,V11,avif,60,1.0,390,844,14265,0.346701,chromium,windows_ocr,ok,0.92,"{""0.3"": {""matched"": 24, ""n_gt"": 27, ""n_pred"": 24}, ""0.5"": {""matched"": 24, ""n_gt"": 27, ""n_pred"": 24}, ""0.7"": {""matched"": 23, ""n_gt"": 27, ""n_pred"": 24}}",24,0,0,0.02053469995735213,True,True
m01-settings_dpr1_light_V12,m01-settings_dpr1_light,m01-settings,mobile,1,light,V12,png,,0.5,195,422,31346,3.047369,chromium,windows_ocr,ok,0.06896551724137931,"{""0.3"": {""matched"": 2, ""n_gt"": 27, ""n_pred"": 3}, ""0.5"": {""matched"": 2, ""n_gt"": 27, ""n_pred"": 3}, ""0.7"": {""matched"": 2, ""n_gt"": 27, ""n_pred"": 3}}",3,0,0,0.017231700010597706,True,True
m01-settings_dpr1_light_V13,m01-settings_dpr1_light,m01-settings,mobile,1,light,V13,jpeg,75,0.5,195,422,10318,1.003087,chromium,windows_ocr,ok,0.07017543859649122,"{""0.3"": {""matched"": 2, ""n_gt"": 27, ""n_pred"": 3}, ""0.5"": {""matched"": 2, ""n_gt"": 27, ""n_pred"": 3}, ""0.7"": {""matched"": 2, ""n_gt"": 27, ""n_pred"": 3}}",3,0,0,0.03698080003960058,True,True
m01-settings_dpr2_dark_V00,m01-settings_dpr2_dark,m01-settings,mobile,2,dark,V00,png,,1.0,780,1688,101728,0.618107,chromium,windows_ocr,ok,0.9607843137254902,"{""0.3"": {""matched"": 26, ""n_gt"": 27, ""n_pred"": 26}, ""0.5"": {""matched"": 26, ""n_gt"": 27, ""n_pred"": 26}, ""0.7"": {""matched"": 26, ""n_gt"": 27, ""n_pred"": 26}}",26,0,0,0.045415000000502914,True,True
m01-settings_dpr2_dark_V02,m01-settings_dpr2_dark,m01-settings,mobile,2,dark,V02,jpeg,95,1.0,780,1688,148333,0.901282,chromium,windows_ocr,ok,0.9411764705882353,"{""0.3"": {""matched"": 26, ""n_gt"": 27, ""n_pred"": 26}, ""0.5"": {""matched"": 26, ""n_gt"": 27, ""n_pred"": 26}, ""0.7"": {""matched"": 26, ""n_gt"": 27, ""n_pred"": 26}}",26,0,0,0.03578270005527884,True,True
m01-settings_dpr2_dark_V03,m01-settings_dpr2_dark,m01-settings,mobile,2,dark,V03,jpeg,85,1.0,780,1688,96051,0.583613,chromium,windows_ocr,ok,0.9607843137254902,"{""0.3"": {""matched"": 26, ""n_gt"": 27, ""n_pred"": 26}, ""0.5"": {""matched"": 26, ""n_gt"": 27, ""n_pred"": 26}, ""0.7"": {""matched"": 26, ""n_gt"": 27, ""n_pred"": 26}}",26,0,0,0.03596439998364076,True,True
m01-settings_dpr2_dark_V04,m01-settings_dpr2_dark,m01-settings,mobile,2,dark,V04,jpeg,75,1.0,780,1688,77659,0.471862,chromium,windows_ocr,ok,0.9607843137254902,"{""0.3"": {""matched"": 26, ""n_gt"": 27, ""n_pred"": 26}, ""0.5"": {""matched"": 26, ""n_gt"": 27, ""n_pred"": 26}, ""0.7"": {""matched"": 26, ""n_gt"": 27, ""n_pred"": 26}}",26,0,0,0.03742550004972145,True,True
m01-settings_dpr2_dark_V05,m01-settings_dpr2_dark,m01-settings,mobile,2,dark,V05,jpeg,60,1.0,780,1688,64195,0.390053,chromium,windows_ocr,ok,0.9607843137254902,"{""0.3"": {""matched"": 26, ""n_gt"": 27, ""n_pred"": 26}, ""0.5"": {""matched"": 26, ""n_gt"": 27, ""n_pred"": 26}, ""0.7"": {""matched"": 26, ""n_gt"": 27, ""n_pred"": 26}}",26,0,0,0.04256179998628795,True,True
m01-settings_dpr2_dark_V06,m01-settings_dpr2_dark,m01-settings,mobile,2,dark,V06,jpeg,85,1.0,780,1688,131225,0.797333,chromium,windows_ocr,ok,0.9607843137254902,"{""0.3"": {""matched"": 26, ""n_gt"": 27, ""n_pred"": 26}, ""0.5"": {""matched"": 26, ""n_gt"": 27, ""n_pred"": 26}, ""0.7"": {""matched"": 26, ""n_gt"": 27, ""n_pred"": 26}}",26,0,0,0.03629899997031316,True,True
m01-settings_dpr2_dark_V07,m01-settings_dpr2_dark,m01-settings,mobile,2,dark,V07,webp,90,1.0,780,1688,56082,0.340758,chromium,windows_ocr,ok,0.9607843137254902,"{""0.3"": {""matched"": 26, ""n_gt"": 27, ""n_pred"": 26}, ""0.5"": {""matched"": 26, ""n_gt"": 27, ""n_pred"": 26}, ""0.7"": {""matched"": 26, ""n_gt"": 27, ""n_pred"": 26}}",26,0,0,0.05629239999689162,True,True
m01-settings_dpr2_dark_V08,m01-settings_dpr2_dark,m01-settings,mobile,2,dark,V08,webp,75,1.0,780,1688,35134,0.213477,chromium,windows_ocr,ok,0.9411764705882353,"{""0.3"": {""matched"": 26, ""n_gt"": 27, ""n_pred"": 26}, ""0.5"": {""matched"": 26, ""n_gt"": 27, ""n_pred"": 26}, ""0.7"": {""matched"": 26, ""n_gt"": 27, ""n_pred"": 26}}",26,0,0,0.03584179998142645,True,True
m01-settings_dpr2_dark_V09,m01-settings_dpr2_dark,m01-settings,mobile,2,dark,V09,webp,50,1.0,780,1688,28356,0.172293,chromium,windows_ocr,ok,0.9607843137254902,"{""0.3"": {""matched"": 26, ""n_gt"": 27, ""n_pred"": 26}, ""0.5"": {""matched"": 26, ""n_gt"": 27, ""n_pred"": 26}, ""0.7"": {""matched"": 26, ""n_gt"": 27, ""n_pred"": 26}}",26,0,0,0.04086020000977442,True,True
m01-settings_dpr2_dark_V10,m01-settings_dpr2_dark,m01-settings,mobile,2,dark,V10,avif,80,1.0,780,1688,38797,0.235733,chromium,windows_ocr,ok,0.9411764705882353,"{""0.3"": {""matched"": 26, ""n_gt"": 27, ""n_pred"": 26}, ""0.5"": {""matched"": 26, ""n_gt"": 27, ""n_pred"": 26}, ""0.7"": {""matched"": 26, ""n_gt"": 27, ""n_pred"": 26}}",26,0,0,0.045700900023803115,True,True
m01-settings_dpr2_dark_V11,m01-settings_dpr2_dark,m01-settings,mobile,2,dark,V11,avif,60,1.0,780,1688,27309,0.165931,chromium,windows_ocr,ok,0.9411764705882353,"{""0.3"": {""matched"": 26, ""n_gt"": 27, ""n_pred"": 26}, ""0.5"": {""matched"": 26, ""n_gt"": 27, ""n_pred"": 26}, ""0.7"": {""matched"": 26, ""n_gt"": 27, ""n_pred"": 26}}",26,0,0,0.05078059999505058,True,True
m01-settings_dpr2_dark_V12,m01-settings_dpr2_dark,m01-settings,mobile,2,dark,V12,png,,0.5,390,844,77665,1.887593,chromium,windows_ocr,ok,0.9108910891089109,"{""0.3"": {""matched"": 25, ""n_gt"": 27, ""n_pred"": 25}, ""0.5"": {""matched"": 25, ""n_gt"": 27, ""n_pred"": 25}, ""0.7"": {""matched"": 25, ""n_gt"": 27, ""n_pred"": 25}}",25,0,0,0.02099570003338158,True,True
m01-settings_dpr2_dark_V13,m01-settings_dpr2_dark,m01-settings,mobile,2,dark,V13,jpeg,75,0.5,390,844,29494,0.716831,chromium,windows_ocr,ok,0.8484848484848485,"{""0.3"": {""matched"": 24, ""n_gt"": 27, ""n_pred"": 24}, ""0.5"": {""matched"": 24, ""n_gt"": 27, ""n_pred"": 24}, ""0.7"": {""matched"": 24, ""n_gt"": 27, ""n_pred"": 24}}",24,0,0,0.038702000048942864,True,True
m01-settings_dpr2_light_V00,m01-settings_dpr2_light,m01-settings,mobile,2,light,V00,png,,1.0,780,1688,103144,0.62671,chromium,windows_ocr,ok,0.9607843137254902,"{""0.3"": {""matched"": 26, ""n_gt"": 27, ""n_pred"": 26}, ""0.5"": {""matched"": 26, ""n_gt"": 27, ""n_pred"": 26}, ""0.7"": {""matched"": 26, ""n_gt"": 27, ""n_pred"": 26}}",26,0,0,0.03421320003690198,True,True
m01-settings_dpr2_light_V02,m01-settings_dpr2_light,m01-settings,mobile,2,light,V02,jpeg,95,1.0,780,1688,150575,0.914905,chromium,windows_ocr,ok,0.9411764705882353,"{""0.3"": {""matched"": 26, ""n_gt"": 27, ""n_pred"": 26}, ""0.5"": {""matched"": 26, ""n_gt"": 27, ""n_pred"": 26}, ""0.7"": {""matched"": 26, ""n_gt"": 27, ""n_pred"": 26}}",26,0,0,0.03524260001722723,True,True
m01-settings_dpr2_light_V03,m01-settings_dpr2_light,m01-settings,mobile,2,light,V03,jpeg,85,1.0,780,1688,97641,0.593274,chromium,windows_ocr,ok,0.9411764705882353,"{""0.3"": {""matched"": 26, ""n_gt"": 27, ""n_pred"": 26}, ""0.5"": {""matched"": 26, ""n_gt"": 27, ""n_pred"": 26}, ""0.7"": {""matched"": 26, ""n_gt"": 27, ""n_pred"": 26}}",26,0,0,0.09253129997523502,True,True
m01-settings_dpr2_light_V04,m01-settings_dpr2_light,m01-settings,mobile,2,light,V04,jpeg,75,1.0,780,1688,77675,0.471959,chromium,windows_ocr,ok,0.9607843137254902,"{""0.3"": {""matched"": 26, ""n_gt"": 27, ""n_pred"": 26}, ""0.5"": {""matched"": 26, ""n_gt"": 27, ""n_pred"": 26}, ""0.7"": {""matched"": 26, ""n_gt"": 27, ""n_pred"": 26}}",26,0,0,0.037144700007047504,True,True
m01-settings_dpr2_light_V05,m01-settings_dpr2_light,m01-settings,mobile,2,light,V05,jpeg,60,1.0,780,1688,64649,0.392812,chromium,windows_ocr,ok,0.9607843137254902,"{""0.3"": {""matched"": 26, ""n_gt"": 27, ""n_pred"": 26}, ""0.5"": {""matched"": 26, ""n_gt"": 27, ""n_pred"": 26}, ""0.7"": {""matched"": 26, ""n_gt"": 27, ""n_pred"": 26}}",26,0,0,0.0347691000206396,True,True
m01-settings_dpr2_light_V06,m01-settings_dpr2_light,m01-settings,mobile,2,light,V06,jpeg,85,1.0,780,1688,133980,0.814072,chromium,windows_ocr,ok,0.9607843137254902,"{""0.3"": {""matched"": 26, ""n_gt"": 27, ""n_pred"": 26}, ""0.5"": {""matched"": 26, ""n_gt"": 27, ""n_pred"": 26}, ""0.7"": {""matched"": 26, ""n_gt"": 27, ""n_pred"": 26}}",26,0,0,0.034685300022829324,True,True
m01-settings_dpr2_light_V07,m01-settings_dpr2_light,m01-settings,mobile,2,light,V07,webp,90,1.0,780,1688,57856,0.351537,chromium,windows_ocr,ok,0.9411764705882353,"{""0.3"": {""matched"": 26, ""n_gt"": 27, ""n_pred"": 26}, ""0.5"": {""matched"": 26, ""n_gt"": 27, ""n_pred"": 26}, ""0.7"": {""matched"": 26, ""n_gt"": 27, ""n_pred"": 26}}",26,0,0,0.035350200021639466,True,True
m01-settings_dpr2_light_V08,m01-settings_dpr2_light,m01-settings,mobile,2,light,V08,webp,75,1.0,780,1688,36216,0.220051,chromium,windows_ocr,ok,0.9607843137254902,"{""0.3"": {""matched"": 26, ""n_gt"": 27, ""n_pred"": 26}, ""0.5"": {""matched"": 26, ""n_gt"": 27, ""n_pred"": 26}, ""0.7"": {""matched"": 26, ""n_gt"": 27, ""n_pred"": 26}}",26,0,0,0.059204199991654605,True,True
m01-settings_dpr2_light_V09,m01-settings_dpr2_light,m01-settings,mobile,2,light,V09,webp,50,1.0,780,1688,29596,0.179827,chromium,windows_ocr,ok,0.9607843137254902,"{""0.3"": {""matched"": 26, ""n_gt"": 27, ""n_pred"": 26}, ""0.5"": {""matched"": 26, ""n_gt"": 27, ""n_pred"": 26}, ""0.7"": {""matched"": 26, ""n_gt"": 27, ""n_pred"": 26}}",26,0,0,0.03988890000618994,True,True
m01-settings_dpr2_light_V10,m01-settings_dpr2_light,m01-settings,mobile,2,light,V10,avif,80,1.0,780,1688,38673,0.23498,chromium,windows_ocr,ok,0.9411764705882353,"{""0.3"": {""matched"": 26, ""n_gt"": 27, ""n_pred"": 26}, ""0.5"": {""matched"": 26, ""n_gt"": 27, ""n_pred"": 26}, ""0.7"": {""matched"": 26, ""n_gt"": 27, ""n_pred"": 26}}",26,0,0,0.07114610000280663,True,True
m01-settings_dpr2_light_V11,m01-settings_dpr2_light,m01-settings,mobile,2,light,V11,avif,60,1.0,780,1688,27575,0.167548,chromium,windows_ocr,ok,0.9411764705882353,"{""0.3"": {""matched"": 26, ""n_gt"": 27, ""n_pred"": 26}, ""0.5"": {""matched"": 26, ""n_gt"": 27, ""n_pred"": 26}, ""0.7"": {""matched"": 26, ""n_gt"": 27, ""n_pred"": 26}}",26,0,0,0.03968129999702796,True,True
m01-settings_dpr2_light_V12,m01-settings_dpr2_light,m01-settings,mobile,2,light,V12,png,,0.5,390,844,75348,1.83128,chromium,windows_ocr,ok,0.9306930693069307,"{""0.3"": {""matched"": 25, ""n_gt"": 27, ""n_pred"": 25}, ""0.5"": {""matched"": 25, ""n_gt"": 27, ""n_pred"": 25}, ""0.7"": {""matched"": 25, ""n_gt"": 27, ""n_pred"": 25}}",25,0,0,0.04128810000838712,True,True
m01-settings_dpr2_light_V13,m01-settings_dpr2_light,m01-settings,mobile,2,light,V13,jpeg,75,0.5,390,844,29923,0.727257,chromium,windows_ocr,ok,0.92,"{""0.3"": {""matched"": 24, ""n_gt"": 27, ""n_pred"": 24}, ""0.5"": {""matched"": 24, ""n_gt"": 27, ""n_pred"": 24}, ""0.7"": {""matched"": 24, ""n_gt"": 27, ""n_pred"": 24}}",24,0,0,0.04057780001312494,True,True
m01-settings_dpr3_dark_V00,m01-settings_dpr3_dark,m01-settings,mobile,3,dark,V00,png,,1.0,1170,2532,158258,0.427372,chromium,windows_ocr,ok,0.9514563106796117,"{""0.3"": {""matched"": 26, ""n_gt"": 27, ""n_pred"": 27}, ""0.5"": {""matched"": 26, ""n_gt"": 27, ""n_pred"": 27}, ""0.7"": {""matched"": 26, ""n_gt"": 27, ""n_pred"": 27}}",27,0,0,0.07586099999025464,True,True
m01-settings_dpr3_dark_V02,m01-settings_dpr3_dark,m01-settings,mobile,3,dark,V02,jpeg,95,1.0,1170,2532,259931,0.701938,chromium,windows_ocr,ok,0.9514563106796117,"{""0.3"": {""matched"": 26, ""n_gt"": 27, ""n_pred"": 27}, ""0.5"": {""matched"": 26, ""n_gt"": 27, ""n_pred"": 27}, ""0.7"": {""matched"": 26, ""n_gt"": 27, ""n_pred"": 27}}",27,0,0,0.06796119996579364,True,True
m01-settings_dpr3_dark_V03,m01-settings_dpr3_dark,m01-settings,mobile,3,dark,V03,jpeg,85,1.0,1170,2532,173589,0.468773,chromium,windows_ocr,ok,0.9514563106796117,"{""0.3"": {""matched"": 26, ""n_gt"": 27, ""n_pred"": 27}, ""0.5"": {""matched"": 26, ""n_gt"": 27, ""n_pred"": 27}, ""0.7"": {""matched"": 26, ""n_gt"": 27, ""n_pred"": 27}}",27,0,0,0.06692910002311692,True,True
m01-settings_dpr3_dark_V04,m01-settings_dpr3_dark,m01-settings,mobile,3,dark,V04,jpeg,75,1.0,1170,2532,143354,0.387124,chromium,windows_ocr,ok,0.9607843137254902,"{""0.3"": {""matched"": 26, ""n_gt"": 27, ""n_pred"": 26}, ""0.5"": {""matched"": 26, ""n_gt"": 27, ""n_pred"": 26}, ""0.7"": {""matched"": 26, ""n_gt"": 27, ""n_pred"": 26}}",26,0,0,0.06925739999860525,True,True
m01-settings_dpr3_dark_V05,m01-settings_dpr3_dark,m01-settings,mobile,3,dark,V05,jpeg,60,1.0,1170,2532,121982,0.32941,chromium,windows_ocr,ok,0.9607843137254902,"{""0.3"": {""matched"": 26, ""n_gt"": 27, ""n_pred"": 26}, ""0.5"": {""matched"": 26, ""n_gt"": 27, ""n_pred"": 26}, ""0.7"": {""matched"": 26, ""n_gt"": 27, ""n_pred"": 26}}",26,0,0,0.13806689996272326,True,True
m01-settings_dpr3_dark_V06,m01-settings_dpr3_dark,m01-settings,mobile,3,dark,V06,jpeg,85,1.0,1170,2532,238035,0.642808,chromium,windows_ocr,ok,0.9514563106796117,"{""0.3"": {""matched"": 26, ""n_gt"": 27, ""n_pred"": 27}, ""0.5"": {""matched"": 26, ""n_gt"": 27, ""n_pred"": 27}, ""0.7"": {""matched"": 26, ""n_gt"": 27, ""n_pred"": 27}}",27,0,0,0.09727690002182499,True,True
m01-settings_dpr3_dark_V07,m01-settings_dpr3_dark,m01-settings,mobile,3,dark,V07,webp,90,1.0,1170,2532,88344,0.238571,chromium,windows_ocr,ok,0.9607843137254902,"{""0.3"": {""matched"": 26, ""n_gt"": 27, ""n_pred"": 26}, ""0.5"": {""matched"": 26, ""n_gt"": 27, ""n_pred"": 26}, ""0.7"": {""matched"": 26, ""n_gt"": 27, ""n_pred"": 26}}",26,0,0,0.06704190000891685,True,True
m01-settings_dpr3_dark_V08,m01-settings_dpr3_dark,m01-settings,mobile,3,dark,V08,webp,75,1.0,1170,2532,54258,0.146522,chromium,windows_ocr,ok,0.9607843137254902,"{""0.3"": {""matched"": 26, ""n_gt"": 27, ""n_pred"": 26}, ""0.5"": {""matched"": 26, ""n_gt"": 27, ""n_pred"": 26}, ""0.7"": {""matched"": 26, ""n_gt"": 27, ""n_pred"": 26}}",26,0,0,0.06973999994806945,True,True
m01-settings_dpr3_dark_V09,m01-settings_dpr3_dark,m01-settings,mobile,3,dark,V09,webp,50,1.0,1170,2532,44070,0.11901,chromium,windows_ocr,ok,0.9607843137254902,"{""0.3"": {""matched"": 26, ""n_gt"": 27, ""n_pred"": 26}, ""0.5"": {""matched"": 26, ""n_gt"": 27, ""n_pred"": 26}, ""0.7"": {""matched"": 26, ""n_gt"": 27, ""n_pred"": 26}}",26,0,0,0.10630029998719692,True,True
m01-settings_dpr3_dark_V10,m01-settings_dpr3_dark,m01-settings,mobile,3,dark,V10,avif,80,1.0,1170,2532,53603,0.144754,chromium,windows_ocr,ok,0.9514563106796117,"{""0.3"": {""matched"": 26, ""n_gt"": 27, ""n_pred"": 27}, ""0.5"": {""matched"": 26, ""n_gt"": 27, ""n_pred"": 27}, ""0.7"": {""matched"": 26, ""n_gt"": 27, ""n_pred"": 27}}",27,0,0,0.10121910000452772,True,True
m01-settings_dpr3_dark_V11,m01-settings_dpr3_dark,m01-settings,mobile,3,dark,V11,avif,60,1.0,1170,2532,37511,0.101298,chromium,windows_ocr,ok,0.9607843137254902,"{""0.3"": {""matched"": 26, ""n_gt"": 27, ""n_pred"": 26}, ""0.5"": {""matched"": 26, ""n_gt"": 27, ""n_pred"": 26}, ""0.7"": {""matched"": 26, ""n_gt"": 27, ""n_pred"": 26}}",26,0,0,0.10655900003621355,True,True
m01-settings_dpr3_dark_V12,m01-settings_dpr3_dark,m01-settings,mobile,3,dark,V12,png,,0.5,585,1266,138608,1.497231,chromium,windows_ocr,ok,0.9423076923076923,"{""0.3"": {""matched"": 27, ""n_gt"": 27, ""n_pred"": 27}, ""0.5"": {""matched"": 27, ""n_gt"": 27, ""n_pred"": 27}, ""0.7"": {""matched"": 27, ""n_gt"": 27, ""n_pred"": 27}}",27,0,0,0.04041339998366311,True,True
m01-settings_dpr3_dark_V13,m01-settings_dpr3_dark,m01-settings,mobile,3,dark,V13,jpeg,75,0.5,585,1266,52796,0.570297,chromium,windows_ocr,ok,0.970873786407767,"{""0.3"": {""matched"": 27, ""n_gt"": 27, ""n_pred"": 27}, ""0.5"": {""matched"": 27, ""n_gt"": 27, ""n_pred"": 27}, ""0.7"": {""matched"": 27, ""n_gt"": 27, ""n_pred"": 27}}",27,0,0,0.03739519999362528,True,True
m01-settings_dpr3_light_V00,m01-settings_dpr3_light,m01-settings,mobile,3,light,V00,png,,1.0,1170,2532,159695,0.431253,chromium,windows_ocr,ok,0.9514563106796117,"{""0.3"": {""matched"": 26, ""n_gt"": 27, ""n_pred"": 27}, ""0.5"": {""matched"": 26, ""n_gt"": 27, ""n_pred"": 27}, ""0.7"": {""matched"": 26, ""n_gt"": 27, ""n_pred"": 27}}",27,0,0,0.0744700999930501,True,True
m01-settings_dpr3_light_V02,m01-settings_dpr3_light,m01-settings,mobile,3,light,V02,jpeg,95,1.0,1170,2532,262612,0.709178,chromium,windows_ocr,ok,0.9514563106796117,"{""0.3"": {""matched"": 26, ""n_gt"": 27, ""n_pred"": 27}, ""0.5"": {""matched"": 26, ""n_gt"": 27, ""n_pred"": 27}, ""0.7"": {""matched"": 26, ""n_gt"": 27, ""n_pred"": 27}}",27,0,0,0.11347959999693558,True,True
m01-settings_dpr3_light_V03,m01-settings_dpr3_light,m01-settings,mobile,3,light,V03,jpeg,85,1.0,1170,2532,174238,0.470526,chromium,windows_ocr,ok,0.9514563106796117,"{""0.3"": {""matched"": 26, ""n_gt"": 27, ""n_pred"": 27}, ""0.5"": {""matched"": 26, ""n_gt"": 27, ""n_pred"": 27}, ""0.7"": {""matched"": 26, ""n_gt"": 27, ""n_pred"": 27}}",27,0,0,0.11218260001624003,True,True
m01-settings_dpr3_light_V04,m01-settings_dpr3_light,m01-settings,mobile,3,light,V04,jpeg,75,1.0,1170,2532,146034,0.394361,chromium,windows_ocr,ok,0.9607843137254902,"{""0.3"": {""matched"": 26, ""n_gt"": 27, ""n_pred"": 26}, ""0.5"": {""matched"": 26, ""n_gt"": 27, ""n_pred"": 26}, ""0.7"": {""matched"": 26, ""n_gt"": 27, ""n_pred"": 26}}",26,0,0,0.08990479999920353,True,True
m01-settings_dpr3_light_V05,m01-settings_dpr3_light,m01-settings,mobile,3,light,V05,jpeg,60,1.0,1170,2532,121484,0.328065,chromium,windows_ocr,ok,0.9607843137254902,"{""0.3"": {""matched"": 26, ""n_gt"": 27, ""n_pred"": 26}, ""0.5"": {""matched"": 26, ""n_gt"": 27, ""n_pred"": 26}, ""0.7"": {""matched"": 26, ""n_gt"": 27, ""n_pred"": 26}}",26,0,0,0.08415019995300099,True,True
m01-settings_dpr3_light_V06,m01-settings_dpr3_light,m01-settings,mobile,3,light,V06,jpeg,85,1.0,1170,2532,241210,0.651382,chromium,windows_ocr,ok,0.9514563106796117,"{""0.3"": {""matched"": 26, ""n_gt"": 27, ""n_pred"": 27}, ""0.5"": {""matched"": 26, ""n_gt"": 27, ""n_pred"": 27}, ""0.7"": {""matched"": 26, ""n_gt"": 27, ""n_pred"": 27}}",27,0,0,0.11812250001821667,True,True
m01-settings_dpr3_light_V07,m01-settings_dpr3_light,m01-settings,mobile,3,light,V07,webp,90,1.0,1170,2532,91344,0.246672,chromium,windows_ocr,ok,0.9607843137254902,"{""0.3"": {""matched"": 26, ""n_gt"": 27, ""n_pred"": 26}, ""0.5"": {""matched"": 26, ""n_gt"": 27, ""n_pred"": 26}, ""0.7"": {""matched"": 26, ""n_gt"": 27, ""n_pred"": 26}}",26,0,0,0.0947870000381954,True,True
m01-settings_dpr3_light_V08,m01-settings_dpr3_light,m01-settings,mobile,3,light,V08,webp,75,1.0,1170,2532,56674,0.153047,chromium,windows_ocr,ok,0.9411764705882353,"{""0.3"": {""matched"": 26, ""n_gt"": 27, ""n_pred"": 26}, ""0.5"": {""matched"": 26, ""n_gt"": 27, ""n_pred"": 26}, ""0.7"": {""matched"": 26, ""n_gt"": 27, ""n_pred"": 26}}",26,0,0,0.0716973000089638,True,True
m01-settings_dpr3_light_V09,m01-settings_dpr3_light,m01-settings,mobile,3,light,V09,webp,50,1.0,1170,2532,46096,0.124481,chromium,windows_ocr,ok,0.9514563106796117,"{""0.3"": {""matched"": 26, ""n_gt"": 27, ""n_pred"": 27}, ""0.5"": {""matched"": 26, ""n_gt"": 27, ""n_pred"": 27}, ""0.7"": {""matched"": 26, ""n_gt"": 27, ""n_pred"": 27}}",27,0,0,0.06719329999759793,True,True
m01-settings_dpr3_light_V10,m01-settings_dpr3_light,m01-settings,mobile,3,light,V10,avif,80,1.0,1170,2532,54311,0.146666,chromium,windows_ocr,ok,0.9607843137254902,"{""0.3"": {""matched"": 26, ""n_gt"": 27, ""n_pred"": 26}, ""0.5"": {""matched"": 26, ""n_gt"": 27, ""n_pred"": 26}, ""0.7"": {""matched"": 26, ""n_gt"": 27, ""n_pred"": 26}}",26,0,0,0.07029930001590401,True,True
m01-settings_dpr3_light_V11,m01-settings_dpr3_light,m01-settings,mobile,3,light,V11,avif,60,1.0,1170,2532,37751,0.101946,chromium,windows_ocr,ok,0.9514563106796117,"{""0.3"": {""matched"": 26, ""n_gt"": 27, ""n_pred"": 27}, ""0.5"": {""matched"": 26, ""n_gt"": 27, ""n_pred"": 27}, ""0.7"": {""matched"": 26, ""n_gt"": 27, ""n_pred"": 27}}",27,0,0,0.1375102999736555,True,True
m01-settings_dpr3_light_V12,m01-settings_dpr3_light,m01-settings,mobile,3,light,V12,png,,0.5,585,1266,132638,1.432743,chromium,windows_ocr,ok,0.970873786407767,"{""0.3"": {""matched"": 27, ""n_gt"": 27, ""n_pred"": 27}, ""0.5"": {""matched"": 27, ""n_gt"": 27, ""n_pred"": 27}, ""0.7"": {""matched"": 27, ""n_gt"": 27, ""n_pred"": 27}}",27,0,0,0.056525600026361644,True,True
m01-settings_dpr3_light_V13,m01-settings_dpr3_light,m01-settings,mobile,3,light,V13,jpeg,75,0.5,585,1266,52654,0.568764,chromium,windows_ocr,ok,0.970873786407767,"{""0.3"": {""matched"": 27, ""n_gt"": 27, ""n_pred"": 27}, ""0.5"": {""matched"": 27, ""n_gt"": 27, ""n_pred"": 27}, ""0.7"": {""matched"": 27, ""n_gt"": 27, ""n_pred"": 27}}",27,0,0,0.05972930003190413,True,True
m05-chat_dpr1_dark_V00,m05-chat_dpr1_dark,m05-chat,mobile,1,dark,V00,png,,1.0,390,844,48409,1.176546,chromium,windows_ocr,ok,0.795698924731183,"{""0.3"": {""matched"": 25, ""n_gt"": 26, ""n_pred"": 26}, ""0.5"": {""matched"": 24, ""n_gt"": 26, ""n_pred"": 26}, ""0.7"": {""matched"": 23, ""n_gt"": 26, ""n_pred"": 26}}",26,0,1,0.05291969998506829,True,True
m05-chat_dpr1_dark_V02,m05-chat_dpr1_dark,m05-chat,mobile,1,dark,V02,jpeg,95,1.0,390,844,77343,1.879767,chromium,windows_ocr,ok,0.7934782608695652,"{""0.3"": {""matched"": 25, ""n_gt"": 26, ""n_pred"": 26}, ""0.5"": {""matched"": 24, ""n_gt"": 26, ""n_pred"": 26}, ""0.7"": {""matched"": 23, ""n_gt"": 26, ""n_pred"": 26}}",26,0,1,0.043017900025006384,True,True
m05-chat_dpr1_dark_V03,m05-chat_dpr1_dark,m05-chat,mobile,1,dark,V03,jpeg,85,1.0,390,844,48882,1.188042,chromium,windows_ocr,ok,0.8066298342541435,"{""0.3"": {""matched"": 23, ""n_gt"": 26, ""n_pred"": 26}, ""0.5"": {""matched"": 22, ""n_gt"": 26, ""n_pred"": 26}, ""0.7"": {""matched"": 21, ""n_gt"": 26, ""n_pred"": 26}}",26,0,1,0.04719030001433566,True,True
m05-chat_dpr1_dark_V04,m05-chat_dpr1_dark,m05-chat,mobile,1,dark,V04,jpeg,75,1.0,390,844,38233,0.929226,chromium,windows_ocr,ok,0.7624309392265194,"{""0.3"": {""matched"": 24, ""n_gt"": 26, ""n_pred"": 27}, ""0.5"": {""matched"": 24, ""n_gt"": 26, ""n_pred"": 27}, ""0.7"": {""matched"": 23, ""n_gt"": 26, ""n_pred"": 27}}",27,0,1,0.05698539997683838,True,True
m05-chat_dpr1_dark_V05,m05-chat_dpr1_dark,m05-chat,mobile,1,dark,V05,jpeg,60,1.0,390,844,30166,0.733163,chromium,windows_ocr,ok,0.7262569832402235,"{""0.3"": {""matched"": 22, ""n_gt"": 26, ""n_pred"": 26}, ""0.5"": {""matched"": 22, ""n_gt"": 26, ""n_pred"": 26}, ""0.7"": {""matched"": 20, ""n_gt"": 26, ""n_pred"": 26}}",26,0,1,0.05591379996621981,True,True
m05-chat_dpr1_dark_V06,m05-chat_dpr1_dark,m05-chat,mobile,1,dark,V06,jpeg,85,1.0,390,844,67565,1.642119,chromium,windows_ocr,ok,0.8111111111111111,"{""0.3"": {""matched"": 24, ""n_gt"": 26, ""n_pred"": 26}, ""0.5"": {""matched"": 24, ""n_gt"": 26, ""n_pred"": 26}, ""0.7"": {""matched"": 23, ""n_gt"": 26, ""n_pred"": 26}}",26,0,1,0.03232420003041625,True,True
m05-chat_dpr1_dark_V07,m05-chat_dpr1_dark,m05-chat,mobile,1,dark,V07,webp,90,1.0,390,844,33252,0.808166,chromium,windows_ocr,ok,0.8152173913043479,"{""0.3"": {""matched"": 25, ""n_gt"": 26, ""n_pred"": 26}, ""0.5"": {""matched"": 24, ""n_gt"": 26, ""n_pred"": 26}, ""0.7"": {""matched"": 23, ""n_gt"": 26, ""n_pred"": 26}}",26,0,1,0.025988399982452393,True,True
m05-chat_dpr1_dark_V08,m05-chat_dpr1_dark,m05-chat,mobile,1,dark,V08,webp,75,1.0,390,844,21494,0.522396,chromium,windows_ocr,ok,0.8196721311475411,"{""0.3"": {""matched"": 23, ""n_gt"": 26, ""n_pred"": 25}, ""0.5"": {""matched"": 23, ""n_gt"": 26, ""n_pred"": 25}, ""0.7"": {""matched"": 22, ""n_gt"": 26, ""n_pred"": 25}}",25,0,1,0.023077099991496652,True,True
m05-chat_dpr1_dark_V09,m05-chat_dpr1_dark,m05-chat,mobile,1,dark,V09,webp,50,1.0,390,844,17616,0.428144,chromium,windows_ocr,ok,0.797752808988764,"{""0.3"": {""matched"": 23, ""n_gt"": 26, ""n_pred"": 26}, ""0.5"": {""matched"": 23, ""n_gt"": 26, ""n_pred"": 26}, ""0.7"": {""matched"": 22, ""n_gt"": 26, ""n_pred"": 26}}",26,0,1,0.024664600030519068,True,True
m05-chat_dpr1_dark_V10,m05-chat_dpr1_dark,m05-chat,mobile,1,dark,V10,avif,80,1.0,390,844,23583,0.573168,chromium,windows_ocr,ok,0.8152173913043479,"{""0.3"": {""matched"": 25, ""n_gt"": 26, ""n_pred"": 26}, ""0.5"": {""matched"": 24, ""n_gt"": 26, ""n_pred"": 26}, ""0.7"": {""matched"": 23, ""n_gt"": 26, ""n_pred"": 26}}",26,0,1,0.025322399975266308,True,True
m05-chat_dpr1_dark_V11,m05-chat_dpr1_dark,m05-chat,mobile,1,dark,V11,avif,60,1.0,390,844,16639,0.404399,chromium,windows_ocr,ok,0.8369565217391304,"{""0.3"": {""matched"": 25, ""n_gt"": 26, ""n_pred"": 26}, ""0.5"": {""matched"": 24, ""n_gt"": 26, ""n_pred"": 26}, ""0.7"": {""matched"": 24, ""n_gt"": 26, ""n_pred"": 26}}",26,0,1,0.026211699994746596,True,True
m05-chat_dpr1_dark_V12,m05-chat_dpr1_dark,m05-chat,mobile,1,dark,V12,png,,0.5,195,422,44437,4.320039,chromium,windows_ocr,ok,0.0,"{""0.3"": {""matched"": 1, ""n_gt"": 26, ""n_pred"": 1}, ""0.5"": {""matched"": 0, ""n_gt"": 26, ""n_pred"": 1}, ""0.7"": {""matched"": 0, ""n_gt"": 26, ""n_pred"": 1}}",1,0,1,0.01355380000313744,True,True
m05-chat_dpr1_dark_V13,m05-chat_dpr1_dark,m05-chat,mobile,1,dark,V13,jpeg,75,0.5,195,422,12870,1.251185,chromium,windows_ocr,ok,0.0,"{""0.3"": {""matched"": 0, ""n_gt"": 26, ""n_pred"": 0}, ""0.5"": {""matched"": 0, ""n_gt"": 26, ""n_pred"": 0}, ""0.7"": {""matched"": 0, ""n_gt"": 26, ""n_pred"": 0}}",0,0,0,0.027979299949947745,True,True
m05-chat_dpr1_light_V00,m05-chat_dpr1_light,m05-chat,mobile,1,light,V00,png,,1.0,390,844,47470,1.153725,chromium,windows_ocr,ok,0.9347826086956522,"{""0.3"": {""matched"": 25, ""n_gt"": 26, ""n_pred"": 25}, ""0.5"": {""matched"": 25, ""n_gt"": 26, ""n_pred"": 25}, ""0.7"": {""matched"": 25, ""n_gt"": 26, ""n_pred"": 25}}",25,0,1,0.028613100002985448,True,True
m05-chat_dpr1_light_V02,m05-chat_dpr1_light,m05-chat,mobile,1,light,V02,jpeg,95,1.0,390,844,79330,1.928059,chromium,windows_ocr,ok,0.9405405405405406,"{""0.3"": {""matched"": 25, ""n_gt"": 26, ""n_pred"": 25}, ""0.5"": {""matched"": 25, ""n_gt"": 26, ""n_pred"": 25}, ""0.7"": {""matched"": 25, ""n_gt"": 26, ""n_pred"": 25}}",25,0,1,0.02482430002419278,True,True
m05-chat_dpr1_light_V03,m05-chat_dpr1_light,m05-chat,mobile,1,light,V03,jpeg,85,1.0,390,844,50229,1.22078,chromium,windows_ocr,ok,0.9513513513513513,"{""0.3"": {""matched"": 25, ""n_gt"": 26, ""n_pred"": 25}, ""0.5"": {""matched"": 25, ""n_gt"": 26, ""n_pred"": 25}, ""0.7"": {""matched"": 25, ""n_gt"": 26, ""n_pred"": 25}}",25,0,1,0.029196000017691404,True,True
m05-chat_dpr1_light_V04,m05-chat_dpr1_light,m05-chat,mobile,1,light,V04,jpeg,75,1.0,390,844,39032,0.948645,chromium,windows_ocr,ok,0.9289617486338798,"{""0.3"": {""matched"": 24, ""n_gt"": 26, ""n_pred"": 24}, ""0.5"": {""matched"": 24, ""n_gt"": 26, ""n_pred"": 24}, ""0.7"": {""matched"": 24, ""n_gt"": 26, ""n_pred"": 24}}",24,0,1,0.04764800000702962,True,True
m05-chat_dpr1_light_V05,m05-chat_dpr1_light,m05-chat,mobile,1,light,V05,jpeg,60,1.0,390,844,31107,0.756034,chromium,windows_ocr,ok,0.9347826086956522,"{""0.3"": {""matched"": 24, ""n_gt"": 26, ""n_pred"": 24}, ""0.5"": {""matched"": 24, ""n_gt"": 26, ""n_pred"": 24}, ""0.7"": {""matched"": 24, ""n_gt"": 26, ""n_pred"": 24}}",24,0,1,0.03950060001807287,True,True
m05-chat_dpr1_light_V06,m05-chat_dpr1_light,m05-chat,mobile,1,light,V06,jpeg,85,1.0,390,844,70736,1.719188,chromium,windows_ocr,ok,0.9565217391304347,"{""0.3"": {""matched"": 24, ""n_gt"": 26, ""n_pred"": 24}, ""0.5"": {""matched"": 24, ""n_gt"": 26, ""n_pred"": 24}, ""0.7"": {""matched"": 24, ""n_gt"": 26, ""n_pred"": 24}}",24,0,1,0.026669999992009252,True,True
m05-chat_dpr1_light_V07,m05-chat_dpr1_light,m05-chat,mobile,1,light,V07,webp,90,1.0,390,844,34446,0.837186,chromium,windows_ocr,ok,0.9139784946236559,"{""0.3"": {""matched"": 25, ""n_gt"": 26, ""n_pred"": 25}, ""0.5"": {""matched"": 25, ""n_gt"": 26, ""n_pred"": 25}, ""0.7"": {""matched"": 25, ""n_gt"": 26, ""n_pred"": 25}}",25,0,1,0.055489599995780736,True,True
m05-chat_dpr1_light_V08,m05-chat_dpr1_light,m05-chat,mobile,1,light,V08,webp,75,1.0,390,844,22722,0.552242,chromium,windows_ocr,ok,0.9347826086956522,"{""0.3"": {""matched"": 24, ""n_gt"": 26, ""n_pred"": 24}, ""0.5"": {""matched"": 24, ""n_gt"": 26, ""n_pred"": 24}, ""0.7"": {""matched"": 24, ""n_gt"": 26, ""n_pred"": 24}}",24,0,1,0.03369890002068132,True,True
m05-chat_dpr1_light_V09,m05-chat_dpr1_light,m05-chat,mobile,1,light,V09,webp,50,1.0,390,844,18592,0.451865,chromium,windows_ocr,ok,0.9347826086956522,"{""0.3"": {""matched"": 24, ""n_gt"": 26, ""n_pred"": 24}, ""0.5"": {""matched"": 24, ""n_gt"": 26, ""n_pred"": 24}, ""0.7"": {""matched"": 24, ""n_gt"": 26, ""n_pred"": 24}}",24,0,1,0.0473028999986127,True,True
m05-chat_dpr1_light_V10,m05-chat_dpr1_light,m05-chat,mobile,1,light,V10,avif,80,1.0,390,844,23933,0.581675,chromium,windows_ocr,ok,0.935483870967742,"{""0.3"": {""matched"": 25, ""n_gt"": 26, ""n_pred"": 25}, ""0.5"": {""matched"": 25, ""n_gt"": 26, ""n_pred"": 25}, ""0.7"": {""matched"": 25, ""n_gt"": 26, ""n_pred"": 25}}",25,0,1,0.03931309998733923,True,True
m05-chat_dpr1_light_V11,m05-chat_dpr1_light,m05-chat,mobile,1,light,V11,avif,60,1.0,390,844,16979,0.412663,chromium,windows_ocr,ok,0.907103825136612,"{""0.3"": {""matched"": 25, ""n_gt"": 26, ""n_pred"": 25}, ""0.5"": {""matched"": 25, ""n_gt"": 26, ""n_pred"": 25}, ""0.7"": {""matched"": 25, ""n_gt"": 26, ""n_pred"": 25}}",25,0,1,0.038857200008351356,True,True
m05-chat_dpr1_light_V12,m05-chat_dpr1_light,m05-chat,mobile,1,light,V12,png,,0.5,195,422,42669,4.148159,chromium,windows_ocr,ok,0.0,"{""0.3"": {""matched"": 1, ""n_gt"": 26, ""n_pred"": 2}, ""0.5"": {""matched"": 0, ""n_gt"": 26, ""n_pred"": 2}, ""0.7"": {""matched"": 0, ""n_gt"": 26, ""n_pred"": 2}}",2,0,0,0.019858899991959333,True,True
m05-chat_dpr1_light_V13,m05-chat_dpr1_light,m05-chat,mobile,1,light,V13,jpeg,75,0.5,195,422,13076,1.271212,chromium,windows_ocr,ok,0.0,"{""0.3"": {""matched"": 1, ""n_gt"": 26, ""n_pred"": 2}, ""0.5"": {""matched"": 0, ""n_gt"": 26, ""n_pred"": 2}, ""0.7"": {""matched"": 0, ""n_gt"": 26, ""n_pred"": 2}}",2,0,0,0.02056330000050366,True,True
m05-chat_dpr2_dark_V00,m05-chat_dpr2_dark,m05-chat,mobile,2,dark,V00,png,,1.0,780,1688,124765,0.758081,chromium,windows_ocr,ok,0.9621621621621622,"{""0.3"": {""matched"": 25, ""n_gt"": 26, ""n_pred"": 25}, ""0.5"": {""matched"": 25, ""n_gt"": 26, ""n_pred"": 25}, ""0.7"": {""matched"": 25, ""n_gt"": 26, ""n_pred"": 25}}",25,0,1,0.05664630001410842,True,True
m05-chat_dpr2_dark_V02,m05-chat_dpr2_dark,m05-chat,mobile,2,dark,V02,jpeg,95,1.0,780,1688,190795,1.159284,chromium,windows_ocr,ok,0.9513513513513513,"{""0.3"": {""matched"": 25, ""n_gt"": 26, ""n_pred"": 25}, ""0.5"": {""matched"": 25, ""n_gt"": 26, ""n_pred"": 25}, ""0.7"": {""matched"": 25, ""n_gt"": 26, ""n_pred"": 25}}",25,0,1,0.055409599968697876,True,True
m05-chat_dpr2_dark_V03,m05-chat_dpr2_dark,m05-chat,mobile,2,dark,V03,jpeg,85,1.0,780,1688,121021,0.735332,chromium,windows_ocr,ok,0.9621621621621622,"{""0.3"": {""matched"": 25, ""n_gt"": 26, ""n_pred"": 25}, ""0.5"": {""matched"": 25, ""n_gt"": 26, ""n_pred"": 25}, ""0.7"": {""matched"": 25, ""n_gt"": 26, ""n_pred"": 25}}",25,0,1,0.04545570001937449,True,True
m05-chat_dpr2_dark_V04,m05-chat_dpr2_dark,m05-chat,mobile,2,dark,V04,jpeg,75,1.0,780,1688,95649,0.58117,chromium,windows_ocr,ok,0.9462365591397849,"{""0.3"": {""matched"": 25, ""n_gt"": 26, ""n_pred"": 25}, ""0.5"": {""matched"": 25, ""n_gt"": 26, ""n_pred"": 25}, ""0.7"": {""matched"": 25, ""n_gt"": 26, ""n_pred"": 25}}",25,0,1,0.05314520001411438,True,True
m05-chat_dpr2_dark_V05,m05-chat_dpr2_dark,m05-chat,mobile,2,dark,V05,jpeg,60,1.0,780,1688,78417,0.476467,chromium,windows_ocr,ok,0.9513513513513513,"{""0.3"": {""matched"": 25, ""n_gt"": 26, ""n_pred"": 25}, ""0.5"": {""matched"": 25, ""n_gt"": 26, ""n_pred"": 25}, ""0.7"": {""matched"": 25, ""n_gt"": 26, ""n_pred"": 25}}",25,0,1,0.057503099960740656,True,True
m05-chat_dpr2_dark_V06,m05-chat_dpr2_dark,m05-chat,mobile,2,dark,V06,jpeg,85,1.0,780,1688,167702,1.018969,chromium,windows_ocr,ok,0.9513513513513513,"{""0.3"": {""matched"": 25, ""n_gt"": 26, ""n_pred"": 25}, ""0.5"": {""matched"": 25, ""n_gt"": 26, ""n_pred"": 25}, ""0.7"": {""matched"": 25, ""n_gt"": 26, ""n_pred"": 25}}",25,0,1,0.06149300001561642,True,True
m05-chat_dpr2_dark_V07,m05-chat_dpr2_dark,m05-chat,mobile,2,dark,V07,webp,90,1.0,780,1688,80064,0.486475,chromium,windows_ocr,ok,0.9621621621621622,"{""0.3"": {""matched"": 25, ""n_gt"": 26, ""n_pred"": 25}, ""0.5"": {""matched"": 25, ""n_gt"": 26, ""n_pred"": 25}, ""0.7"": {""matched"": 25, ""n_gt"": 26, ""n_pred"": 25}}",25,0,1,0.06354509998345748,True,True
m05-chat_dpr2_dark_V08,m05-chat_dpr2_dark,m05-chat,mobile,2,dark,V08,webp,75,1.0,780,1688,50838,0.308895,chromium,windows_ocr,ok,0.9513513513513513,"{""0.3"": {""matched"": 25, ""n_gt"": 26, ""n_pred"": 25}, ""0.5"": {""matched"": 25, ""n_gt"": 26, ""n_pred"": 25}, ""0.7"": {""matched"": 25, ""n_gt"": 26, ""n_pred"": 25}}",25,0,1,0.04810620000353083,True,True
m05-chat_dpr2_dark_V09,m05-chat_dpr2_dark,m05-chat,mobile,2,dark,V09,webp,50,1.0,780,1688,41130,0.249909,chromium,windows_ocr,ok,0.9621621621621622,"{""0.3"": {""matched"": 25, ""n_gt"": 26, ""n_pred"": 25}, ""0.5"": {""matched"": 25, ""n_gt"": 26, ""n_pred"": 25}, ""0.7"": {""matched"": 25, ""n_gt"": 26, ""n_pred"": 25}}",25,0,1,0.06793560000369325,True,True
m05-chat_dpr2_dark_V10,m05-chat_dpr2_dark,m05-chat,mobile,2,dark,V10,avif,80,1.0,780,1688,50657,0.307796,chromium,windows_ocr,ok,0.9625668449197862,"{""0.3"": {""matched"": 26, ""n_gt"": 26, ""n_pred"": 26}, ""0.5"": {""matched"": 26, ""n_gt"": 26, ""n_pred"": 26}, ""0.7"": {""matched"": 26, ""n_gt"": 26, ""n_pred"": 26}}",26,0,1,0.07224339997628704,True,True
m05-chat_dpr2_dark_V11,m05-chat_dpr2_dark,m05-chat,mobile,2,dark,V11,avif,60,1.0,780,1688,35339,0.214722,chromium,windows_ocr,ok,0.9518716577540107,"{""0.3"": {""matched"": 26, ""n_gt"": 26, ""n_pred"": 26}, ""0.5"": {""matched"": 26, ""n_gt"": 26, ""n_pred"": 26}, ""0.7"": {""matched"": 26, ""n_gt"": 26, ""n_pred"": 26}}",26,0,1,0.09803900000406429,True,True
m05-chat_dpr2_dark_V12,m05-chat_dpr2_dark,m05-chat,mobile,2,dark,V12,png,,0.5,390,844,93291,2.267371,chromium,windows_ocr,ok,0.8571428571428571,"{""0.3"": {""matched"": 25, ""n_gt"": 26, ""n_pred"": 27}, ""0.5"": {""matched"": 24, ""n_gt"": 26, ""n_pred"": 27}, ""0.7"": {""matched"": 22, ""n_gt"": 26, ""n_pred"": 27}}",27,0,1,0.026661699987016618,True,True
m05-chat_dpr2_dark_V13,m05-chat_dpr2_dark,m05-chat,mobile,2,dark,V13,jpeg,75,0.5,390,844,38252,0.929688,chromium,windows_ocr,ok,0.8044692737430168,"{""0.3"": {""matched"": 25, ""n_gt"": 26, ""n_pred"": 25}, ""0.5"": {""matched"": 25, ""n_gt"": 26, ""n_pred"": 25}, ""0.7"": {""matched"": 24, ""n_gt"": 26, ""n_pred"": 25}}",25,0,1,0.035442400025203824,True,True
m05-chat_dpr2_light_V00,m05-chat_dpr2_light,m05-chat,mobile,2,light,V00,png,,1.0,780,1688,123094,0.747928,chromium,windows_ocr,ok,0.9625668449197862,"{""0.3"": {""matched"": 26, ""n_gt"": 26, ""n_pred"": 26}, ""0.5"": {""matched"": 26, ""n_gt"": 26, ""n_pred"": 26}, ""0.7"": {""matched"": 26, ""n_gt"": 26, ""n_pred"": 26}}",26,0,1,0.08166699996218085,True,True
m05-chat_dpr2_light_V02,m05-chat_dpr2_light,m05-chat,mobile,2,light,V02,jpeg,95,1.0,780,1688,196897,1.19636,chromium,windows_ocr,ok,0.9625668449197862,"{""0.3"": {""matched"": 26, ""n_gt"": 26, ""n_pred"": 26}, ""0.5"": {""matched"": 26, ""n_gt"": 26, ""n_pred"": 26}, ""0.7"": {""matched"": 26, ""n_gt"": 26, ""n_pred"": 26}}",26,0,1,0.06195340002886951,True,True
m05-chat_dpr2_light_V03,m05-chat_dpr2_light,m05-chat,mobile,2,light,V03,jpeg,85,1.0,780,1688,124872,0.758731,chromium,windows_ocr,ok,0.9518716577540107,"{""0.3"": {""matched"": 26, ""n_gt"": 26, ""n_pred"": 26}, ""0.5"": {""matched"": 26, ""n_gt"": 26, ""n_pred"": 26}, ""0.7"": {""matched"": 26, ""n_gt"": 26, ""n_pred"": 26}}",26,0,1,0.04146720003336668,True,True
m05-chat_dpr2_light_V04,m05-chat_dpr2_light,m05-chat,mobile,2,light,V04,jpeg,75,1.0,780,1688,98751,0.600018,chromium,windows_ocr,ok,0.9625668449197862,"{""0.3"": {""matched"": 26, ""n_gt"": 26, ""n_pred"": 26}, ""0.5"": {""matched"": 26, ""n_gt"": 26, ""n_pred"": 26}, ""0.7"": {""matched"": 26, ""n_gt"": 26, ""n_pred"": 26}}",26,0,1,0.041377699992153794,True,True
m05-chat_dpr2_light_V05,m05-chat_dpr2_light,m05-chat,mobile,2,light,V05,jpeg,60,1.0,780,1688,80945,0.491828,chromium,windows_ocr,ok,0.9621621621621622,"{""0.3"": {""matched"": 25, ""n_gt"": 26, ""n_pred"": 25}, ""0.5"": {""matched"": 25, ""n_gt"": 26, ""n_pred"": 25}, ""0.7"": {""matched"": 25, ""n_gt"": 26, ""n_pred"": 25}}",25,0,1,0.03960640000877902,True,True
m05-chat_dpr2_light_V06,m05-chat_dpr2_light,m05-chat,mobile,2,light,V06,jpeg,85,1.0,780,1688,175156,1.064261,chromium,windows_ocr,ok,0.9625668449197862,"{""0.3"": {""matched"": 26, ""n_gt"": 26, ""n_pred"": 26}, ""0.5"": {""matched"": 26, ""n_gt"": 26, ""n_pred"": 26}, ""0.7"": {""matched"": 26, ""n_gt"": 26, ""n_pred"": 26}}",26,0,1,0.04031500004930422,True,True
m05-chat_dpr2_light_V07,m05-chat_dpr2_light,m05-chat,mobile,2,light,V07,webp,90,1.0,780,1688,83430,0.506927,chromium,windows_ocr,ok,0.9625668449197862,"{""0.3"": {""matched"": 26, ""n_gt"": 26, ""n_pred"": 26}, ""0.5"": {""matched"": 26, ""n_gt"": 26, ""n_pred"": 26}, ""0.7"": {""matched"": 26, ""n_gt"": 26, ""n_pred"": 26}}",26,0,1,0.043654499982949346,True,True
m05-chat_dpr2_light_V08,m05-chat_dpr2_light,m05-chat,mobile,2,light,V08,webp,75,1.0,780,1688,53676,0.326139,chromium,windows_ocr,ok,0.9625668449197862,"{""0.3"": {""matched"": 26, ""n_gt"": 26, ""n_pred"": 26}, ""0.5"": {""matched"": 26, ""n_gt"": 26, ""n_pred"": 26}, ""0.7"": {""matched"": 26, ""n_gt"": 26, ""n_pred"": 26}}",26,0,1,0.04165239998837933,True,True
m05-chat_dpr2_light_V09,m05-chat_dpr2_light,m05-chat,mobile,2,light,V09,webp,50,1.0,780,1688,43970,0.267165,chromium,windows_ocr,ok,0.9625668449197862,"{""0.3"": {""matched"": 26, ""n_gt"": 26, ""n_pred"": 26}, ""0.5"": {""matched"": 26, ""n_gt"": 26, ""n_pred"": 26}, ""0.7"": {""matched"": 26, ""n_gt"": 26, ""n_pred"": 26}}",26,0,1,0.04166869999608025,True,True
m05-chat_dpr2_light_V10,m05-chat_dpr2_light,m05-chat,mobile,2,light,V10,avif,80,1.0,780,1688,51376,0.312164,chromium,windows_ocr,ok,0.9625668449197862,"{""0.3"": {""matched"": 26, ""n_gt"": 26, ""n_pred"": 26}, ""0.5"": {""matched"": 26, ""n_gt"": 26, ""n_pred"": 26}, ""0.7"": {""matched"": 26, ""n_gt"": 26, ""n_pred"": 26}}",26,0,1,0.04125350003596395,True,True
m05-chat_dpr2_light_V11,m05-chat_dpr2_light,m05-chat,mobile,2,light,V11,avif,60,1.0,780,1688,36025,0.218891,chromium,windows_ocr,ok,0.9625668449197862,"{""0.3"": {""matched"": 26, ""n_gt"": 26, ""n_pred"": 26}, ""0.5"": {""matched"": 26, ""n_gt"": 26, ""n_pred"": 26}, ""0.7"": {""matched"": 26, ""n_gt"": 26, ""n_pred"": 26}}",26,0,1,0.03994069999316707,True,True
m05-chat_dpr2_light_V12,m05-chat_dpr2_light,m05-chat,mobile,2,light,V12,png,,0.5,390,844,89958,2.186365,chromium,windows_ocr,ok,0.9621621621621622,"{""0.3"": {""matched"": 25, ""n_gt"": 26, ""n_pred"": 25}, ""0.5"": {""matched"": 25, ""n_gt"": 26, ""n_pred"": 25}, ""0.7"": {""matched"": 25, ""n_gt"": 26, ""n_pred"": 25}}",25,0,1,0.031029700010549277,True,True
m05-chat_dpr2_light_V13,m05-chat_dpr2_light,m05-chat,mobile,2,light,V13,jpeg,75,0.5,390,844,39582,0.962012,chromium,windows_ocr,ok,0.9565217391304347,"{""0.3"": {""matched"": 25, ""n_gt"": 26, ""n_pred"": 25}, ""0.5"": {""matched"": 25, ""n_gt"": 26, ""n_pred"": 25}, ""0.7"": {""matched"": 25, ""n_gt"": 26, ""n_pred"": 25}}",25,0,1,0.02480919996742159,True,True
m05-chat_dpr3_dark_V00,m05-chat_dpr3_dark,m05-chat,mobile,3,dark,V00,png,,1.0,1170,2532,193687,0.523047,chromium,windows_ocr,ok,0.956989247311828,"{""0.3"": {""matched"": 26, ""n_gt"": 26, ""n_pred"": 26}, ""0.5"": {""matched"": 26, ""n_gt"": 26, ""n_pred"": 26}, ""0.7"": {""matched"": 26, ""n_gt"": 26, ""n_pred"": 26}}",26,0,1,0.06849619996501133,True,True
m05-chat_dpr3_dark_V02,m05-chat_dpr3_dark,m05-chat,mobile,3,dark,V02,jpeg,95,1.0,1170,2532,342688,0.925421,chromium,windows_ocr,ok,0.956989247311828,"{""0.3"": {""matched"": 26, ""n_gt"": 26, ""n_pred"": 26}, ""0.5"": {""matched"": 26, ""n_gt"": 26, ""n_pred"": 26}, ""0.7"": {""matched"": 26, ""n_gt"": 26, ""n_pred"": 26}}",26,0,1,0.07340069999918342,True,True
m05-chat_dpr3_dark_V03,m05-chat_dpr3_dark,m05-chat,mobile,3,dark,V03,jpeg,85,1.0,1170,2532,222286,0.600278,chromium,windows_ocr,ok,0.9462365591397849,"{""0.3"": {""matched"": 26, ""n_gt"": 26, ""n_pred"": 26}, ""0.5"": {""matched"": 26, ""n_gt"": 26, ""n_pred"": 26}, ""0.7"": {""matched"": 26, ""n_gt"": 26, ""n_pred"": 26}}",26,0,1,0.07184589997632429,True,True
m05-chat_dpr3_dark_V04,m05-chat_dpr3_dark,m05-chat,mobile,3,dark,V04,jpeg,75,1.0,1170,2532,180398,0.487161,chromium,windows_ocr,ok,0.956989247311828,"{""0.3"": {""matched"": 26, ""n_gt"": 26, ""n_pred"": 26}, ""0.5"": {""matched"": 26, ""n_gt"": 26, ""n_pred"": 26}, ""0.7"": {""matched"": 26, ""n_gt"": 26, ""n_pred"": 26}}",26,0,1,0.11121449997881427,True,True
m05-chat_dpr3_dark_V05,m05-chat_dpr3_dark,m05-chat,mobile,3,dark,V05,jpeg,60,1.0,1170,2532,149063,0.402541,chromium,windows_ocr,ok,0.967741935483871,"{""0.3"": {""matched"": 26, ""n_gt"": 26, ""n_pred"": 26}, ""0.5"": {""matched"": 26, ""n_gt"": 26, ""n_pred"": 26}, ""0.7"": {""matched"": 26, ""n_gt"": 26, ""n_pred"": 26}}",26,0,1,0.0747241000062786,True,True
m05-chat_dpr3_dark_V06,m05-chat_dpr3_dark,m05-chat,mobile,3,dark,V06,jpeg,85,1.0,1170,2532,310547,0.838625,chromium,windows_ocr,ok,0.9462365591397849,"{""0.3"": {""matched"": 26, ""n_gt"": 26, ""n_pred"": 26}, ""0.5"": {""matched"": 26, ""n_gt"": 26, ""n_pred"": 26}, ""0.7"": {""matched"": 26, ""n_gt"": 26, ""n_pred"": 26}}",26,0,1,0.07157800003187731,True,True
m05-chat_dpr3_dark_V07,m05-chat_dpr3_dark,m05-chat,mobile,3,dark,V07,webp,90,1.0,1170,2532,128572,0.347206,chromium,windows_ocr,ok,0.956989247311828,"{""0.3"": {""matched"": 26, ""n_gt"": 26, ""n_pred"": 26}, ""0.5"": {""matched"": 26, ""n_gt"": 26, ""n_pred"": 26}, ""0.7"": {""matched"": 26, ""n_gt"": 26, ""n_pred"": 26}}",26,0,1,0.0949539000284858,True,True
m05-chat_dpr3_dark_V08,m05-chat_dpr3_dark,m05-chat,mobile,3,dark,V08,webp,75,1.0,1170,2532,80086,0.21627,chromium,windows_ocr,ok,0.967741935483871,"{""0.3"": {""matched"": 26, ""n_gt"": 26, ""n_pred"": 26}, ""0.5"": {""matched"": 26, ""n_gt"": 26, ""n_pred"": 26}, ""0.7"": {""matched"": 26, ""n_gt"": 26, ""n_pred"": 26}}",26,0,1,0.07220160000724718,True,True
m05-chat_dpr3_dark_V09,m05-chat_dpr3_dark,m05-chat,mobile,3,dark,V09,webp,50,1.0,1170,2532,64852,0.175131,chromium,windows_ocr,ok,0.956989247311828,"{""0.3"": {""matched"": 26, ""n_gt"": 26, ""n_pred"": 26}, ""0.5"": {""matched"": 26, ""n_gt"": 26, ""n_pred"": 26}, ""0.7"": {""matched"": 26, ""n_gt"": 26, ""n_pred"": 26}}",26,0,1,0.0860924000153318,True,True
m05-chat_dpr3_dark_V10,m05-chat_dpr3_dark,m05-chat,mobile,3,dark,V10,avif,80,1.0,1170,2532,76440,0.206424,chromium,windows_ocr,ok,0.956989247311828,"{""0.3"": {""matched"": 26, ""n_gt"": 26, ""n_pred"": 26}, ""0.5"": {""matched"": 26, ""n_gt"": 26, ""n_pred"": 26}, ""0.7"": {""matched"": 26, ""n_gt"": 26, ""n_pred"": 26}}",26,0,1,0.07945290004136041,True,True
m05-chat_dpr3_dark_V11,m05-chat_dpr3_dark,m05-chat,mobile,3,dark,V11,avif,60,1.0,1170,2532,52822,0.142645,chromium,windows_ocr,ok,0.9462365591397849,"{""0.3"": {""matched"": 26, ""n_gt"": 26, ""n_pred"": 26}, ""0.5"": {""matched"": 26, ""n_gt"": 26, ""n_pred"": 26}, ""0.7"": {""matched"": 26, ""n_gt"": 26, ""n_pred"": 26}}",26,0,1,0.07975110004190356,True,True
m05-chat_dpr3_dark_V12,m05-chat_dpr3_dark,m05-chat,mobile,3,dark,V12,png,,0.5,585,1266,175279,1.893347,chromium,windows_ocr,ok,0.9157894736842105,"{""0.3"": {""matched"": 26, ""n_gt"": 26, ""n_pred"": 26}, ""0.5"": {""matched"": 26, ""n_gt"": 26, ""n_pred"": 26}, ""0.7"": {""matched"": 26, ""n_gt"": 26, ""n_pred"": 26}}",26,0,1,0.030353899986948818,True,True
m05-chat_dpr3_dark_V13,m05-chat_dpr3_dark,m05-chat,mobile,3,dark,V13,jpeg,75,0.5,585,1266,67116,0.724981,chromium,windows_ocr,ok,0.9361702127659575,"{""0.3"": {""matched"": 26, ""n_gt"": 26, ""n_pred"": 26}, ""0.5"": {""matched"": 26, ""n_gt"": 26, ""n_pred"": 26}, ""0.7"": {""matched"": 26, ""n_gt"": 26, ""n_pred"": 26}}",26,0,1,0.030836199992336333,True,True
m05-chat_dpr3_light_V00,m05-chat_dpr3_light,m05-chat,mobile,3,light,V00,png,,1.0,1170,2532,191237,0.516431,chromium,windows_ocr,ok,0.9462365591397849,"{""0.3"": {""matched"": 26, ""n_gt"": 26, ""n_pred"": 26}, ""0.5"": {""matched"": 26, ""n_gt"": 26, ""n_pred"": 26}, ""0.7"": {""matched"": 26, ""n_gt"": 26, ""n_pred"": 26}}",26,0,1,0.07736860000295565,True,True
m05-chat_dpr3_light_V02,m05-chat_dpr3_light,m05-chat,mobile,3,light,V02,jpeg,95,1.0,1170,2532,352533,0.952007,chromium,windows_ocr,ok,0.956989247311828,"{""0.3"": {""matched"": 26, ""n_gt"": 26, ""n_pred"": 26}, ""0.5"": {""matched"": 26, ""n_gt"": 26, ""n_pred"": 26}, ""0.7"": {""matched"": 26, ""n_gt"": 26, ""n_pred"": 26}}",26,0,1,0.09833750000689179,True,True
m05-chat_dpr3_light_V03,m05-chat_dpr3_light,m05-chat,mobile,3,light,V03,jpeg,85,1.0,1170,2532,228871,0.618061,chromium,windows_ocr,ok,0.9518716577540107,"{""0.3"": {""matched"": 26, ""n_gt"": 26, ""n_pred"": 26}, ""0.5"": {""matched"": 26, ""n_gt"": 26, ""n_pred"": 26}, ""0.7"": {""matched"": 26, ""n_gt"": 26, ""n_pred"": 26}}",26,0,1,0.08901809999952093,True,True
m05-chat_dpr3_light_V04,m05-chat_dpr3_light,m05-chat,mobile,3,light,V04,jpeg,75,1.0,1170,2532,184827,0.499121,chromium,windows_ocr,ok,0.9518716577540107,"{""0.3"": {""matched"": 26, ""n_gt"": 26, ""n_pred"": 26}, ""0.5"": {""matched"": 26, ""n_gt"": 26, ""n_pred"": 26}, ""0.7"": {""matched"": 26, ""n_gt"": 26, ""n_pred"": 26}}",26,0,1,0.10424940002849326,True,True
m05-chat_dpr3_light_V05,m05-chat_dpr3_light,m05-chat,mobile,3,light,V05,jpeg,60,1.0,1170,2532,153852,0.415474,chromium,windows_ocr,ok,0.9625668449197862,"{""0.3"": {""matched"": 26, ""n_gt"": 26, ""n_pred"": 26}, ""0.5"": {""matched"": 26, ""n_gt"": 26, ""n_pred"": 26}, ""0.7"": {""matched"": 26, ""n_gt"": 26, ""n_pred"": 26}}",26,0,1,0.07727190002333373,True,True
m05-chat_dpr3_light_V06,m05-chat_dpr3_light,m05-chat,mobile,3,light,V06,jpeg,85,1.0,1170,2532,323570,0.873793,chromium,windows_ocr,ok,0.9411764705882354,"{""0.3"": {""matched"": 26, ""n_gt"": 26, ""n_pred"": 26}, ""0.5"": {""matched"": 26, ""n_gt"": 26, ""n_pred"": 26}, ""0.7"": {""matched"": 26, ""n_gt"": 26, ""n_pred"": 26}}",26,0,1,0.07857419998617843,True,True
m05-chat_dpr3_light_V07,m05-chat_dpr3_light,m05-chat,mobile,3,light,V07,webp,90,1.0,1170,2532,134100,0.362134,chromium,windows_ocr,ok,0.9518716577540107,"{""0.3"": {""matched"": 26, ""n_gt"": 26, ""n_pred"": 26}, ""0.5"": {""matched"": 26, ""n_gt"": 26, ""n_pred"": 26}, ""0.7"": {""matched"": 26, ""n_gt"": 26, ""n_pred"": 26}}",26,0,1,0.0965487000066787,True,True
m05-chat_dpr3_light_V08,m05-chat_dpr3_light,m05-chat,mobile,3,light,V08,webp,75,1.0,1170,2532,84860,0.229162,chromium,windows_ocr,ok,0.9625668449197862,"{""0.3"": {""matched"": 26, ""n_gt"": 26, ""n_pred"": 26}, ""0.5"": {""matched"": 26, ""n_gt"": 26, ""n_pred"": 26}, ""0.7"": {""matched"": 26, ""n_gt"": 26, ""n_pred"": 26}}",26,0,1,0.07345209998311475,True,True
m05-chat_dpr3_light_V09,m05-chat_dpr3_light,m05-chat,mobile,3,light,V09,webp,50,1.0,1170,2532,69628,0.188029,chromium,windows_ocr,ok,0.9518716577540107,"{""0.3"": {""matched"": 26, ""n_gt"": 26, ""n_pred"": 26}, ""0.5"": {""matched"": 26, ""n_gt"": 26, ""n_pred"": 26}, ""0.7"": {""matched"": 26, ""n_gt"": 26, ""n_pred"": 26}}",26,0,1,0.10573690000455827,True,True
m05-chat_dpr3_light_V10,m05-chat_dpr3_light,m05-chat,mobile,3,light,V10,avif,80,1.0,1170,2532,77697,0.209819,chromium,windows_ocr,ok,0.956989247311828,"{""0.3"": {""matched"": 26, ""n_gt"": 26, ""n_pred"": 26}, ""0.5"": {""matched"": 26, ""n_gt"": 26, ""n_pred"": 26}, ""0.7"": {""matched"": 26, ""n_gt"": 26, ""n_pred"": 26}}",26,0,1,0.08214649994624779,True,True
m05-chat_dpr3_light_V11,m05-chat_dpr3_light,m05-chat,mobile,3,light,V11,avif,60,1.0,1170,2532,53869,0.145472,chromium,windows_ocr,ok,0.956989247311828,"{""0.3"": {""matched"": 26, ""n_gt"": 26, ""n_pred"": 26}, ""0.5"": {""matched"": 26, ""n_gt"": 26, ""n_pred"": 26}, ""0.7"": {""matched"": 26, ""n_gt"": 26, ""n_pred"": 26}}",26,0,1,0.0778334999922663,True,True
m05-chat_dpr3_light_V12,m05-chat_dpr3_light,m05-chat,mobile,3,light,V12,png,,0.5,585,1266,169956,1.835849,chromium,windows_ocr,ok,0.9468085106382979,"{""0.3"": {""matched"": 26, ""n_gt"": 26, ""n_pred"": 26}, ""0.5"": {""matched"": 26, ""n_gt"": 26, ""n_pred"": 26}, ""0.7"": {""matched"": 26, ""n_gt"": 26, ""n_pred"": 26}}",26,0,1,0.031128800008445978,True,True
m05-chat_dpr3_light_V13,m05-chat_dpr3_light,m05-chat,mobile,3,light,V13,jpeg,75,0.5,585,1266,69221,0.747719,chromium,windows_ocr,ok,0.9197860962566845,"{""0.3"": {""matched"": 25, ""n_gt"": 26, ""n_pred"": 25}, ""0.5"": {""matched"": 25, ""n_gt"": 26, ""n_pred"": 25}, ""0.7"": {""matched"": 25, ""n_gt"": 26, ""n_pred"": 25}}",25,0,1,0.03199789999052882,True,True
